customer_id,tenure,monthly_charges,total_charges,contract,usage_frequency,support_tickets,engagement_score,last_activity_days,churn,cluster,segment_name
CUS-000001,52,41.01,2095.47,Month-to-month,Medium,0,72,7,0,2,Mid Value / Moderate
CUS-000002,15,35.39,508.18,Month-to-month,Low,6,93,25,1,0,High Value / Loyal
CUS-000003,61,118.89,7532.05,One year,Medium,8,78,50,1,1,Low Value / Dormant
CUS-000004,21,140.58,2856.0,One year,Medium,7,75,35,1,0,High Value / Loyal
CUS-000005,24,79.58,1934.68,Two year,Low,3,30,10,1,3,New / At-Risk
CUS-000006,3,105.73,321.75,One year,Medium,4,97,2,1,0,High Value / Loyal
CUS-000007,22,138.88,2988.48,Month-to-month,High,2,34,59,1,3,New / At-Risk
CUS-000008,53,31.71,1762.52,Two year,Medium,9,39,29,0,2,Mid Value / Moderate
CUS-000009,2,120.16,229.85,Two year,High,9,49,17,1,3,New / At-Risk
CUS-000010,30,100.19,3038.01,Month-to-month,High,1,5,16,1,3,New / At-Risk
CUS-000011,38,97.82,3709.66,Month-to-month,Low,2,43,50,1,1,Low Value / Dormant
CUS-000012,2,58.03,113.11,Month-to-month,High,6,47,8,1,3,New / At-Risk
CUS-000013,64,108.91,6735.49,Two year,Medium,7,59,29,0,1,Low Value / Dormant
CUS-000014,60,123.32,7574.85,Month-to-month,High,1,69,15,0,1,Low Value / Dormant
CUS-000015,21,34.67,758.41,Two year,Low,8,17,7,0,3,New / At-Risk
CUS-000016,33,89.36,2833.08,Two year,Low,3,19,40,0,3,New / At-Risk
CUS-000017,58,33.16,1864.68,Month-to-month,Medium,1,46,25,1,2,Mid Value / Moderate
CUS-000018,22,133.43,3078.31,Month-to-month,Low,6,56,4,1,0,High Value / Loyal
CUS-000019,49,85.99,4009.29,Month-to-month,Medium,1,26,4,0,2,Mid Value / Moderate
CUS-000020,59,125.04,7383.18,Month-to-month,Medium,6,66,45,1,1,Low Value / Dormant
CUS-000021,42,67.85,2854.34,Month-to-month,Medium,7,14,23,1,2,Mid Value / Moderate
CUS-000022,60,36.26,2124.08,One year,Medium,8,52,13,1,2,Mid Value / Moderate
CUS-000023,15,25.39,387.13,One year,Low,0,92,4,0,0,High Value / Loyal
CUS-000024,62,56.6,3665.1,Two year,Medium,1,4,35,0,2,Mid Value / Moderate
CUS-000025,62,51.75,3192.55,Month-to-month,Medium,1,3,24,1,2,Mid Value / Moderate
CUS-000026,47,92.85,4472.59,One year,Low,6,79,16,0,1,Low Value / Dormant
CUS-000027,62,22.83,1435.89,Two year,High,5,22,5,0,2,Mid Value / Moderate
CUS-000028,51,87.67,4459.28,Month-to-month,Low,8,50,6,1,1,Low Value / Dormant
CUS-000029,55,70.93,3725.54,Month-to-month,Medium,2,64,45,0,2,Mid Value / Moderate
CUS-000030,64,95.03,6228.68,One year,Low,7,83,14,0,1,Low Value / Dormant
CUS-000031,3,111.31,329.38,Two year,High,4,98,5,1,0,High Value / Loyal
CUS-000032,51,102.43,5080.1,Month-to-month,High,4,10,31,1,1,Low Value / Dormant
CUS-000033,7,148.0,1082.47,One year,Low,9,56,59,1,0,High Value / Loyal
CUS-000034,21,37.97,819.28,Two year,Medium,4,98,41,1,0,High Value / Loyal
CUS-000035,39,75.87,3095.54,Month-to-month,Medium,7,16,39,0,3,New / At-Risk
CUS-000036,18,75.23,1321.09,Month-to-month,Low,6,37,26,1,3,New / At-Risk
CUS-000037,4,74.22,306.84,One year,Medium,6,55,39,0,0,High Value / Loyal
CUS-000038,60,106.29,6446.33,Month-to-month,High,3,22,4,1,1,Low Value / Dormant
CUS-000039,14,83.68,1227.89,One year,Low,5,32,59,0,3,New / At-Risk
CUS-000040,9,87.27,820.45,Month-to-month,Medium,0,44,15,0,3,New / At-Risk
CUS-000041,53,76.21,4229.96,Two year,High,5,81,51,0,2,Mid Value / Moderate
CUS-000042,2,148.92,311.3,Two year,Medium,4,73,10,0,0,High Value / Loyal
CUS-000043,60,140.58,8019.69,Month-to-month,High,0,52,38,0,1,Low Value / Dormant
CUS-000044,71,60.0,4363.0,Month-to-month,High,0,33,24,1,2,Mid Value / Moderate
CUS-000045,44,34.51,1483.69,One year,Medium,2,97,1,0,2,Mid Value / Moderate
CUS-000046,8,129.17,1054.54,Month-to-month,Medium,3,2,27,0,3,New / At-Risk
CUS-000047,47,149.63,7370.71,One year,High,0,14,6,1,1,Low Value / Dormant
CUS-000048,35,58.04,1937.8,Month-to-month,High,9,61,37,1,2,Mid Value / Moderate
CUS-000049,36,66.51,2410.47,Month-to-month,Medium,6,97,50,1,0,High Value / Loyal
CUS-000050,50,142.41,7287.92,Month-to-month,Medium,1,65,49,0,1,Low Value / Dormant
CUS-000051,4,112.45,438.69,Month-to-month,High,3,86,0,0,0,High Value / Loyal
CUS-000052,2,58.43,113.65,Month-to-month,High,8,30,17,0,3,New / At-Risk
CUS-000053,6,95.54,548.01,One year,Medium,7,27,11,1,3,New / At-Risk
CUS-000054,54,142.75,7395.47,One year,Medium,1,64,52,1,1,Low Value / Dormant
CUS-000055,4,125.54,510.01,One year,Medium,8,33,48,1,3,New / At-Risk
CUS-000056,54,116.44,6290.94,Month-to-month,Low,0,53,7,0,1,Low Value / Dormant
CUS-000057,63,115.81,6953.14,Month-to-month,Medium,5,80,19,0,1,Low Value / Dormant
CUS-000058,18,43.14,813.04,Month-to-month,Low,2,10,34,1,3,New / At-Risk
CUS-000059,44,127.21,5684.52,Month-to-month,Medium,0,27,41,0,1,Low Value / Dormant
CUS-000060,34,55.9,1903.38,One year,Medium,7,37,15,0,2,Mid Value / Moderate
CUS-000061,62,140.95,8540.14,One year,Low,5,2,49,1,1,Low Value / Dormant
CUS-000062,14,67.4,958.56,Month-to-month,Low,3,94,32,1,0,High Value / Loyal
CUS-000063,48,131.5,6226.07,One year,Medium,2,43,39,0,1,Low Value / Dormant
CUS-000064,15,54.61,835.74,Month-to-month,High,9,83,24,1,0,High Value / Loyal
CUS-000065,62,86.89,5485.44,Two year,Low,1,19,18,0,1,Low Value / Dormant
CUS-000066,40,33.9,1300.59,Two year,Medium,4,99,34,0,0,High Value / Loyal
CUS-000067,53,105.82,5837.74,Month-to-month,High,7,11,15,0,1,Low Value / Dormant
CUS-000068,24,128.69,3084.54,One year,Medium,7,52,15,0,3,New / At-Risk
CUS-000069,26,113.4,2916.79,One year,Medium,2,32,47,1,3,New / At-Risk
CUS-000070,60,88.02,5521.96,Month-to-month,Medium,8,80,24,1,1,Low Value / Dormant
CUS-000071,41,25.87,1053.91,Two year,Medium,9,81,31,1,2,Mid Value / Moderate
CUS-000072,29,141.35,4189.75,One year,Medium,4,29,54,1,1,Low Value / Dormant
CUS-000073,15,111.71,1701.7,One year,Medium,6,84,43,0,0,High Value / Loyal
CUS-000074,45,116.96,5087.06,One year,Medium,8,36,27,0,1,Low Value / Dormant
CUS-000075,65,123.31,8408.7,Month-to-month,Medium,6,47,8,1,1,Low Value / Dormant
CUS-000076,71,117.21,8291.38,Month-to-month,Medium,9,88,17,1,1,Low Value / Dormant
CUS-000077,9,77.35,688.78,Month-to-month,Medium,2,43,22,0,3,New / At-Risk
CUS-000078,1,115.37,120.21,Month-to-month,Low,1,52,29,0,3,New / At-Risk
CUS-000079,8,101.25,812.4,Two year,High,6,53,31,1,0,High Value / Loyal
CUS-000080,63,131.02,8423.67,Month-to-month,Medium,9,68,23,1,1,Low Value / Dormant
CUS-000081,11,124.32,1414.87,Two year,High,7,5,10,0,3,New / At-Risk
CUS-000082,8,25.38,197.66,Two year,High,3,83,51,0,0,High Value / Loyal
CUS-000083,35,69.26,2343.82,Two year,Medium,0,48,25,0,2,Mid Value / Moderate
CUS-000084,35,24.51,820.94,Month-to-month,High,5,24,10,1,2,Mid Value / Moderate
CUS-000085,33,33.27,1141.5,Month-to-month,High,8,1,19,0,3,New / At-Risk
CUS-000086,5,98.18,476.21,Month-to-month,High,3,99,43,0,0,High Value / Loyal
CUS-000087,41,133.6,5372.17,Two year,Medium,2,2,17,1,1,Low Value / Dormant
CUS-000088,28,35.58,974.83,Two year,High,5,10,33,1,3,New / At-Risk
CUS-000089,7,78.64,539.73,Month-to-month,Medium,5,63,35,1,0,High Value / Loyal
CUS-000090,12,138.41,1688.89,Month-to-month,High,3,59,3,0,0,High Value / Loyal
CUS-000091,34,125.86,4473.54,One year,Medium,6,6,20,1,3,New / At-Risk
CUS-000092,33,87.56,2840.1,Month-to-month,High,1,84,25,0,0,High Value / Loyal
CUS-000093,48,120.3,5721.28,Two year,Medium,0,83,13,1,1,Low Value / Dormant
CUS-000094,23,87.95,2077.7,Two year,High,5,48,25,0,3,New / At-Risk
CUS-000095,62,40.55,2497.21,One year,High,2,36,12,0,2,Mid Value / Moderate
CUS-000096,37,36.22,1397.07,One year,Medium,2,48,25,0,2,Mid Value / Moderate
CUS-000097,44,44.49,1958.1,One year,Low,0,29,40,0,2,Mid Value / Moderate
CUS-000098,35,65.62,2261.72,Month-to-month,Low,1,41,14,0,2,Mid Value / Moderate
CUS-000099,65,140.97,9595.07,Two year,High,2,88,26,0,1,Low Value / Dormant
CUS-000100,47,123.96,5782.8,Two year,High,0,73,56,0,1,Low Value / Dormant
CUS-000101,3,76.26,222.64,Month-to-month,Medium,7,32,22,1,3,New / At-Risk
CUS-000102,1,84.1,81.39,Month-to-month,High,5,5,21,1,3,New / At-Risk
CUS-000103,5,54.53,286.15,Month-to-month,Low,8,85,9,1,0,High Value / Loyal
CUS-000104,14,111.57,1601.44,Two year,Low,0,17,4,0,3,New / At-Risk
CUS-000105,27,124.36,3327.04,Month-to-month,Medium,3,24,3,0,3,New / At-Risk
CUS-000106,9,51.06,474.52,One year,Medium,3,91,49,0,0,High Value / Loyal
CUS-000107,15,25.44,383.34,Month-to-month,Medium,4,82,35,1,0,High Value / Loyal
CUS-000108,42,101.11,4168.89,Two year,High,1,86,15,0,1,Low Value / Dormant
CUS-000109,51,93.13,4865.05,One year,Low,0,6,31,0,1,Low Value / Dormant
CUS-000110,63,72.28,4665.42,Month-to-month,High,8,28,10,0,2,Mid Value / Moderate
CUS-000111,52,103.71,5392.81,Month-to-month,Medium,4,20,38,1,1,Low Value / Dormant
CUS-000112,4,91.58,349.66,Month-to-month,High,7,80,32,0,0,High Value / Loyal
CUS-000113,23,52.58,1158.09,One year,High,2,19,34,1,3,New / At-Risk
CUS-000114,15,71.7,1106.63,One year,Medium,3,8,47,0,3,New / At-Risk
CUS-000115,43,75.65,3358.39,Month-to-month,Medium,3,18,3,0,2,Mid Value / Moderate
CUS-000116,29,134.43,3968.04,Month-to-month,High,5,37,22,1,1,Low Value / Dormant
CUS-000117,36,144.92,5393.92,Month-to-month,Low,3,61,2,0,1,Low Value / Dormant
CUS-000118,13,136.09,1808.0,Two year,Medium,4,45,19,0,3,New / At-Risk
CUS-000119,32,113.49,3775.94,Month-to-month,Low,4,95,0,1,0,High Value / Loyal
CUS-000120,71,96.05,6581.07,Two year,High,7,38,59,0,1,Low Value / Dormant
CUS-000121,59,109.6,6394.04,One year,High,8,2,32,1,1,Low Value / Dormant
CUS-000122,28,142.08,3964.08,One year,High,7,55,9,1,1,Low Value / Dormant
CUS-000123,66,52.5,3394.88,Month-to-month,High,4,96,43,1,2,Mid Value / Moderate
CUS-000124,42,89.57,3846.54,Month-to-month,Low,5,15,2,0,3,New / At-Risk
CUS-000125,45,109.65,5137.71,One year,High,3,59,54,0,1,Low Value / Dormant
CUS-000126,62,108.3,6655.96,Month-to-month,Medium,1,75,31,0,1,Low Value / Dormant
CUS-000127,57,52.8,3142.26,Month-to-month,Medium,4,5,44,1,2,Mid Value / Moderate
CUS-000128,6,96.28,578.62,Two year,Medium,0,93,58,0,0,High Value / Loyal
CUS-000129,28,123.47,3464.91,Month-to-month,Medium,0,84,37,0,0,High Value / Loyal
CUS-000130,28,81.76,2312.23,Month-to-month,High,0,20,30,0,3,New / At-Risk
CUS-000131,44,123.13,5292.15,One year,Medium,3,82,20,0,1,Low Value / Dormant
CUS-000132,30,66.78,1980.17,Two year,Medium,4,12,23,0,3,New / At-Risk
CUS-000133,62,142.04,8853.29,Month-to-month,Medium,3,57,58,0,1,Low Value / Dormant
CUS-000134,62,89.41,5788.47,One year,Medium,5,81,23,1,1,Low Value / Dormant
CUS-000135,1,97.47,98.86,One year,Low,1,68,51,0,0,High Value / Loyal
CUS-000136,27,24.08,639.23,Two year,High,4,19,9,0,3,New / At-Risk
CUS-000137,62,42.13,2484.49,Month-to-month,Medium,5,87,5,1,2,Mid Value / Moderate
CUS-000138,3,102.28,321.62,Two year,High,4,27,27,0,3,New / At-Risk
CUS-000139,70,74.58,5217.16,Month-to-month,Medium,5,53,0,0,1,Low Value / Dormant
CUS-000140,27,86.06,2425.55,Month-to-month,Low,7,42,57,1,3,New / At-Risk
CUS-000141,9,28.19,254.93,Month-to-month,Medium,1,45,46,1,3,New / At-Risk
CUS-000142,62,128.44,8047.11,Month-to-month,Medium,6,78,45,0,1,Low Value / Dormant
CUS-000143,37,121.99,4609.12,One year,Medium,5,68,43,1,1,Low Value / Dormant
CUS-000144,51,44.1,2208.64,One year,Low,9,68,9,1,2,Mid Value / Moderate
CUS-000145,44,102.46,4598.07,Month-to-month,Low,7,24,40,0,1,Low Value / Dormant
CUS-000146,24,126.38,3041.27,Month-to-month,Medium,8,87,29,1,0,High Value / Loyal
CUS-000147,59,103.31,6200.48,Month-to-month,Low,7,36,52,0,1,Low Value / Dormant
CUS-000148,32,60.35,1996.11,Month-to-month,Medium,4,75,14,0,0,High Value / Loyal
CUS-000149,52,105.29,5302.42,Month-to-month,High,3,97,13,1,1,Low Value / Dormant
CUS-000150,62,47.36,2969.66,Month-to-month,Low,2,5,23,0,2,Mid Value / Moderate
CUS-000151,58,61.37,3400.21,Month-to-month,Medium,9,27,9,1,2,Mid Value / Moderate
CUS-000152,52,51.21,2556.92,Month-to-month,High,8,37,25,1,2,Mid Value / Moderate
CUS-000153,12,92.4,1128.16,Two year,High,6,27,0,1,3,New / At-Risk
CUS-000154,39,34.07,1271.7,Month-to-month,Low,0,95,19,1,0,High Value / Loyal
CUS-000155,2,141.33,285.36,Month-to-month,Low,2,76,28,1,0,High Value / Loyal
CUS-000156,3,63.36,184.75,Month-to-month,Medium,2,47,33,0,3,New / At-Risk
CUS-000157,56,48.47,2660.93,Month-to-month,Medium,5,64,1,1,2,Mid Value / Moderate
CUS-000158,59,84.55,4803.78,One year,Medium,1,6,1,0,1,Low Value / Dormant
CUS-000159,2,56.01,109.2,Two year,Medium,3,76,1,0,0,High Value / Loyal
CUS-000160,2,89.54,184.83,One year,Medium,1,56,7,0,0,High Value / Loyal
CUS-000161,54,65.31,3575.51,One year,Low,4,14,53,1,2,Mid Value / Moderate
CUS-000162,1,37.17,38.84,Month-to-month,Low,3,22,24,1,3,New / At-Risk
CUS-000163,19,54.57,989.98,Month-to-month,Medium,3,55,17,0,0,High Value / Loyal
CUS-000164,2,77.0,158.5,One year,Medium,3,75,44,0,0,High Value / Loyal
CUS-000165,53,23.94,1293.98,Two year,Medium,3,52,16,1,2,Mid Value / Moderate
CUS-000166,44,120.18,5161.63,Two year,Medium,4,56,29,0,1,Low Value / Dormant
CUS-000167,32,100.84,3300.74,Month-to-month,Low,1,77,7,1,0,High Value / Loyal
CUS-000168,70,98.18,7021.19,Month-to-month,High,5,6,41,1,1,Low Value / Dormant
CUS-000169,32,90.99,2899.73,Month-to-month,High,0,20,45,1,3,New / At-Risk
CUS-000170,68,96.74,6702.46,Month-to-month,Medium,9,54,28,1,1,Low Value / Dormant
CUS-000171,55,141.5,7739.63,Two year,Medium,1,2,50,0,1,Low Value / Dormant
CUS-000172,56,21.11,1162.94,Month-to-month,Medium,2,75,18,1,2,Mid Value / Moderate
CUS-000173,17,26.21,444.14,Month-to-month,Low,1,72,55,1,0,High Value / Loyal
CUS-000174,38,44.89,1773.39,Two year,High,2,30,36,1,2,Mid Value / Moderate
CUS-000175,24,41.75,990.42,Month-to-month,Low,7,91,23,0,0,High Value / Loyal
CUS-000176,69,43.56,2976.37,Month-to-month,High,2,54,17,0,2,Mid Value / Moderate
CUS-000177,70,107.35,7596.15,Month-to-month,Medium,9,4,9,1,1,Low Value / Dormant
CUS-000178,11,79.73,899.25,Month-to-month,Medium,0,71,15,0,0,High Value / Loyal
CUS-000179,16,148.93,2438.81,Month-to-month,Low,7,47,56,1,3,New / At-Risk
CUS-000180,59,49.5,2779.99,One year,Medium,7,88,49,0,2,Mid Value / Moderate
CUS-000181,70,60.41,4307.8,One year,High,6,96,40,0,2,Mid Value / Moderate
CUS-000182,3,147.95,441.66,One year,High,3,19,41,0,3,New / At-Risk
CUS-000183,20,128.13,2568.74,One year,Medium,4,42,53,1,3,New / At-Risk
CUS-000184,59,81.07,4812.86,Two year,Medium,9,99,43,1,1,Low Value / Dormant
CUS-000185,36,92.1,3392.34,Month-to-month,Medium,5,42,59,1,3,New / At-Risk
CUS-000186,19,129.61,2544.25,Two year,Medium,5,51,4,0,3,New / At-Risk
CUS-000187,67,82.53,5610.21,Month-to-month,Low,6,3,14,1,1,Low Value / Dormant
CUS-000188,19,46.78,894.56,Month-to-month,Medium,3,82,22,0,0,High Value / Loyal
CUS-000189,20,127.7,2521.72,Month-to-month,High,7,37,30,1,3,New / At-Risk
CUS-000190,71,89.91,6152.47,Month-to-month,High,1,22,29,1,1,Low Value / Dormant
CUS-000191,52,39.9,2169.7,Two year,Medium,8,33,6,1,2,Mid Value / Moderate
CUS-000192,33,85.73,2818.17,Month-to-month,Medium,5,98,19,0,0,High Value / Loyal
CUS-000193,40,73.72,2968.18,Month-to-month,High,0,49,38,0,2,Mid Value / Moderate
CUS-000194,39,133.99,5356.79,One year,High,0,87,2,0,1,Low Value / Dormant
CUS-000195,1,36.39,34.82,Month-to-month,Medium,7,54,2,1,0,High Value / Loyal
CUS-000196,11,133.78,1523.79,Two year,High,9,62,30,0,0,High Value / Loyal
CUS-000197,57,86.59,5082.08,Two year,High,9,35,6,0,1,Low Value / Dormant
CUS-000198,50,72.57,3727.94,Month-to-month,Medium,6,29,0,1,2,Mid Value / Moderate
CUS-000199,23,41.06,899.14,Month-to-month,High,2,66,55,0,0,High Value / Loyal
CUS-000200,31,111.11,3453.43,Month-to-month,Medium,7,50,26,1,3,New / At-Risk
CUS-000201,42,140.48,5637.37,Month-to-month,High,7,14,49,1,1,Low Value / Dormant
CUS-000202,7,68.8,484.04,Month-to-month,Low,6,48,0,1,3,New / At-Risk
CUS-000203,16,51.41,840.46,Month-to-month,Medium,4,44,5,0,3,New / At-Risk
CUS-000204,60,92.13,5318.92,One year,Low,7,72,19,0,1,Low Value / Dormant
CUS-000205,2,123.5,251.82,Month-to-month,Medium,4,1,38,0,3,New / At-Risk
CUS-000206,1,20.49,20.39,Month-to-month,High,0,28,43,1,3,New / At-Risk
CUS-000207,48,102.08,5052.45,Month-to-month,Medium,7,3,2,1,1,Low Value / Dormant
CUS-000208,12,97.55,1174.5,One year,Low,6,71,58,1,0,High Value / Loyal
CUS-000209,69,61.36,4164.44,Month-to-month,High,6,98,1,0,2,Mid Value / Moderate
CUS-000210,37,78.68,2862.43,Month-to-month,Low,1,48,59,1,2,Mid Value / Moderate
CUS-000211,32,52.11,1733.64,Month-to-month,High,2,32,46,0,3,New / At-Risk
CUS-000212,9,122.69,1098.96,Month-to-month,High,2,9,31,0,3,New / At-Risk
CUS-000213,19,102.49,1928.95,Month-to-month,Medium,9,99,58,1,0,High Value / Loyal
CUS-000214,48,89.25,4087.0,Two year,Medium,5,57,19,0,1,Low Value / Dormant
CUS-000215,3,71.03,210.19,One year,Low,5,83,35,1,0,High Value / Loyal
CUS-000216,20,57.88,1198.07,One year,Medium,2,46,26,0,3,New / At-Risk
CUS-000217,24,126.96,3126.46,Two year,Low,4,58,19,1,0,High Value / Loyal
CUS-000218,54,78.68,4130.3,One year,Medium,8,56,18,1,2,Mid Value / Moderate
CUS-000219,33,85.19,2786.77,One year,Medium,6,15,54,0,3,New / At-Risk
CUS-000220,24,87.71,2041.12,Month-to-month,Medium,8,95,20,1,0,High Value / Loyal
CUS-000221,36,78.29,2946.37,One year,High,1,61,42,0,0,High Value / Loyal
CUS-000222,38,53.29,2044.95,Month-to-month,Medium,9,16,19,1,3,New / At-Risk
CUS-000223,25,35.64,913.77,Month-to-month,Medium,9,46,4,1,2,Mid Value / Moderate
CUS-000224,18,32.81,603.2,Month-to-month,High,0,71,54,0,0,High Value / Loyal
CUS-000225,66,118.47,8111.22,One year,Low,1,35,19,1,1,Low Value / Dormant
CUS-000226,54,49.06,2768.2,Month-to-month,High,5,93,11,0,2,Mid Value / Moderate
CUS-000227,35,27.24,908.74,One year,Medium,9,66,47,0,2,Mid Value / Moderate
CUS-000228,61,123.68,7902.9,One year,Medium,6,57,9,1,1,Low Value / Dormant
CUS-000229,41,40.03,1701.96,Month-to-month,High,7,34,52,0,2,Mid Value / Moderate
CUS-000230,33,101.27,3302.76,Month-to-month,High,5,99,21,0,0,High Value / Loyal
CUS-000231,68,64.02,4500.35,Month-to-month,Medium,5,31,37,1,2,Mid Value / Moderate
CUS-000232,33,36.44,1231.05,Month-to-month,Low,2,12,27,0,3,New / At-Risk
CUS-000233,14,73.88,1064.67,One year,High,8,65,11,0,0,High Value / Loyal
CUS-000234,21,21.93,447.57,One year,High,1,47,38,1,0,High Value / Loyal
CUS-000235,48,129.34,6300.35,Month-to-month,Medium,4,93,9,1,1,Low Value / Dormant
CUS-000236,20,86.75,1652.84,Two year,Low,2,65,47,0,0,High Value / Loyal
CUS-000237,8,38.09,315.34,Two year,High,0,1,34,0,3,New / At-Risk
CUS-000238,7,50.81,371.69,Month-to-month,Low,1,79,47,0,0,High Value / Loyal
CUS-000239,67,78.24,5326.85,One year,High,5,67,43,0,1,Low Value / Dormant
CUS-000240,17,44.55,758.36,Month-to-month,Medium,9,14,39,1,3,New / At-Risk
CUS-000241,33,54.92,1853.2,One year,Medium,0,54,36,0,2,Mid Value / Moderate
CUS-000242,48,89.47,4220.0,Month-to-month,Medium,1,10,16,1,1,Low Value / Dormant
CUS-000243,59,128.24,7661.74,One year,Medium,9,67,51,1,1,Low Value / Dormant
CUS-000244,22,72.24,1624.06,Month-to-month,High,4,84,26,1,0,High Value / Loyal
CUS-000245,30,113.21,3274.85,Two year,Medium,0,50,51,0,3,New / At-Risk
CUS-000246,38,133.97,4907.59,Month-to-month,High,9,91,45,1,1,Low Value / Dormant
CUS-000247,51,48.12,2507.12,Month-to-month,High,3,36,55,1,2,Mid Value / Moderate
CUS-000248,54,124.93,6700.46,Month-to-month,Low,4,11,28,1,1,Low Value / Dormant
CUS-000249,8,118.46,984.58,One year,Medium,4,3,25,1,3,New / At-Risk
CUS-000250,27,66.4,1759.13,One year,Medium,4,88,8,0,0,High Value / Loyal
CUS-000251,27,148.64,3829.58,Two year,Medium,9,39,50,1,1,Low Value / Dormant
CUS-000252,21,54.13,1153.86,Two year,Medium,8,10,11,0,3,New / At-Risk
CUS-000253,30,53.12,1623.1,One year,Low,8,90,42,0,0,High Value / Loyal
CUS-000254,28,120.39,3389.09,Month-to-month,Medium,4,51,25,0,3,New / At-Risk
CUS-000255,64,76.51,4986.11,Month-to-month,Medium,5,32,32,0,1,Low Value / Dormant
CUS-000256,69,63.0,4357.56,Two year,High,7,52,31,0,2,Mid Value / Moderate
CUS-000257,61,43.23,2687.59,Two year,Medium,6,72,10,0,2,Mid Value / Moderate
CUS-000258,48,119.49,5474.09,Month-to-month,Medium,5,47,28,0,1,Low Value / Dormant
CUS-000259,19,122.22,2291.65,One year,High,3,13,58,0,3,New / At-Risk
CUS-000260,4,93.65,363.78,One year,High,2,67,7,0,0,High Value / Loyal
CUS-000261,35,144.45,4853.21,One year,Medium,3,53,24,1,1,Low Value / Dormant
CUS-000262,64,61.36,3822.69,Two year,Low,2,53,19,1,2,Mid Value / Moderate
CUS-000263,49,48.55,2305.54,Month-to-month,High,7,15,20,1,2,Mid Value / Moderate
CUS-000264,17,108.07,1924.13,Two year,Low,5,53,3,0,0,High Value / Loyal
CUS-000265,44,118.59,5106.72,Month-to-month,High,5,85,35,1,1,Low Value / Dormant
CUS-000266,30,49.24,1437.39,Month-to-month,Medium,0,42,42,1,2,Mid Value / Moderate
CUS-000267,46,29.96,1424.28,Month-to-month,Medium,4,29,28,0,2,Mid Value / Moderate
CUS-000268,6,125.37,746.12,One year,High,7,47,18,0,3,New / At-Risk
CUS-000269,37,146.95,5394.28,One year,Low,1,91,25,1,1,Low Value / Dormant
CUS-000270,24,103.81,2477.32,One year,Medium,2,30,35,1,3,New / At-Risk
CUS-000271,46,56.12,2560.1,One year,Medium,8,14,24,1,2,Mid Value / Moderate
CUS-000272,53,149.57,7789.59,One year,High,3,79,22,0,1,Low Value / Dormant
CUS-000273,60,136.12,7992.97,Month-to-month,High,9,59,37,0,1,Low Value / Dormant
CUS-000274,63,86.74,5673.31,Two year,High,4,64,27,0,1,Low Value / Dormant
CUS-000275,32,127.29,3935.54,Month-to-month,Low,6,44,40,1,1,Low Value / Dormant
CUS-000276,33,126.06,4027.2,One year,Low,4,14,10,0,3,New / At-Risk
CUS-000277,67,141.52,9550.1,Month-to-month,High,1,25,28,1,1,Low Value / Dormant
CUS-000278,18,129.32,2291.37,Month-to-month,Medium,6,91,43,1,0,High Value / Loyal
CUS-000279,25,103.68,2571.62,Month-to-month,Medium,5,44,49,1,3,New / At-Risk
CUS-000280,54,99.21,5521.54,Two year,Medium,8,61,19,0,1,Low Value / Dormant
CUS-000281,58,80.76,4872.93,Month-to-month,High,1,2,8,0,1,Low Value / Dormant
CUS-000282,67,101.44,6994.17,Month-to-month,Low,1,81,23,1,1,Low Value / Dormant
CUS-000283,46,123.38,5524.96,One year,Low,7,79,46,0,1,Low Value / Dormant
CUS-000284,24,145.97,3671.55,Month-to-month,High,9,91,48,1,0,High Value / Loyal
CUS-000285,32,80.75,2548.56,Two year,Low,0,74,40,1,0,High Value / Loyal
CUS-000286,47,94.57,4297.92,Two year,Medium,7,43,12,0,1,Low Value / Dormant
CUS-000287,23,77.82,1789.88,One year,High,4,9,57,0,3,New / At-Risk
CUS-000288,66,106.9,7214.59,Month-to-month,Low,0,61,1,0,1,Low Value / Dormant
CUS-000289,27,101.89,2636.38,Month-to-month,Low,9,67,16,0,0,High Value / Loyal
CUS-000290,2,22.32,45.24,Month-to-month,Medium,0,24,49,1,3,New / At-Risk
CUS-000291,17,90.35,1590.97,Month-to-month,Low,5,65,57,1,0,High Value / Loyal
CUS-000292,33,31.5,1014.84,Month-to-month,Medium,9,38,26,1,2,Mid Value / Moderate
CUS-000293,9,23.43,214.94,Two year,Medium,1,70,37,0,0,High Value / Loyal
CUS-000294,43,122.86,5229.92,One year,Medium,1,5,1,1,1,Low Value / Dormant
CUS-000295,48,53.62,2551.87,Month-to-month,Medium,0,68,32,0,2,Mid Value / Moderate
CUS-000296,39,64.29,2452.17,Month-to-month,High,0,67,4,0,2,Mid Value / Moderate
CUS-000297,42,28.33,1204.7,One year,High,3,30,13,1,2,Mid Value / Moderate
CUS-000298,26,43.34,1111.05,Month-to-month,High,4,87,26,0,0,High Value / Loyal
CUS-000299,50,119.53,6174.19,Two year,Medium,3,62,49,1,1,Low Value / Dormant
CUS-000300,25,84.16,2201.37,Month-to-month,Medium,5,7,58,1,3,New / At-Risk
CUS-000301,24,134.49,3368.12,Two year,High,7,51,35,0,3,New / At-Risk
CUS-000302,13,71.64,899.97,One year,Medium,1,32,26,0,3,New / At-Risk
CUS-000303,60,54.93,3135.75,Two year,High,0,74,13,0,2,Mid Value / Moderate
CUS-000304,7,65.19,453.51,Month-to-month,Low,1,97,14,1,0,High Value / Loyal
CUS-000305,57,112.66,6568.62,Month-to-month,Medium,9,26,26,1,1,Low Value / Dormant
CUS-000306,36,92.15,3475.82,One year,Medium,5,43,58,1,3,New / At-Risk
CUS-000307,45,137.54,6364.94,Two year,Medium,3,62,55,1,1,Low Value / Dormant
CUS-000308,20,98.28,1981.47,One year,Medium,6,31,57,0,3,New / At-Risk
CUS-000309,65,84.09,5207.11,One year,Medium,1,94,58,0,1,Low Value / Dormant
CUS-000310,8,122.15,1008.99,Month-to-month,Low,0,23,53,1,3,New / At-Risk
CUS-000311,16,143.18,2216.91,Month-to-month,High,4,64,7,1,0,High Value / Loyal
CUS-000312,14,66.26,886.42,Month-to-month,Medium,8,93,20,1,0,High Value / Loyal
CUS-000313,15,52.48,814.84,One year,High,5,72,33,0,0,High Value / Loyal
CUS-000314,66,100.11,6650.92,Month-to-month,Medium,5,55,48,0,1,Low Value / Dormant
CUS-000315,32,84.85,2614.45,Month-to-month,Medium,0,16,27,0,3,New / At-Risk
CUS-000316,63,148.59,9255.22,One year,High,0,9,23,0,1,Low Value / Dormant
CUS-000317,51,80.11,3916.13,Two year,High,3,4,16,0,2,Mid Value / Moderate
CUS-000318,25,29.66,751.81,One year,Low,1,83,57,1,0,High Value / Loyal
CUS-000319,58,147.06,8343.79,One year,Low,2,39,56,0,1,Low Value / Dormant
CUS-000320,63,129.67,8468.04,Two year,Medium,5,44,51,0,1,Low Value / Dormant
CUS-000321,62,43.17,2638.63,Month-to-month,Medium,9,41,5,1,2,Mid Value / Moderate
CUS-000322,22,137.6,3025.55,Month-to-month,High,0,13,37,0,3,New / At-Risk
CUS-000323,58,64.29,3565.88,One year,Medium,9,76,18,0,2,Mid Value / Moderate
CUS-000324,58,69.02,3913.58,Month-to-month,Medium,1,73,0,0,2,Mid Value / Moderate
CUS-000325,49,137.83,6873.1,Month-to-month,Medium,3,12,37,1,1,Low Value / Dormant
CUS-000326,52,88.92,4732.82,Month-to-month,Medium,5,24,25,1,1,Low Value / Dormant
CUS-000327,42,37.91,1551.24,One year,Medium,2,48,4,0,2,Mid Value / Moderate
CUS-000328,70,67.98,4760.23,Month-to-month,Medium,8,77,3,1,2,Mid Value / Moderate
CUS-000329,15,113.87,1762.33,Month-to-month,Medium,9,99,24,1,0,High Value / Loyal
CUS-000330,54,42.64,2275.12,Month-to-month,Medium,3,32,44,0,2,Mid Value / Moderate
CUS-000331,60,96.73,5591.25,Month-to-month,High,6,38,51,1,1,Low Value / Dormant
CUS-000332,8,110.39,877.07,Two year,Medium,4,78,48,0,0,High Value / Loyal
CUS-000333,53,64.7,3463.66,Two year,High,5,66,57,1,2,Mid Value / Moderate
CUS-000334,60,110.2,6286.55,Two year,Medium,8,54,44,1,1,Low Value / Dormant
CUS-000335,5,134.95,664.52,Two year,Medium,8,21,21,0,3,New / At-Risk
CUS-000336,68,81.38,5592.96,Month-to-month,High,5,31,47,0,1,Low Value / Dormant
CUS-000337,6,69.78,437.59,Two year,Medium,1,64,12,1,0,High Value / Loyal
CUS-000338,47,52.65,2451.95,Month-to-month,High,8,52,22,0,2,Mid Value / Moderate
CUS-000339,55,98.55,5237.4,One year,High,1,35,32,1,1,Low Value / Dormant
CUS-000340,40,134.38,5393.62,Month-to-month,Low,1,16,24,0,1,Low Value / Dormant
CUS-000341,52,62.21,3165.41,Two year,High,1,40,9,0,2,Mid Value / Moderate
CUS-000342,16,71.51,1111.54,Month-to-month,Low,6,90,17,0,0,High Value / Loyal
CUS-000343,13,72.86,955.76,Month-to-month,Low,3,38,54,1,3,New / At-Risk
CUS-000344,30,92.91,2903.08,Two year,High,7,57,26,0,0,High Value / Loyal
CUS-000345,19,49.69,975.82,One year,Medium,7,3,55,1,3,New / At-Risk
CUS-000346,17,126.89,2088.55,One year,High,0,37,55,1,3,New / At-Risk
CUS-000347,63,58.43,3778.85,One year,Medium,0,2,48,0,2,Mid Value / Moderate
CUS-000348,19,111.7,2064.92,Month-to-month,Medium,3,86,25,1,0,High Value / Loyal
CUS-000349,58,86.72,4924.38,One year,Low,1,3,48,0,1,Low Value / Dormant
CUS-000350,55,96.17,5511.34,Month-to-month,Medium,2,47,41,0,1,Low Value / Dormant
CUS-000351,62,43.35,2798.12,Two year,Medium,9,90,51,1,2,Mid Value / Moderate
CUS-000352,23,115.55,2569.65,One year,Low,1,27,1,0,3,New / At-Risk
CUS-000353,9,44.52,383.22,Two year,Medium,9,63,9,1,0,High Value / Loyal
CUS-000354,12,34.75,408.39,Month-to-month,High,8,38,59,0,3,New / At-Risk
CUS-000355,1,91.07,91.81,Month-to-month,Medium,5,44,19,1,3,New / At-Risk
CUS-000356,58,112.21,6753.39,Month-to-month,Medium,6,8,37,1,1,Low Value / Dormant
CUS-000357,1,26.5,25.49,Month-to-month,Low,5,23,2,1,3,New / At-Risk
CUS-000358,34,29.02,978.34,Month-to-month,Medium,0,6,9,0,3,New / At-Risk
CUS-000359,48,124.35,5832.48,Two year,Medium,4,25,27,0,1,Low Value / Dormant
CUS-000360,1,125.17,119.1,Month-to-month,Medium,2,59,18,0,0,High Value / Loyal
CUS-000361,16,51.89,854.18,One year,Medium,9,57,58,1,0,High Value / Loyal
CUS-000362,61,99.98,6289.82,Month-to-month,Low,7,58,16,1,1,Low Value / Dormant
CUS-000363,64,77.61,4828.79,Month-to-month,Low,6,16,43,1,2,Mid Value / Moderate
CUS-000364,63,102.25,6217.12,One year,High,8,26,52,1,1,Low Value / Dormant
CUS-000365,69,132.17,8795.87,Two year,High,0,79,43,0,1,Low Value / Dormant
CUS-000366,22,30.38,665.98,Month-to-month,Medium,1,47,22,0,0,High Value / Loyal
CUS-000367,67,121.14,7910.49,Month-to-month,Medium,1,96,27,1,1,Low Value / Dormant
CUS-000368,26,84.09,2188.92,Month-to-month,Medium,0,40,26,1,3,New / At-Risk
CUS-000369,16,93.34,1476.19,Two year,High,7,19,31,1,3,New / At-Risk
CUS-000370,51,105.01,5200.73,One year,High,3,78,37,0,1,Low Value / Dormant
CUS-000371,57,139.94,8177.0,Two year,Medium,6,44,11,0,1,Low Value / Dormant
CUS-000372,29,27.37,766.08,Month-to-month,Medium,9,99,19,1,0,High Value / Loyal
CUS-000373,69,23.83,1693.55,Two year,High,0,26,5,0,2,Mid Value / Moderate
CUS-000374,47,43.17,2041.65,Two year,Medium,7,52,2,0,2,Mid Value / Moderate
CUS-000375,62,148.24,9495.94,Two year,High,7,37,2,0,1,Low Value / Dormant
CUS-000376,69,112.96,7408.23,Month-to-month,Medium,9,77,22,1,1,Low Value / Dormant
CUS-000377,16,99.9,1638.29,One year,High,2,47,8,0,3,New / At-Risk
CUS-000378,48,26.12,1197.31,One year,High,8,72,32,0,2,Mid Value / Moderate
CUS-000379,39,134.28,5472.81,One year,Medium,4,14,35,0,1,Low Value / Dormant
CUS-000380,33,125.66,4230.8,Month-to-month,Low,4,26,11,1,1,Low Value / Dormant
CUS-000381,23,106.42,2403.73,One year,High,4,47,25,0,3,New / At-Risk
CUS-000382,10,64.09,629.32,Two year,High,0,94,36,1,0,High Value / Loyal
CUS-000383,69,29.17,2085.18,One year,Medium,9,13,49,0,2,Mid Value / Moderate
CUS-000384,34,95.41,3374.44,One year,Medium,1,11,47,1,3,New / At-Risk
CUS-000385,52,113.56,6136.36,One year,High,0,2,9,0,1,Low Value / Dormant
CUS-000386,10,32.25,332.47,One year,Medium,1,30,43,0,3,New / At-Risk
CUS-000387,19,102.39,2007.47,Month-to-month,Medium,8,24,10,1,3,New / At-Risk
CUS-000388,58,57.23,3343.35,Month-to-month,High,8,82,18,0,2,Mid Value / Moderate
CUS-000389,1,119.35,113.72,One year,Medium,4,23,4,0,3,New / At-Risk
CUS-000390,69,90.15,5963.31,Month-to-month,High,3,70,23,0,1,Low Value / Dormant
CUS-000391,4,36.77,149.3,One year,High,1,75,34,1,0,High Value / Loyal
CUS-000392,16,88.45,1401.17,Two year,High,5,7,27,0,3,New / At-Risk
CUS-000393,24,71.45,1726.24,One year,Medium,8,47,29,1,3,New / At-Risk
CUS-000394,2,43.45,84.56,Two year,High,7,97,18,1,0,High Value / Loyal
CUS-000395,32,129.4,4202.57,Month-to-month,Medium,9,10,5,1,3,New / At-Risk
CUS-000396,24,21.43,501.18,Month-to-month,Medium,3,85,55,0,0,High Value / Loyal
CUS-000397,12,60.58,724.07,Month-to-month,Medium,5,73,48,1,0,High Value / Loyal
CUS-000398,50,21.64,1079.57,Two year,Medium,8,30,54,0,2,Mid Value / Moderate
CUS-000399,35,32.48,1100.19,Two year,Medium,9,48,44,1,2,Mid Value / Moderate
CUS-000400,33,58.62,2007.32,Month-to-month,High,9,25,38,1,3,New / At-Risk
CUS-000401,33,27.06,895.13,Month-to-month,High,3,89,18,0,0,High Value / Loyal
CUS-000402,61,97.56,6169.56,Month-to-month,High,8,24,50,1,1,Low Value / Dormant
CUS-000403,51,31.29,1558.0,One year,High,7,12,56,1,2,Mid Value / Moderate
CUS-000404,43,111.22,4625.87,One year,Medium,2,71,30,0,1,Low Value / Dormant
CUS-000405,12,26.84,306.6,One year,Medium,8,34,57,1,3,New / At-Risk
CUS-000406,67,27.71,1781.18,Two year,Medium,4,3,43,0,2,Mid Value / Moderate
CUS-000407,65,59.69,3743.22,One year,Low,0,6,10,0,2,Mid Value / Moderate
CUS-000408,33,136.55,4316.51,Month-to-month,Medium,7,59,16,0,1,Low Value / Dormant
CUS-000409,40,103.38,4299.36,Month-to-month,Medium,4,27,16,1,1,Low Value / Dormant
CUS-000410,43,120.12,5377.54,Two year,Medium,4,83,49,1,1,Low Value / Dormant
CUS-000411,44,38.4,1763.58,One year,Medium,1,72,14,1,2,Mid Value / Moderate
CUS-000412,29,128.44,3895.94,Month-to-month,Medium,8,36,5,0,3,New / At-Risk
CUS-000413,13,21.06,273.54,Month-to-month,Medium,5,61,31,0,0,High Value / Loyal
CUS-000414,12,47.7,574.09,One year,Medium,9,82,39,1,0,High Value / Loyal
CUS-000415,46,100.09,4434.26,Month-to-month,Medium,2,71,10,0,1,Low Value / Dormant
CUS-000416,2,68.78,132.57,One year,Low,6,65,57,0,0,High Value / Loyal
CUS-000417,35,147.95,5319.32,One year,Medium,1,5,12,0,1,Low Value / Dormant
CUS-000418,8,23.94,198.37,Month-to-month,Medium,6,42,16,1,3,New / At-Risk
CUS-000419,26,149.82,4006.17,One year,Medium,1,14,27,0,3,New / At-Risk
CUS-000420,34,101.07,3551.41,Month-to-month,Medium,4,65,48,0,0,High Value / Loyal
CUS-000421,7,92.63,633.94,Month-to-month,Medium,9,12,17,1,3,New / At-Risk
CUS-000422,68,27.74,1879.69,Month-to-month,Low,9,83,27,0,2,Mid Value / Moderate
CUS-000423,58,55.53,3207.76,One year,Medium,8,2,47,1,2,Mid Value / Moderate
CUS-000424,29,140.21,4267.36,One year,Medium,8,14,54,0,3,New / At-Risk
CUS-000425,36,66.05,2484.68,Month-to-month,High,5,67,15,0,0,High Value / Loyal
CUS-000426,21,106.01,2248.24,Two year,Medium,2,99,35,1,0,High Value / Loyal
CUS-000427,36,149.93,5202.23,Month-to-month,Low,3,77,48,1,1,Low Value / Dormant
CUS-000428,10,54.2,528.91,One year,Medium,3,67,39,0,0,High Value / Loyal
CUS-000429,24,94.89,2246.35,One year,High,8,14,19,1,3,New / At-Risk
CUS-000430,64,110.54,7338.39,One year,High,3,34,38,0,1,Low Value / Dormant
CUS-000431,49,41.4,1961.86,Month-to-month,Low,3,45,26,0,2,Mid Value / Moderate
CUS-000432,36,39.33,1376.11,Month-to-month,High,4,9,39,1,3,New / At-Risk
CUS-000433,24,79.32,1875.01,Month-to-month,Medium,5,10,32,1,3,New / At-Risk
CUS-000434,23,70.16,1682.46,Month-to-month,High,7,8,1,0,3,New / At-Risk
CUS-000435,62,112.85,6999.24,Two year,Medium,0,29,12,0,1,Low Value / Dormant
CUS-000436,37,29.04,1090.11,Month-to-month,Low,4,61,1,1,2,Mid Value / Moderate
CUS-000437,12,146.38,1736.77,Month-to-month,Medium,8,54,58,1,3,New / At-Risk
CUS-000438,55,21.86,1164.64,Month-to-month,High,9,39,36,1,2,Mid Value / Moderate
CUS-000439,13,98.17,1240.85,One year,High,3,33,4,0,3,New / At-Risk
CUS-000440,23,93.14,2207.11,One year,Medium,7,23,5,0,3,New / At-Risk
CUS-000441,30,37.51,1169.67,Month-to-month,Low,8,72,49,1,0,High Value / Loyal
CUS-000442,17,39.62,673.06,Month-to-month,Medium,0,40,31,1,3,New / At-Risk
CUS-000443,62,123.05,7519.88,One year,High,7,23,47,1,1,Low Value / Dormant
CUS-000444,13,135.38,1814.16,Month-to-month,Medium,7,59,23,1,0,High Value / Loyal
CUS-000445,59,56.79,3408.74,One year,Medium,4,50,16,0,2,Mid Value / Moderate
CUS-000446,19,76.94,1394.66,Two year,Low,9,64,8,0,0,High Value / Loyal
CUS-000447,49,66.15,3192.94,Month-to-month,Low,1,56,52,1,2,Mid Value / Moderate
CUS-000448,12,29.43,359.61,Month-to-month,Medium,6,43,57,1,3,New / At-Risk
CUS-000449,61,107.52,6606.83,Month-to-month,Medium,4,84,39,0,1,Low Value / Dormant
CUS-000450,19,127.28,2533.83,Two year,Medium,4,58,39,0,0,High Value / Loyal
CUS-000451,9,59.63,556.36,One year,Medium,5,12,1,0,3,New / At-Risk
CUS-000452,71,148.72,10094.44,Month-to-month,Low,9,36,8,0,1,Low Value / Dormant
CUS-000453,28,29.86,854.98,Month-to-month,High,7,73,5,0,0,High Value / Loyal
CUS-000454,52,106.03,5423.46,One year,Low,0,97,18,0,1,Low Value / Dormant
CUS-000455,16,78.27,1275.12,Month-to-month,High,2,6,32,1,3,New / At-Risk
CUS-000456,69,78.06,5449.16,Month-to-month,Medium,6,32,56,0,1,Low Value / Dormant
CUS-000457,12,79.49,954.22,One year,Medium,8,65,18,0,0,High Value / Loyal
CUS-000458,25,53.63,1388.04,One year,High,9,60,32,0,0,High Value / Loyal
CUS-000459,52,113.02,5999.86,Month-to-month,Medium,1,54,52,0,1,Low Value / Dormant
CUS-000460,53,113.8,6266.63,Month-to-month,Medium,3,24,55,1,1,Low Value / Dormant
CUS-000461,23,56.71,1275.88,Two year,Low,3,29,44,1,3,New / At-Risk
CUS-000462,16,128.59,2026.19,Month-to-month,High,6,8,29,1,3,New / At-Risk
CUS-000463,57,61.19,3530.36,One year,Medium,4,13,38,1,2,Mid Value / Moderate
CUS-000464,39,114.26,4664.09,One year,Medium,4,63,52,1,1,Low Value / Dormant
CUS-000465,53,35.73,1869.37,Month-to-month,Low,6,25,12,1,2,Mid Value / Moderate
CUS-000466,42,41.93,1678.74,One year,High,1,29,17,0,2,Mid Value / Moderate
CUS-000467,58,61.05,3521.94,Month-to-month,Low,7,59,1,1,2,Mid Value / Moderate
CUS-000468,39,97.2,3807.59,One year,Medium,5,61,2,0,1,Low Value / Dormant
CUS-000469,14,103.92,1498.62,One year,Medium,4,88,5,0,0,High Value / Loyal
CUS-000470,5,71.53,365.81,Two year,High,0,91,27,0,0,High Value / Loyal
CUS-000471,35,30.12,1103.15,One year,Medium,1,26,12,1,2,Mid Value / Moderate
CUS-000472,18,68.57,1269.2,Month-to-month,Medium,5,84,19,0,0,High Value / Loyal
CUS-000473,9,109.54,966.01,Month-to-month,Medium,5,68,31,0,0,High Value / Loyal
CUS-000474,58,107.23,6307.23,Month-to-month,Medium,8,22,59,1,1,Low Value / Dormant
CUS-000475,17,40.83,705.99,Two year,High,5,7,30,1,3,New / At-Risk
CUS-000476,7,21.01,154.41,Two year,High,0,57,8,0,0,High Value / Loyal
CUS-000477,46,117.89,5226.92,Month-to-month,Low,6,62,2,1,1,Low Value / Dormant
CUS-000478,13,33.83,426.19,Month-to-month,Medium,2,18,53,1,3,New / At-Risk
CUS-000479,40,30.71,1185.91,Month-to-month,High,7,10,30,0,2,Mid Value / Moderate
CUS-000480,42,20.35,862.36,Two year,Medium,5,31,14,0,2,Mid Value / Moderate
CUS-000481,9,76.24,661.12,Month-to-month,Medium,2,26,3,1,3,New / At-Risk
CUS-000482,50,85.42,4337.85,One year,Low,2,55,48,0,2,Mid Value / Moderate
CUS-000483,27,102.9,2862.6,Month-to-month,Low,7,90,16,1,0,High Value / Loyal
CUS-000484,66,58.49,3834.28,Month-to-month,Medium,5,25,44,1,2,Mid Value / Moderate
CUS-000485,5,112.36,565.19,Month-to-month,Medium,1,52,58,0,3,New / At-Risk
CUS-000486,29,42.01,1268.67,Month-to-month,High,2,18,30,1,3,New / At-Risk
CUS-000487,37,128.16,4774.86,Month-to-month,High,5,24,28,0,1,Low Value / Dormant
CUS-000488,38,94.34,3480.47,Month-to-month,Low,6,15,10,1,3,New / At-Risk
CUS-000489,8,95.91,755.21,Month-to-month,High,3,8,31,1,3,New / At-Risk
CUS-000490,65,47.27,3081.77,Month-to-month,High,7,43,39,1,2,Mid Value / Moderate
CUS-000491,17,29.63,486.39,Two year,Medium,2,89,2,1,0,High Value / Loyal
CUS-000492,71,80.41,5773.65,One year,Medium,5,99,49,1,1,Low Value / Dormant
CUS-000493,45,100.03,4726.06,One year,Medium,6,24,0,1,1,Low Value / Dormant
CUS-000494,4,32.36,131.4,Month-to-month,Medium,7,85,7,1,0,High Value / Loyal
CUS-000495,36,143.57,5102.56,One year,Medium,3,65,40,1,1,Low Value / Dormant
CUS-000496,70,147.45,10148.1,Month-to-month,Medium,4,26,16,1,1,Low Value / Dormant
CUS-000497,31,90.91,2939.82,Month-to-month,Medium,5,74,7,0,0,High Value / Loyal
CUS-000498,19,143.51,2827.97,Month-to-month,Medium,0,26,42,0,3,New / At-Risk
CUS-000499,61,43.33,2635.7,Month-to-month,Medium,8,66,32,0,2,Mid Value / Moderate
CUS-000500,54,23.3,1240.01,Month-to-month,High,2,40,25,1,2,Mid Value / Moderate
CUS-000501,39,25.12,1000.43,Month-to-month,Low,1,14,1,0,2,Mid Value / Moderate
CUS-000502,19,96.38,1797.19,Month-to-month,Medium,6,33,46,1,3,New / At-Risk
CUS-000503,39,28.01,1050.94,Month-to-month,High,3,57,59,1,2,Mid Value / Moderate
CUS-000504,67,144.61,9504.99,One year,Medium,3,39,48,0,1,Low Value / Dormant
CUS-000505,45,38.45,1718.94,One year,High,9,1,28,1,2,Mid Value / Moderate
CUS-000506,13,59.61,756.03,Two year,Medium,8,94,14,1,0,High Value / Loyal
CUS-000507,58,126.93,7153.31,Month-to-month,Medium,6,37,29,0,1,Low Value / Dormant
CUS-000508,20,48.44,920.88,Month-to-month,High,8,18,49,1,3,New / At-Risk
CUS-000509,61,51.59,3187.91,Two year,Low,0,30,43,0,2,Mid Value / Moderate
CUS-000510,39,103.5,4082.7,Month-to-month,High,2,27,45,1,1,Low Value / Dormant
CUS-000511,1,55.89,54.15,One year,Medium,9,60,11,0,0,High Value / Loyal
CUS-000512,3,48.27,151.23,Month-to-month,Medium,9,49,1,0,0,High Value / Loyal
CUS-000513,62,53.04,3258.93,Month-to-month,Low,5,30,59,1,2,Mid Value / Moderate
CUS-000514,63,83.78,5027.93,Month-to-month,High,0,45,20,1,1,Low Value / Dormant
CUS-000515,25,145.59,3537.83,Two year,High,4,21,28,0,3,New / At-Risk
CUS-000516,56,128.19,7316.57,Month-to-month,Low,3,54,57,1,1,Low Value / Dormant
CUS-000517,33,57.0,1824.85,Month-to-month,Medium,3,16,28,1,3,New / At-Risk
CUS-000518,38,67.24,2441.09,One year,High,6,81,15,0,0,High Value / Loyal
CUS-000519,6,80.39,488.0,One year,Medium,4,18,50,0,3,New / At-Risk
CUS-000520,58,147.26,8556.81,Two year,High,6,34,30,0,1,Low Value / Dormant
CUS-000521,44,42.41,1914.83,Month-to-month,Low,0,21,32,1,2,Mid Value / Moderate
CUS-000522,45,66.47,3072.83,One year,Medium,8,76,57,0,2,Mid Value / Moderate
CUS-000523,32,114.83,3843.41,Month-to-month,Medium,7,31,1,0,3,New / At-Risk
CUS-000524,45,145.31,6249.4,Month-to-month,High,6,10,43,0,1,Low Value / Dormant
CUS-000525,61,40.24,2341.35,One year,High,9,4,3,0,2,Mid Value / Moderate
CUS-000526,47,49.56,2442.77,Month-to-month,High,1,15,38,0,2,Mid Value / Moderate
CUS-000527,21,49.34,1051.15,One year,Medium,5,53,59,1,0,High Value / Loyal
CUS-000528,36,22.72,835.58,Two year,High,3,59,48,1,2,Mid Value / Moderate
CUS-000529,19,98.54,1796.62,Month-to-month,High,2,55,4,0,0,High Value / Loyal
CUS-000530,20,107.19,2051.6,Two year,Medium,7,62,1,0,0,High Value / Loyal
CUS-000531,57,98.33,5414.3,One year,High,3,42,44,0,1,Low Value / Dormant
CUS-000532,18,29.27,523.06,One year,Low,2,28,59,1,3,New / At-Risk
CUS-000533,47,29.0,1309.86,Two year,Low,4,7,7,0,2,Mid Value / Moderate
CUS-000534,49,47.35,2307.71,Month-to-month,Medium,8,11,49,1,2,Mid Value / Moderate
CUS-000535,14,57.74,813.31,Two year,Low,9,29,35,0,3,New / At-Risk
CUS-000536,15,122.25,1742.13,Month-to-month,Low,2,34,5,0,3,New / At-Risk
CUS-000537,31,40.72,1213.65,Two year,Medium,8,94,40,0,0,High Value / Loyal
CUS-000538,1,25.73,25.41,Month-to-month,Medium,3,91,9,1,0,High Value / Loyal
CUS-000539,54,71.22,3674.01,Two year,High,9,25,35,1,2,Mid Value / Moderate
CUS-000540,3,74.13,214.24,Two year,Medium,3,56,3,0,0,High Value / Loyal
CUS-000541,16,78.62,1224.15,One year,Medium,1,40,38,0,3,New / At-Risk
CUS-000542,57,127.5,7216.19,One year,Medium,7,87,13,0,1,Low Value / Dormant
CUS-000543,12,32.74,401.33,One year,Medium,3,93,11,0,0,High Value / Loyal
CUS-000544,16,111.51,1718.66,Month-to-month,Medium,2,63,46,0,0,High Value / Loyal
CUS-000545,24,63.93,1570.9,Month-to-month,Low,2,50,16,1,0,High Value / Loyal
CUS-000546,28,60.3,1748.27,Month-to-month,Medium,0,11,20,0,3,New / At-Risk
CUS-000547,8,141.23,1146.96,One year,Medium,7,60,52,0,0,High Value / Loyal
CUS-000548,36,52.3,1796.92,Month-to-month,Medium,4,64,12,1,2,Mid Value / Moderate
CUS-000549,8,103.53,823.32,Month-to-month,Medium,4,4,32,1,3,New / At-Risk
CUS-000550,58,55.77,3286.24,Month-to-month,Medium,3,31,53,1,2,Mid Value / Moderate
CUS-000551,60,85.93,5402.43,Month-to-month,High,4,74,12,0,1,Low Value / Dormant
CUS-000552,50,122.22,6387.0,Month-to-month,Medium,4,54,47,1,1,Low Value / Dormant
CUS-000553,28,134.62,3730.16,Month-to-month,High,8,80,44,1,0,High Value / Loyal
CUS-000554,41,129.03,5351.59,Month-to-month,Medium,5,56,8,1,1,Low Value / Dormant
CUS-000555,64,95.68,6363.07,One year,High,8,94,54,0,1,Low Value / Dormant
CUS-000556,27,52.35,1460.13,Month-to-month,High,7,99,49,1,0,High Value / Loyal
CUS-000557,63,105.96,6661.76,Two year,Low,2,44,47,1,1,Low Value / Dormant
CUS-000558,17,112.29,1863.31,One year,Low,1,81,19,0,0,High Value / Loyal
CUS-000559,33,21.39,680.25,Month-to-month,Low,5,5,43,1,3,New / At-Risk
CUS-000560,29,77.1,2233.14,Month-to-month,Low,1,67,39,1,0,High Value / Loyal
CUS-000561,13,129.62,1722.66,One year,Medium,2,80,0,0,0,High Value / Loyal
CUS-000562,46,83.65,4028.49,Month-to-month,High,2,68,12,0,2,Mid Value / Moderate
CUS-000563,35,60.48,2193.35,Two year,High,0,9,21,1,3,New / At-Risk
CUS-000564,6,133.33,776.34,Month-to-month,Medium,4,4,50,1,3,New / At-Risk
CUS-000565,69,40.26,2839.31,One year,Medium,7,85,12,0,2,Mid Value / Moderate
CUS-000566,47,46.84,2154.95,Two year,Medium,8,74,34,0,2,Mid Value / Moderate
CUS-000567,25,109.36,2784.12,One year,Medium,6,95,59,0,0,High Value / Loyal
CUS-000568,66,65.82,4415.92,Two year,High,4,81,0,0,2,Mid Value / Moderate
CUS-000569,10,112.69,1101.28,Two year,Medium,7,16,45,0,3,New / At-Risk
CUS-000570,56,40.5,2207.84,Two year,High,8,70,55,1,2,Mid Value / Moderate
CUS-000571,30,52.79,1521.12,Two year,Low,8,94,52,0,0,High Value / Loyal
CUS-000572,5,40.36,192.75,Month-to-month,Medium,8,15,32,0,3,New / At-Risk
CUS-000573,33,143.88,4918.18,Month-to-month,Medium,1,52,4,0,1,Low Value / Dormant
CUS-000574,65,72.7,4512.94,Month-to-month,Low,2,31,29,0,2,Mid Value / Moderate
CUS-000575,18,63.84,1101.84,Two year,High,1,94,4,0,0,High Value / Loyal
CUS-000576,49,21.85,1042.51,Month-to-month,Low,4,80,42,1,2,Mid Value / Moderate
CUS-000577,11,39.94,456.42,Month-to-month,Medium,2,44,24,0,3,New / At-Risk
CUS-000578,26,74.75,1910.97,One year,Medium,8,36,59,1,3,New / At-Risk
CUS-000579,63,28.91,1764.91,Month-to-month,Low,1,2,25,1,2,Mid Value / Moderate
CUS-000580,59,86.4,5207.25,One year,Medium,4,28,18,0,1,Low Value / Dormant
CUS-000581,27,79.15,2098.44,Two year,High,4,40,11,0,3,New / At-Risk
CUS-000582,49,119.73,5769.1,One year,Low,4,63,56,1,1,Low Value / Dormant
CUS-000583,33,105.77,3573.97,One year,Low,0,63,7,0,0,High Value / Loyal
CUS-000584,1,77.97,76.04,One year,High,9,17,9,0,3,New / At-Risk
CUS-000585,21,49.21,1074.32,One year,Medium,6,38,17,0,3,New / At-Risk
CUS-000586,55,114.49,6335.75,Month-to-month,Medium,1,36,40,1,1,Low Value / Dormant
CUS-000587,6,112.02,674.68,Month-to-month,Medium,1,32,10,0,3,New / At-Risk
CUS-000588,69,39.93,2690.25,Month-to-month,Medium,8,54,29,0,2,Mid Value / Moderate
CUS-000589,5,138.92,717.86,One year,Medium,0,59,4,0,0,High Value / Loyal
CUS-000590,3,28.37,85.74,One year,High,8,25,23,1,3,New / At-Risk
CUS-000591,53,27.15,1389.63,Month-to-month,Low,5,77,44,0,2,Mid Value / Moderate
CUS-000592,23,44.36,990.21,One year,High,4,14,12,0,3,New / At-Risk
CUS-000593,53,138.23,7302.93,Month-to-month,Low,4,44,55,0,1,Low Value / Dormant
CUS-000594,37,87.6,3331.83,Month-to-month,High,4,25,35,0,3,New / At-Risk
CUS-000595,17,122.43,2172.78,Month-to-month,High,5,35,48,1,3,New / At-Risk
CUS-000596,1,49.62,50.43,One year,Medium,6,93,26,0,0,High Value / Loyal
CUS-000597,51,83.73,4272.79,One year,Low,8,79,31,1,2,Mid Value / Moderate
CUS-000598,45,66.58,2921.31,Month-to-month,High,1,79,13,0,2,Mid Value / Moderate
CUS-000599,4,127.62,519.3,One year,Medium,3,47,40,0,3,New / At-Risk
CUS-000600,62,22.94,1490.78,Month-to-month,Medium,4,47,53,1,2,Mid Value / Moderate
CUS-000601,65,51.7,3352.48,Two year,Low,5,17,1,0,2,Mid Value / Moderate
CUS-000602,32,39.83,1231.64,Month-to-month,High,6,89,3,0,0,High Value / Loyal
CUS-000603,34,131.69,4300.01,Two year,Medium,2,23,10,1,1,Low Value / Dormant
CUS-000604,39,80.78,3077.75,One year,Low,2,96,41,0,0,High Value / Loyal
CUS-000605,26,72.55,1899.36,One year,High,8,95,36,0,0,High Value / Loyal
CUS-000606,34,78.43,2785.86,One year,Medium,8,87,47,0,0,High Value / Loyal
CUS-000607,54,146.35,7744.19,Month-to-month,Medium,1,17,37,1,1,Low Value / Dormant
CUS-000608,3,130.53,383.98,One year,Medium,3,29,36,0,3,New / At-Risk
CUS-000609,50,111.83,5580.87,Month-to-month,High,3,2,12,1,1,Low Value / Dormant
CUS-000610,12,57.76,722.16,Month-to-month,Low,4,11,8,1,3,New / At-Risk
CUS-000611,65,41.47,2673.89,One year,High,1,16,41,0,2,Mid Value / Moderate
CUS-000612,54,139.79,7339.54,Month-to-month,High,3,51,26,0,1,Low Value / Dormant
CUS-000613,5,75.0,362.37,Month-to-month,Medium,2,81,1,0,0,High Value / Loyal
CUS-000614,57,56.24,3191.8,Two year,Medium,5,21,46,0,2,Mid Value / Moderate
CUS-000615,17,81.22,1422.25,Two year,High,3,21,26,1,3,New / At-Risk
CUS-000616,47,139.32,6411.42,One year,Medium,0,6,11,0,1,Low Value / Dormant
CUS-000617,23,70.32,1619.36,Two year,Medium,2,46,11,0,3,New / At-Risk
CUS-000618,14,93.14,1317.44,Two year,Medium,7,23,2,0,3,New / At-Risk
CUS-000619,66,124.39,8168.79,One year,High,2,58,25,1,1,Low Value / Dormant
CUS-000620,51,75.53,3733.13,Two year,Medium,6,57,14,1,2,Mid Value / Moderate
CUS-000621,38,50.36,1994.41,Month-to-month,Medium,1,61,26,1,2,Mid Value / Moderate
CUS-000622,64,149.29,9616.99,One year,Medium,4,96,50,0,1,Low Value / Dormant
CUS-000623,38,144.35,5611.15,Month-to-month,Medium,6,39,44,1,1,Low Value / Dormant
CUS-000624,50,129.65,6570.81,One year,Low,0,45,34,0,1,Low Value / Dormant
CUS-000625,30,109.49,3448.25,Two year,Medium,0,29,12,0,3,New / At-Risk
CUS-000626,51,58.33,2961.96,Month-to-month,Low,7,31,53,1,2,Mid Value / Moderate
CUS-000627,63,138.74,8675.27,One year,Medium,1,89,55,0,1,Low Value / Dormant
CUS-000628,52,55.82,2862.17,Two year,Medium,3,2,4,0,2,Mid Value / Moderate
CUS-000629,38,124.11,4650.74,Two year,Medium,2,86,42,0,1,Low Value / Dormant
CUS-000630,30,139.37,4087.45,Month-to-month,High,4,37,53,0,1,Low Value / Dormant
CUS-000631,51,98.39,5259.09,Two year,Medium,1,44,16,0,1,Low Value / Dormant
CUS-000632,5,124.4,645.05,Month-to-month,Medium,5,79,57,1,0,High Value / Loyal
CUS-000633,29,122.92,3499.34,One year,Medium,7,70,18,1,0,High Value / Loyal
CUS-000634,4,45.11,176.93,Month-to-month,High,4,63,19,1,0,High Value / Loyal
CUS-000635,10,106.83,1025.95,Month-to-month,High,6,97,58,1,0,High Value / Loyal
CUS-000636,56,32.15,1868.33,Month-to-month,Low,4,75,22,0,2,Mid Value / Moderate
CUS-000637,17,86.02,1443.6,Month-to-month,High,5,53,58,1,0,High Value / Loyal
CUS-000638,17,41.09,703.61,One year,Low,8,76,11,1,0,High Value / Loyal
CUS-000639,69,74.13,5319.43,Month-to-month,Medium,9,88,31,1,1,Low Value / Dormant
CUS-000640,34,128.29,4321.7,Two year,Medium,0,3,28,0,3,New / At-Risk
CUS-000641,6,148.33,917.3,Two year,Low,9,94,4,1,0,High Value / Loyal
CUS-000642,53,61.33,3228.08,One year,Medium,8,19,48,0,2,Mid Value / Moderate
CUS-000643,66,89.15,6002.42,Month-to-month,High,2,45,50,0,1,Low Value / Dormant
CUS-000644,43,86.47,3692.57,One year,Medium,9,61,42,1,2,Mid Value / Moderate
CUS-000645,23,144.07,3278.12,Month-to-month,Medium,2,55,1,0,3,New / At-Risk
CUS-000646,55,82.22,4743.77,Month-to-month,Medium,3,71,5,0,1,Low Value / Dormant
CUS-000647,16,110.88,1794.07,Two year,Low,7,76,20,0,0,High Value / Loyal
CUS-000648,8,139.83,1103.83,Month-to-month,High,0,29,34,1,3,New / At-Risk
CUS-000649,4,68.54,267.52,Two year,Low,3,48,14,0,3,New / At-Risk
CUS-000650,4,137.28,523.83,Month-to-month,Medium,6,72,17,0,0,High Value / Loyal
CUS-000651,56,139.27,7960.18,Month-to-month,High,2,63,48,1,1,Low Value / Dormant
CUS-000652,25,140.99,3479.59,Month-to-month,High,6,21,46,0,3,New / At-Risk
CUS-000653,67,55.16,3814.31,One year,High,4,57,1,0,2,Mid Value / Moderate
CUS-000654,67,72.05,4761.39,Month-to-month,Medium,9,13,4,0,2,Mid Value / Moderate
CUS-000655,27,133.15,3549.55,Month-to-month,High,8,27,36,1,3,New / At-Risk
CUS-000656,32,66.69,2193.69,One year,Medium,7,68,40,1,0,High Value / Loyal
CUS-000657,50,98.03,4896.48,Two year,Medium,2,96,5,0,1,Low Value / Dormant
CUS-000658,61,35.35,2239.16,One year,High,3,88,50,0,2,Mid Value / Moderate
CUS-000659,51,27.32,1405.66,Month-to-month,Low,6,64,41,0,2,Mid Value / Moderate
CUS-000660,19,73.56,1361.38,Month-to-month,Medium,1,9,58,0,3,New / At-Risk
CUS-000661,21,95.26,2014.1,One year,High,9,74,50,1,0,High Value / Loyal
CUS-000662,5,71.05,337.63,One year,Low,5,75,18,1,0,High Value / Loyal
CUS-000663,42,95.11,3919.5,Two year,Medium,8,97,15,0,0,High Value / Loyal
CUS-000664,61,86.96,5149.7,One year,Low,8,7,11,1,1,Low Value / Dormant
CUS-000665,22,109.14,2438.15,Month-to-month,High,5,11,23,0,3,New / At-Risk
CUS-000666,21,104.44,2113.4,Month-to-month,Medium,5,28,8,1,3,New / At-Risk
CUS-000667,70,75.15,5150.21,One year,Medium,5,94,2,0,1,Low Value / Dormant
CUS-000668,1,75.25,73.98,Month-to-month,Medium,9,72,16,0,0,High Value / Loyal
CUS-000669,5,38.3,181.99,Two year,Medium,5,27,29,0,3,New / At-Risk
CUS-000670,12,86.72,993.49,Month-to-month,High,2,22,26,0,3,New / At-Risk
CUS-000671,46,96.33,4347.63,One year,Medium,3,42,23,0,1,Low Value / Dormant
CUS-000672,34,81.94,2708.73,Month-to-month,Low,5,32,41,1,3,New / At-Risk
CUS-000673,49,62.34,2937.73,Month-to-month,High,9,14,49,1,2,Mid Value / Moderate
CUS-000674,45,113.81,4944.52,One year,Low,0,26,38,1,1,Low Value / Dormant
CUS-000675,27,29.71,828.97,One year,High,0,55,6,1,2,Mid Value / Moderate
CUS-000676,26,138.88,3677.0,Month-to-month,Medium,6,75,8,0,0,High Value / Loyal
CUS-000677,47,22.68,1064.44,Month-to-month,Medium,0,71,15,1,2,Mid Value / Moderate
CUS-000678,56,145.11,8458.16,One year,Medium,4,55,55,0,1,Low Value / Dormant
CUS-000679,63,80.11,4809.27,Two year,Medium,9,45,10,0,1,Low Value / Dormant
CUS-000680,48,73.65,3480.24,Month-to-month,High,7,30,8,1,2,Mid Value / Moderate
CUS-000681,61,53.34,3358.82,One year,High,5,66,0,0,2,Mid Value / Moderate
CUS-000682,26,21.31,561.15,Month-to-month,Medium,2,99,43,0,0,High Value / Loyal
CUS-000683,36,55.72,2102.65,One year,High,1,26,34,0,2,Mid Value / Moderate
CUS-000684,1,34.22,35.74,One year,Medium,1,89,19,0,0,High Value / Loyal
CUS-000685,8,105.78,818.28,Month-to-month,Medium,3,1,50,0,3,New / At-Risk
CUS-000686,52,61.48,3347.84,One year,High,8,93,7,0,2,Mid Value / Moderate
CUS-000687,47,119.73,5878.19,Month-to-month,Medium,8,24,6,1,1,Low Value / Dormant
CUS-000688,56,46.9,2593.16,Month-to-month,Medium,0,55,36,1,2,Mid Value / Moderate
CUS-000689,14,137.03,2011.06,One year,Medium,4,65,36,0,0,High Value / Loyal
CUS-000690,28,87.99,2349.3,Month-to-month,Medium,8,25,19,0,3,New / At-Risk
CUS-000691,2,34.89,70.89,One year,Medium,3,98,4,1,0,High Value / Loyal
CUS-000692,26,72.11,1831.01,Month-to-month,High,6,42,11,1,3,New / At-Risk
CUS-000693,14,46.88,631.99,One year,High,5,44,20,1,3,New / At-Risk
CUS-000694,59,45.96,2732.61,Month-to-month,Medium,3,69,19,0,2,Mid Value / Moderate
CUS-000695,56,85.83,4713.3,Month-to-month,Low,9,12,4,1,1,Low Value / Dormant
CUS-000696,7,107.35,763.96,One year,Low,6,8,22,0,3,New / At-Risk
CUS-000697,3,138.51,417.19,Month-to-month,Medium,6,63,56,0,0,High Value / Loyal
CUS-000698,23,85.28,1940.4,Two year,Low,1,78,6,0,0,High Value / Loyal
CUS-000699,18,145.56,2536.7,One year,High,6,20,0,0,3,New / At-Risk
CUS-000700,38,142.41,5466.47,Month-to-month,Medium,8,40,24,1,1,Low Value / Dormant
CUS-000701,15,132.46,2052.29,Two year,Medium,5,73,18,1,0,High Value / Loyal
CUS-000702,64,85.0,5494.21,Month-to-month,Medium,5,5,1,0,1,Low Value / Dormant
CUS-000703,28,38.32,1084.75,Month-to-month,High,5,1,11,1,3,New / At-Risk
CUS-000704,39,48.33,1887.01,Month-to-month,High,1,11,41,0,2,Mid Value / Moderate
CUS-000705,57,104.2,5872.86,Two year,Medium,5,4,24,0,1,Low Value / Dormant
CUS-000706,17,74.83,1266.67,One year,Low,5,38,59,0,3,New / At-Risk
CUS-000707,44,39.08,1803.89,One year,High,8,17,31,0,2,Mid Value / Moderate
CUS-000708,25,82.27,2108.08,One year,Medium,1,68,59,0,0,High Value / Loyal
CUS-000709,17,22.27,375.89,One year,High,8,32,47,1,3,New / At-Risk
CUS-000710,13,115.41,1493.88,One year,Medium,4,5,42,0,3,New / At-Risk
CUS-000711,25,29.57,739.11,Month-to-month,High,8,22,17,1,3,New / At-Risk
CUS-000712,68,101.78,7031.63,Month-to-month,Medium,9,78,30,1,1,Low Value / Dormant
CUS-000713,10,123.09,1226.72,Month-to-month,High,9,85,57,1,0,High Value / Loyal
CUS-000714,67,37.24,2541.79,Two year,High,1,82,43,0,2,Mid Value / Moderate
CUS-000715,18,87.42,1546.74,One year,Medium,4,67,8,1,0,High Value / Loyal
CUS-000716,34,121.28,4086.63,One year,Medium,1,11,20,0,3,New / At-Risk
CUS-000717,8,53.88,446.75,Month-to-month,Low,4,91,53,1,0,High Value / Loyal
CUS-000718,40,41.18,1618.98,Month-to-month,High,6,25,38,1,2,Mid Value / Moderate
CUS-000719,42,63.79,2803.46,Two year,Low,6,42,6,1,2,Mid Value / Moderate
CUS-000720,41,92.11,3652.87,Month-to-month,Low,6,35,12,0,2,Mid Value / Moderate
CUS-000721,6,94.79,554.03,One year,Medium,4,79,19,0,0,High Value / Loyal
CUS-000722,52,37.01,1917.73,Month-to-month,Medium,6,59,12,1,2,Mid Value / Moderate
CUS-000723,26,79.48,2128.04,One year,Medium,5,48,51,0,3,New / At-Risk
CUS-000724,64,54.88,3593.44,One year,Medium,6,85,27,0,2,Mid Value / Moderate
CUS-000725,59,129.46,7389.67,One year,High,4,3,36,0,1,Low Value / Dormant
CUS-000726,56,60.76,3313.23,Month-to-month,Medium,1,24,24,0,2,Mid Value / Moderate
CUS-000727,59,129.03,7670.16,One year,Medium,8,69,45,1,1,Low Value / Dormant
CUS-000728,70,75.71,5191.38,Month-to-month,Low,1,33,47,0,1,Low Value / Dormant
CUS-000729,33,114.46,3747.71,Two year,Low,2,88,44,0,0,High Value / Loyal
CUS-000730,53,86.31,4568.18,One year,Medium,8,70,25,1,1,Low Value / Dormant
CUS-000731,22,100.86,2239.72,Month-to-month,Medium,1,47,43,0,3,New / At-Risk
CUS-000732,21,71.4,1462.0,One year,Medium,7,53,32,1,0,High Value / Loyal
CUS-000733,70,119.87,8108.03,One year,Medium,2,45,39,0,1,Low Value / Dormant
CUS-000734,70,75.27,5215.77,Two year,Medium,5,71,39,0,1,Low Value / Dormant
CUS-000735,4,79.47,304.59,Month-to-month,Medium,8,83,54,1,0,High Value / Loyal
CUS-000736,62,87.3,5426.98,Month-to-month,Medium,9,57,53,1,1,Low Value / Dormant
CUS-000737,62,128.14,8214.3,Two year,High,9,85,26,0,1,Low Value / Dormant
CUS-000738,24,105.72,2440.59,Two year,Low,2,70,14,0,0,High Value / Loyal
CUS-000739,55,65.39,3457.22,Month-to-month,Medium,8,40,2,1,2,Mid Value / Moderate
CUS-000740,9,107.14,923.8,Month-to-month,Medium,6,3,28,1,3,New / At-Risk
CUS-000741,3,103.52,321.35,Month-to-month,Medium,4,49,30,1,3,New / At-Risk
CUS-000742,31,141.03,4188.69,Month-to-month,Medium,7,14,58,1,3,New / At-Risk
CUS-000743,40,129.38,5425.57,Month-to-month,Medium,5,20,39,0,1,Low Value / Dormant
CUS-000744,36,104.17,3696.93,Month-to-month,Medium,6,78,54,1,0,High Value / Loyal
CUS-000745,24,64.4,1519.04,Two year,Medium,2,66,55,0,0,High Value / Loyal
CUS-000746,6,121.34,698.34,Month-to-month,High,9,25,17,0,3,New / At-Risk
CUS-000747,66,94.78,6308.86,One year,Low,5,4,23,1,1,Low Value / Dormant
CUS-000748,4,148.09,597.43,One year,High,2,41,38,1,3,New / At-Risk
CUS-000749,6,52.18,312.86,One year,Medium,6,63,53,0,0,High Value / Loyal
CUS-000750,51,30.36,1518.86,One year,Medium,9,48,56,0,2,Mid Value / Moderate
CUS-000751,62,29.09,1779.63,One year,High,5,55,43,0,2,Mid Value / Moderate
CUS-000752,57,103.2,5777.03,Two year,Low,9,97,46,0,1,Low Value / Dormant
CUS-000753,66,142.1,9309.59,One year,Medium,7,2,7,0,1,Low Value / Dormant
CUS-000754,8,20.25,159.45,Month-to-month,Medium,7,23,28,0,3,New / At-Risk
CUS-000755,26,114.35,3025.29,Month-to-month,Medium,5,48,47,1,3,New / At-Risk
CUS-000756,51,105.42,5266.55,Two year,High,1,85,36,0,1,Low Value / Dormant
CUS-000757,45,115.2,5106.65,One year,Medium,9,15,36,0,1,Low Value / Dormant
CUS-000758,44,66.2,2894.12,Two year,High,9,51,8,0,2,Mid Value / Moderate
CUS-000759,5,126.66,601.91,Month-to-month,High,5,24,44,1,3,New / At-Risk
CUS-000760,70,25.81,1805.4,Month-to-month,Medium,0,20,29,0,2,Mid Value / Moderate
CUS-000761,26,118.21,2998.31,Month-to-month,Medium,5,56,14,0,0,High Value / Loyal
CUS-000762,68,54.72,3555.76,Month-to-month,Medium,5,38,39,1,2,Mid Value / Moderate
CUS-000763,19,81.99,1621.82,One year,Medium,5,25,11,0,3,New / At-Risk
CUS-000764,20,126.94,2493.77,Two year,Low,8,86,51,1,0,High Value / Loyal
CUS-000765,12,55.28,658.42,One year,Medium,3,52,40,0,0,High Value / Loyal
CUS-000766,47,44.08,2139.43,Month-to-month,High,6,51,26,1,2,Mid Value / Moderate
CUS-000767,1,108.57,104.95,One year,High,2,47,46,0,3,New / At-Risk
CUS-000768,14,89.34,1294.59,One year,Medium,7,68,46,0,0,High Value / Loyal
CUS-000769,64,86.87,5416.2,One year,High,1,80,30,0,1,Low Value / Dormant
CUS-000770,38,53.38,2046.5,One year,High,1,64,12,0,2,Mid Value / Moderate
CUS-000771,37,24.53,924.63,One year,Medium,4,43,14,1,2,Mid Value / Moderate
CUS-000772,11,73.33,839.36,Month-to-month,Medium,0,71,53,1,0,High Value / Loyal
CUS-000773,3,33.85,102.65,One year,Low,0,88,4,0,0,High Value / Loyal
CUS-000774,33,137.78,4525.43,One year,Medium,2,98,41,0,1,Low Value / Dormant
CUS-000775,6,25.36,153.28,Month-to-month,Medium,5,57,54,1,0,High Value / Loyal
CUS-000776,50,76.11,3692.35,Month-to-month,Medium,9,39,24,1,2,Mid Value / Moderate
CUS-000777,10,26.79,272.98,Month-to-month,High,5,29,11,0,3,New / At-Risk
CUS-000778,5,32.42,157.03,Month-to-month,Low,7,26,48,1,3,New / At-Risk
CUS-000779,23,105.65,2443.92,Two year,High,6,14,8,0,3,New / At-Risk
CUS-000780,10,104.12,1056.61,Month-to-month,High,0,64,25,1,0,High Value / Loyal
CUS-000781,44,24.3,1111.67,Month-to-month,High,0,47,36,0,2,Mid Value / Moderate
CUS-000782,2,20.15,40.09,Month-to-month,Medium,3,20,8,1,3,New / At-Risk
CUS-000783,13,30.25,404.03,Month-to-month,Low,0,7,4,0,3,New / At-Risk
CUS-000784,40,119.19,4609.09,One year,High,0,82,54,0,1,Low Value / Dormant
CUS-000785,2,95.99,185.39,One year,Medium,9,74,45,1,0,High Value / Loyal
CUS-000786,65,24.96,1626.12,Month-to-month,High,0,94,6,1,2,Mid Value / Moderate
CUS-000787,63,83.45,5308.17,Two year,High,2,67,40,0,1,Low Value / Dormant
CUS-000788,17,112.56,1938.91,Month-to-month,Low,9,53,30,1,0,High Value / Loyal
CUS-000789,9,132.96,1226.07,One year,Medium,1,65,43,1,0,High Value / Loyal
CUS-000790,15,141.42,2077.87,Two year,Low,9,30,36,0,3,New / At-Risk
CUS-000791,24,62.57,1520.03,One year,High,7,66,6,1,0,High Value / Loyal
CUS-000792,38,37.66,1386.38,Two year,Low,6,15,4,1,2,Mid Value / Moderate
CUS-000793,35,50.8,1728.05,Two year,Low,9,75,51,1,0,High Value / Loyal
CUS-000794,49,120.9,5667.88,Two year,Medium,7,96,16,0,1,Low Value / Dormant
CUS-000795,69,146.29,10343.54,Month-to-month,High,3,70,10,0,1,Low Value / Dormant
CUS-000796,62,80.63,5002.63,One year,Medium,8,70,36,1,1,Low Value / Dormant
CUS-000797,60,59.7,3487.98,Two year,Medium,4,92,59,1,2,Mid Value / Moderate
CUS-000798,50,75.79,3811.05,Two year,Low,6,57,35,1,2,Mid Value / Moderate
CUS-000799,9,59.63,528.81,Two year,Medium,3,25,26,1,3,New / At-Risk
CUS-000800,34,53.34,1874.83,Two year,High,0,23,0,0,3,New / At-Risk
CUS-000801,35,97.19,3411.14,One year,Medium,7,12,57,1,3,New / At-Risk
CUS-000802,1,22.05,21.01,Month-to-month,Medium,8,48,0,0,0,High Value / Loyal
CUS-000803,40,53.74,2253.95,Month-to-month,Medium,8,10,13,1,2,Mid Value / Moderate
CUS-000804,64,105.98,6493.96,Month-to-month,High,9,17,52,0,1,Low Value / Dormant
CUS-000805,22,24.17,,Month-to-month,Medium,7,52,59,1,2,Mid Value / Moderate
CUS-000806,60,30.82,1837.37,Month-to-month,Medium,0,2,27,1,2,Mid Value / Moderate
CUS-000807,64,58.14,3627.78,Month-to-month,Medium,2,60,40,1,2,Mid Value / Moderate
CUS-000808,11,134.11,1501.29,Month-to-month,Medium,4,57,0,1,0,High Value / Loyal
CUS-000809,14,119.44,1609.54,Two year,Medium,6,81,7,1,0,High Value / Loyal
CUS-000810,60,22.88,1422.0,Month-to-month,Medium,7,73,44,0,2,Mid Value / Moderate
CUS-000811,30,85.22,2492.92,Month-to-month,High,0,47,40,1,3,New / At-Risk
CUS-000812,35,55.71,1922.81,One year,Medium,4,71,46,1,0,High Value / Loyal
CUS-000813,37,104.32,3911.19,Two year,Medium,2,13,58,1,3,New / At-Risk
CUS-000814,5,113.8,540.62,Month-to-month,High,6,74,42,0,0,High Value / Loyal
CUS-000815,26,132.17,3427.11,Month-to-month,Medium,5,22,25,1,3,New / At-Risk
CUS-000816,62,81.8,5271.81,Month-to-month,Medium,0,28,35,1,1,Low Value / Dormant
CUS-000817,4,149.28,607.89,Month-to-month,High,1,55,28,0,3,New / At-Risk
CUS-000818,42,147.4,6121.33,Month-to-month,High,4,50,39,0,1,Low Value / Dormant
CUS-000819,18,134.68,2463.16,One year,High,4,78,44,0,0,High Value / Loyal
CUS-000820,40,94.73,3954.75,Two year,Medium,0,19,48,1,3,New / At-Risk
CUS-000821,39,71.74,2710.54,One year,Medium,3,1,3,0,3,New / At-Risk
CUS-000822,14,67.37,946.18,Month-to-month,High,8,91,41,0,0,High Value / Loyal
CUS-000823,32,21.58,672.12,Month-to-month,Medium,8,68,1,1,2,Mid Value / Moderate
CUS-000824,51,52.39,2766.68,Month-to-month,High,4,56,57,1,2,Mid Value / Moderate
CUS-000825,38,113.45,4406.21,Month-to-month,High,6,88,29,1,1,Low Value / Dormant
CUS-000826,23,98.47,2333.05,One year,High,1,14,46,0,3,New / At-Risk
CUS-000827,63,139.13,9153.82,Two year,Low,0,64,19,1,1,Low Value / Dormant
CUS-000828,15,26.5,386.9,Month-to-month,High,1,87,29,0,0,High Value / Loyal
CUS-000829,25,40.19,959.31,Two year,Medium,3,69,17,0,0,High Value / Loyal
CUS-000830,17,122.6,2040.65,Two year,Medium,5,84,29,0,0,High Value / Loyal
CUS-000831,66,66.61,4351.66,Month-to-month,High,2,22,45,0,2,Mid Value / Moderate
CUS-000832,53,35.38,1898.87,Month-to-month,Medium,1,44,34,0,2,Mid Value / Moderate
CUS-000833,51,149.54,7853.51,Month-to-month,Medium,6,49,0,1,1,Low Value / Dormant
CUS-000834,39,122.34,4699.69,One year,Medium,7,99,57,1,1,Low Value / Dormant
CUS-000835,51,73.14,3720.07,Month-to-month,Low,8,36,2,1,2,Mid Value / Moderate
CUS-000836,70,127.04,9146.31,Month-to-month,Medium,9,69,22,0,1,Low Value / Dormant
CUS-000837,6,108.48,632.99,Two year,Medium,7,97,58,1,0,High Value / Loyal
CUS-000838,67,122.7,7988.14,Month-to-month,Medium,1,88,44,0,1,Low Value / Dormant
CUS-000839,7,125.98,889.71,Month-to-month,Low,2,34,39,1,3,New / At-Risk
CUS-000840,51,31.01,1571.64,One year,Low,0,37,21,1,2,Mid Value / Moderate
CUS-000841,42,100.99,4431.83,Two year,Medium,0,89,48,1,1,Low Value / Dormant
CUS-000842,64,20.88,1317.35,Month-to-month,Medium,5,51,54,0,2,Mid Value / Moderate
CUS-000843,15,25.65,394.73,Month-to-month,Medium,2,37,47,1,3,New / At-Risk
CUS-000844,29,137.52,4021.14,One year,High,3,25,47,1,3,New / At-Risk
CUS-000845,33,88.58,2793.04,One year,Medium,9,86,43,1,0,High Value / Loyal
CUS-000846,27,115.67,2993.22,Two year,High,7,5,50,0,3,New / At-Risk
CUS-000847,36,129.01,4506.33,Month-to-month,Medium,4,8,47,1,1,Low Value / Dormant
CUS-000848,29,143.45,4011.5,One year,Medium,5,53,14,0,1,Low Value / Dormant
CUS-000849,38,133.02,4968.36,Month-to-month,Medium,8,27,40,0,1,Low Value / Dormant
CUS-000850,57,82.83,4758.63,Two year,Low,1,61,15,1,1,Low Value / Dormant
CUS-000851,27,63.68,1736.85,Month-to-month,High,2,99,26,0,0,High Value / Loyal
CUS-000852,55,40.08,2223.98,Month-to-month,High,4,65,31,0,2,Mid Value / Moderate
CUS-000853,33,72.04,2286.47,Month-to-month,High,1,84,33,0,0,High Value / Loyal
CUS-000854,68,67.64,4645.9,Month-to-month,Medium,7,71,56,1,2,Mid Value / Moderate
CUS-000855,66,92.74,6065.91,Month-to-month,Medium,1,45,41,1,1,Low Value / Dormant
CUS-000856,10,106.52,1108.09,Month-to-month,High,3,3,11,1,3,New / At-Risk
CUS-000857,5,147.18,766.23,Month-to-month,Medium,2,61,17,1,0,High Value / Loyal
CUS-000858,38,114.69,4475.1,Month-to-month,High,3,50,17,0,1,Low Value / Dormant
CUS-000859,13,103.69,1375.31,Two year,Medium,3,48,59,0,3,New / At-Risk
CUS-000860,31,63.56,1894.55,Month-to-month,Medium,5,73,3,0,0,High Value / Loyal
CUS-000861,47,24.49,1103.02,One year,High,9,47,33,0,2,Mid Value / Moderate
CUS-000862,52,57.46,3089.56,One year,High,9,14,38,1,2,Mid Value / Moderate
CUS-000863,56,119.9,6665.3,Month-to-month,High,9,19,18,1,1,Low Value / Dormant
CUS-000864,15,46.69,696.87,Month-to-month,Medium,8,91,42,0,0,High Value / Loyal
CUS-000865,29,112.58,3378.5,Two year,High,2,62,44,0,0,High Value / Loyal
CUS-000866,8,95.37,772.24,Month-to-month,Medium,0,6,51,1,3,New / At-Risk
CUS-000867,5,42.34,204.92,Month-to-month,Medium,7,7,30,1,3,New / At-Risk
CUS-000868,29,54.01,1521.06,Month-to-month,Medium,6,90,48,1,0,High Value / Loyal
CUS-000869,47,84.52,3776.33,Month-to-month,High,1,13,30,1,2,Mid Value / Moderate
CUS-000870,68,74.39,5165.0,Month-to-month,Low,4,46,41,0,1,Low Value / Dormant
CUS-000871,45,121.21,5446.75,Two year,Medium,9,33,47,0,1,Low Value / Dormant
CUS-000872,2,115.47,241.34,Two year,Medium,3,97,19,0,0,High Value / Loyal
CUS-000873,27,94.69,2611.47,Two year,Medium,8,41,47,1,3,New / At-Risk
CUS-000874,36,126.9,4386.96,Month-to-month,Medium,3,73,19,0,1,Low Value / Dormant
CUS-000875,36,93.15,3239.8,Two year,Low,4,79,31,0,0,High Value / Loyal
CUS-000876,26,145.37,3780.29,One year,High,7,69,19,0,1,Low Value / Dormant
CUS-000877,43,48.24,2162.41,Two year,Medium,2,29,15,0,2,Mid Value / Moderate
CUS-000878,27,112.84,2969.6,One year,High,5,7,58,0,3,New / At-Risk
CUS-000879,69,68.09,4851.37,Month-to-month,Medium,5,95,56,1,2,Mid Value / Moderate
CUS-000880,20,56.27,1104.19,Two year,Low,6,54,18,0,0,High Value / Loyal
CUS-000881,11,43.45,466.96,Month-to-month,Medium,8,98,30,1,0,High Value / Loyal
CUS-000882,38,91.83,3629.43,Two year,Low,2,11,12,1,3,New / At-Risk
CUS-000883,6,48.01,275.02,Month-to-month,Low,4,42,54,1,3,New / At-Risk
CUS-000884,23,46.05,1076.07,Two year,Medium,4,83,19,0,0,High Value / Loyal
CUS-000885,47,148.77,6672.73,Month-to-month,Medium,4,5,42,1,1,Low Value / Dormant
CUS-000886,46,124.23,5886.32,Month-to-month,High,5,87,11,0,1,Low Value / Dormant
CUS-000887,12,117.28,1453.67,One year,High,0,47,48,0,3,New / At-Risk
CUS-000888,13,123.23,1664.98,One year,High,8,2,46,1,3,New / At-Risk
CUS-000889,62,145.96,8765.44,One year,Medium,2,43,25,1,1,Low Value / Dormant
CUS-000890,60,94.53,5458.59,Month-to-month,Low,5,4,34,1,1,Low Value / Dormant
CUS-000891,43,48.63,2091.9,Month-to-month,Medium,3,81,40,1,2,Mid Value / Moderate
CUS-000892,68,132.09,8776.82,Month-to-month,Low,6,95,9,1,1,Low Value / Dormant
CUS-000893,5,116.55,588.97,Month-to-month,High,7,63,11,0,0,High Value / Loyal
CUS-000894,37,73.86,2736.58,One year,Low,3,59,53,1,2,Mid Value / Moderate
CUS-000895,31,81.56,2438.69,Month-to-month,Low,9,30,23,1,3,New / At-Risk
CUS-000896,9,73.46,676.99,Month-to-month,Low,5,2,8,1,3,New / At-Risk
CUS-000897,51,140.89,7403.8,Two year,High,9,88,55,1,1,Low Value / Dormant
CUS-000898,29,64.66,1961.94,Month-to-month,High,6,74,4,1,0,High Value / Loyal
CUS-000899,40,145.25,5749.43,One year,Medium,9,92,30,0,1,Low Value / Dormant
CUS-000900,41,138.34,5579.72,Month-to-month,Medium,6,43,53,1,1,Low Value / Dormant
CUS-000901,11,101.97,1087.13,Month-to-month,Low,8,96,57,1,0,High Value / Loyal
CUS-000902,23,95.38,2123.66,One year,Low,7,97,33,1,0,High Value / Loyal
CUS-000903,1,68.11,66.89,Month-to-month,Medium,2,18,59,1,3,New / At-Risk
CUS-000904,46,22.38,1079.27,One year,Medium,3,24,44,0,2,Mid Value / Moderate
CUS-000905,21,36.59,737.08,Two year,Medium,8,37,10,0,3,New / At-Risk
CUS-000906,36,118.05,4147.54,Two year,Medium,6,30,8,0,1,Low Value / Dormant
CUS-000907,54,81.3,4208.45,Two year,High,6,69,21,0,2,Mid Value / Moderate
CUS-000908,57,39.48,2199.36,One year,Medium,0,59,39,0,2,Mid Value / Moderate
CUS-000909,1,54.31,52.1,Month-to-month,High,1,23,54,1,3,New / At-Risk
CUS-000910,63,143.22,9030.28,Month-to-month,High,0,30,46,1,1,Low Value / Dormant
CUS-000911,54,67.73,3634.73,One year,High,3,68,27,0,2,Mid Value / Moderate
CUS-000912,55,138.0,7342.53,One year,High,3,41,15,0,1,Low Value / Dormant
CUS-000913,40,59.6,2306.58,Month-to-month,Medium,4,51,9,0,2,Mid Value / Moderate
CUS-000914,15,90.62,1376.42,Month-to-month,Medium,4,88,33,0,0,High Value / Loyal
CUS-000915,21,22.66,470.53,Month-to-month,Medium,0,67,14,0,0,High Value / Loyal
CUS-000916,47,87.84,3945.43,Month-to-month,Medium,6,15,17,0,2,Mid Value / Moderate
CUS-000917,53,102.8,5677.47,Month-to-month,Medium,5,56,44,1,1,Low Value / Dormant
CUS-000918,9,50.46,449.82,One year,Medium,7,65,30,0,0,High Value / Loyal
CUS-000919,52,95.26,4998.72,Month-to-month,Low,3,74,4,0,1,Low Value / Dormant
CUS-000920,57,104.13,6164.27,One year,Medium,0,90,50,1,1,Low Value / Dormant
CUS-000921,26,109.3,2813.87,One year,High,2,55,32,0,0,High Value / Loyal
CUS-000922,41,120.93,5117.22,Month-to-month,High,8,76,57,1,1,Low Value / Dormant
CUS-000923,35,60.47,2204.38,Month-to-month,Medium,9,65,58,1,2,Mid Value / Moderate
CUS-000924,63,93.81,5717.46,Month-to-month,Medium,6,2,28,1,1,Low Value / Dormant
CUS-000925,25,147.61,3834.97,One year,Medium,1,11,2,0,3,New / At-Risk
CUS-000926,38,136.76,4999.27,One year,Medium,2,76,22,0,1,Low Value / Dormant
CUS-000927,2,143.85,281.22,Month-to-month,Medium,1,92,9,1,0,High Value / Loyal
CUS-000928,7,70.2,506.53,Month-to-month,High,3,97,46,1,0,High Value / Loyal
CUS-000929,34,122.3,4324.84,Month-to-month,Low,1,42,31,1,1,Low Value / Dormant
CUS-000930,17,100.59,1741.46,One year,Medium,3,3,56,0,3,New / At-Risk
CUS-000931,43,30.76,1270.23,Month-to-month,Medium,6,41,47,0,2,Mid Value / Moderate
CUS-000932,59,127.12,7517.17,One year,Medium,7,49,26,0,1,Low Value / Dormant
CUS-000933,51,108.02,5549.2,One year,High,9,83,35,0,1,Low Value / Dormant
CUS-000934,54,45.86,2422.38,Month-to-month,Medium,5,82,23,0,2,Mid Value / Moderate
CUS-000935,24,30.37,764.59,One year,High,8,37,53,0,3,New / At-Risk
CUS-000936,25,128.81,3167.39,Month-to-month,Medium,5,92,19,1,0,High Value / Loyal
CUS-000937,71,30.26,2086.02,Month-to-month,Low,2,95,2,1,2,Mid Value / Moderate
CUS-000938,52,31.88,1592.93,Month-to-month,Medium,0,7,4,0,2,Mid Value / Moderate
CUS-000939,70,75.56,5225.15,Month-to-month,Low,8,38,2,1,1,Low Value / Dormant
CUS-000940,33,37.52,1262.13,Month-to-month,Medium,2,58,39,1,2,Mid Value / Moderate
CUS-000941,49,138.78,6617.44,One year,High,0,5,58,0,1,Low Value / Dormant
CUS-000942,29,81.14,2416.39,Two year,High,1,61,59,0,0,High Value / Loyal
CUS-000943,63,93.99,5705.45,One year,Medium,2,83,5,0,1,Low Value / Dormant
CUS-000944,22,140.65,3075.96,Month-to-month,Medium,7,77,14,0,0,High Value / Loyal
CUS-000945,26,88.93,2359.08,Two year,Medium,7,39,58,1,3,New / At-Risk
CUS-000946,28,65.97,1779.71,Month-to-month,Medium,1,28,5,0,3,New / At-Risk
CUS-000947,49,123.63,6117.15,Month-to-month,Low,5,57,22,0,1,Low Value / Dormant
CUS-000948,71,77.57,5672.16,Month-to-month,Low,1,2,59,0,1,Low Value / Dormant
CUS-000949,49,61.4,3037.4,One year,Medium,6,70,29,0,2,Mid Value / Moderate
CUS-000950,20,114.02,2283.01,Month-to-month,Medium,9,79,38,0,0,High Value / Loyal
CUS-000951,63,124.21,8089.87,One year,Medium,2,28,39,1,1,Low Value / Dormant
CUS-000952,61,122.92,7862.29,Month-to-month,High,7,37,47,0,1,Low Value / Dormant
CUS-000953,49,147.1,6978.08,One year,Low,2,89,20,0,1,Low Value / Dormant
CUS-000954,71,122.27,8847.04,One year,Low,9,96,44,1,1,Low Value / Dormant
CUS-000955,1,120.09,115.06,Two year,Medium,5,55,36,0,0,High Value / Loyal
CUS-000956,13,131.47,1631.01,Two year,High,0,94,21,0,0,High Value / Loyal
CUS-000957,51,20.02,998.84,One year,High,7,88,51,0,2,Mid Value / Moderate
CUS-000958,56,67.12,3935.5,Month-to-month,Medium,6,82,1,1,2,Mid Value / Moderate
CUS-000959,62,115.89,7222.58,One year,Low,0,1,13,0,1,Low Value / Dormant
CUS-000960,32,97.96,3062.19,Month-to-month,High,6,3,17,1,3,New / At-Risk
CUS-000961,30,43.08,1245.04,Two year,High,4,71,49,0,0,High Value / Loyal
CUS-000962,29,59.49,1797.56,Two year,High,1,97,49,0,0,High Value / Loyal
CUS-000963,49,63.78,3082.35,Month-to-month,High,0,85,14,0,2,Mid Value / Moderate
CUS-000964,45,93.82,4140.19,One year,Low,1,14,36,0,3,New / At-Risk
CUS-000965,30,128.11,3980.81,Month-to-month,High,5,48,1,0,1,Low Value / Dormant
CUS-000966,16,141.22,2283.17,Month-to-month,High,1,37,54,0,3,New / At-Risk
CUS-000967,40,117.51,4544.72,One year,Medium,5,3,42,1,1,Low Value / Dormant
CUS-000968,19,129.58,2442.76,Month-to-month,High,7,49,19,0,3,New / At-Risk
CUS-000969,18,81.11,1522.55,Two year,Medium,7,56,9,1,0,High Value / Loyal
CUS-000970,1,70.67,73.51,Month-to-month,Medium,5,89,4,0,0,High Value / Loyal
CUS-000971,47,71.05,3195.89,Two year,Medium,4,60,31,1,2,Mid Value / Moderate
CUS-000972,66,100.09,6452.77,One year,High,3,97,1,0,1,Low Value / Dormant
CUS-000973,38,36.15,1326.27,Two year,Medium,5,13,43,0,2,Mid Value / Moderate
CUS-000974,51,95.33,4878.49,Month-to-month,Medium,4,53,48,1,1,Low Value / Dormant
CUS-000975,63,106.47,6875.11,Month-to-month,Medium,9,50,56,1,1,Low Value / Dormant
CUS-000976,4,77.06,301.93,Two year,Medium,3,97,53,0,0,High Value / Loyal
CUS-000977,1,143.91,147.62,One year,Medium,5,93,4,1,0,High Value / Loyal
CUS-000978,8,99.07,805.91,Month-to-month,Medium,8,19,20,1,3,New / At-Risk
CUS-000979,29,48.6,1441.56,One year,Medium,8,26,17,0,3,New / At-Risk
CUS-000980,55,82.3,4729.29,Two year,High,7,53,47,1,1,Low Value / Dormant
CUS-000981,3,107.8,320.97,One year,High,9,57,39,0,0,High Value / Loyal
CUS-000982,32,62.07,1955.03,One year,Low,0,38,3,1,3,New / At-Risk
CUS-000983,10,30.35,309.11,Two year,Medium,8,9,31,1,3,New / At-Risk
CUS-000984,34,95.85,3359.01,Month-to-month,Medium,4,46,35,1,3,New / At-Risk
CUS-000985,55,143.22,7634.21,Two year,Medium,2,94,55,0,1,Low Value / Dormant
CUS-000986,32,83.06,2750.08,One year,Medium,7,86,3,1,0,High Value / Loyal
CUS-000987,50,137.79,6585.08,Month-to-month,Medium,7,4,16,1,1,Low Value / Dormant
CUS-000988,7,128.55,855.45,Month-to-month,Medium,8,71,51,0,0,High Value / Loyal
CUS-000989,8,39.16,302.61,Month-to-month,Low,1,82,41,1,0,High Value / Loyal
CUS-000990,65,112.06,7632.7,One year,Medium,9,50,32,0,1,Low Value / Dormant
CUS-000991,57,76.61,4377.09,One year,Medium,3,70,21,1,2,Mid Value / Moderate
CUS-000992,67,52.53,3360.05,Two year,Low,9,93,17,1,2,Mid Value / Moderate
CUS-000993,59,109.3,6769.44,Two year,Medium,1,5,26,0,1,Low Value / Dormant
CUS-000994,54,116.55,6447.61,Month-to-month,Low,5,70,14,0,1,Low Value / Dormant
CUS-000995,67,43.39,3005.15,One year,Medium,0,34,24,0,2,Mid Value / Moderate
CUS-000996,51,138.88,6879.45,One year,Low,9,98,9,0,1,Low Value / Dormant
CUS-000997,8,117.65,904.06,Month-to-month,Medium,2,65,15,1,0,High Value / Loyal
CUS-000998,34,141.34,4812.77,One year,High,1,18,3,1,1,Low Value / Dormant
CUS-000999,35,61.22,2201.0,Month-to-month,Medium,6,27,30,0,3,New / At-Risk
CUS-001000,32,142.11,4610.29,Month-to-month,Medium,7,10,58,1,1,Low Value / Dormant
CUS-001001,46,67.91,3164.68,Month-to-month,Medium,1,2,31,0,2,Mid Value / Moderate
CUS-001002,16,27.02,443.37,One year,High,8,83,23,0,0,High Value / Loyal
CUS-001003,68,119.19,7883.41,One year,Medium,0,91,58,1,1,Low Value / Dormant
CUS-001004,37,111.46,4190.48,One year,Low,1,61,17,0,1,Low Value / Dormant
CUS-001005,54,97.73,5220.4,One year,High,2,22,31,0,1,Low Value / Dormant
CUS-001006,14,83.69,1121.2,Month-to-month,Low,1,10,52,0,3,New / At-Risk
CUS-001007,55,24.18,1290.37,Month-to-month,High,0,59,27,0,2,Mid Value / Moderate
CUS-001008,48,101.2,5000.3,Month-to-month,Medium,7,91,10,1,1,Low Value / Dormant
CUS-001009,7,74.19,539.88,Month-to-month,Low,0,12,7,1,3,New / At-Risk
CUS-001010,7,92.83,635.68,Two year,High,4,63,0,0,0,High Value / Loyal
CUS-001011,33,75.81,2424.32,One year,Low,5,15,53,1,3,New / At-Risk
CUS-001012,23,145.59,3190.03,Month-to-month,Low,6,63,1,1,0,High Value / Loyal
CUS-001013,19,98.53,1955.96,Month-to-month,Medium,2,65,20,1,0,High Value / Loyal
CUS-001014,19,117.4,2271.62,One year,Medium,6,38,48,1,3,New / At-Risk
CUS-001015,36,141.73,5335.29,One year,Low,7,88,59,1,1,Low Value / Dormant
CUS-001016,29,96.91,2912.58,One year,Medium,9,6,51,1,3,New / At-Risk
CUS-001017,60,21.57,1273.44,Month-to-month,High,2,93,18,1,2,Mid Value / Moderate
CUS-001018,2,24.46,47.02,One year,Low,4,6,41,0,3,New / At-Risk
CUS-001019,1,111.3,111.29,Month-to-month,Medium,0,38,29,1,3,New / At-Risk
CUS-001020,47,56.28,2520.04,Two year,High,8,48,52,0,2,Mid Value / Moderate
CUS-001021,69,95.32,6346.79,Month-to-month,High,7,15,39,0,1,Low Value / Dormant
CUS-001022,20,46.3,901.24,Month-to-month,Low,2,72,24,1,0,High Value / Loyal
CUS-001023,11,55.13,616.5,One year,High,3,29,52,0,3,New / At-Risk
CUS-001024,2,85.6,171.38,Month-to-month,High,0,2,8,0,3,New / At-Risk
CUS-001025,67,146.82,9642.85,One year,High,0,75,41,1,1,Low Value / Dormant
CUS-001026,12,100.12,1209.16,Month-to-month,Medium,5,73,51,1,0,High Value / Loyal
CUS-001027,20,141.7,2727.77,Month-to-month,Medium,5,16,27,1,3,New / At-Risk
CUS-001028,5,144.72,742.1,Two year,Low,8,58,36,0,0,High Value / Loyal
CUS-001029,37,47.05,1777.92,Month-to-month,Medium,4,88,58,1,0,High Value / Loyal
CUS-001030,38,60.46,2232.17,Month-to-month,Low,2,34,31,1,2,Mid Value / Moderate
CUS-001031,9,120.1,1092.39,Month-to-month,High,5,43,40,1,3,New / At-Risk
CUS-001032,53,132.68,7034.33,Two year,Low,7,24,10,1,1,Low Value / Dormant
CUS-001033,44,87.5,3680.89,One year,High,6,25,56,0,2,Mid Value / Moderate
CUS-001034,24,149.12,3499.47,Two year,Low,9,41,49,1,3,New / At-Risk
CUS-001035,30,21.5,677.35,Two year,Medium,2,33,20,1,2,Mid Value / Moderate
CUS-001036,59,58.95,3338.6,One year,Medium,0,43,23,0,2,Mid Value / Moderate
CUS-001037,14,101.01,1415.06,Month-to-month,Medium,3,17,0,0,3,New / At-Risk
CUS-001038,9,81.01,754.54,Two year,Medium,5,7,15,0,3,New / At-Risk
CUS-001039,40,35.16,1378.3,Month-to-month,Medium,3,59,51,1,2,Mid Value / Moderate
CUS-001040,66,67.81,4368.52,Two year,Low,4,27,23,0,2,Mid Value / Moderate
CUS-001041,25,23.31,605.47,One year,Low,9,36,9,0,2,Mid Value / Moderate
CUS-001042,22,103.56,2233.79,One year,Medium,6,19,31,0,3,New / At-Risk
CUS-001043,4,136.06,552.47,Month-to-month,Medium,4,15,27,1,3,New / At-Risk
CUS-001044,26,135.03,3595.25,One year,Low,4,70,49,0,0,High Value / Loyal
CUS-001045,58,110.94,6620.28,One year,Medium,1,57,32,0,1,Low Value / Dormant
CUS-001046,29,80.55,2451.53,Month-to-month,High,0,69,59,0,0,High Value / Loyal
CUS-001047,37,86.56,3299.98,Two year,Medium,3,53,37,0,2,Mid Value / Moderate
CUS-001048,70,37.8,2687.51,One year,Low,9,69,21,1,2,Mid Value / Moderate
CUS-001049,18,64.33,1203.77,Month-to-month,Low,7,2,0,0,3,New / At-Risk
CUS-001050,42,44.4,1940.67,One year,Medium,2,18,34,0,2,Mid Value / Moderate
CUS-001051,41,126.76,5442.9,One year,Medium,5,32,57,1,1,Low Value / Dormant
CUS-001052,38,138.92,5424.83,Two year,High,9,29,44,1,1,Low Value / Dormant
CUS-001053,34,89.8,2960.06,One year,High,1,49,11,0,3,New / At-Risk
CUS-001054,17,114.61,1989.24,Month-to-month,Medium,8,84,55,1,0,High Value / Loyal
CUS-001055,37,35.79,1267.98,Month-to-month,Medium,8,83,45,1,0,High Value / Loyal
CUS-001056,25,99.11,2432.63,Month-to-month,Medium,3,80,24,0,0,High Value / Loyal
CUS-001057,27,111.36,2891.28,Month-to-month,Medium,7,75,27,1,0,High Value / Loyal
CUS-001058,57,78.86,4697.26,One year,Low,1,60,55,0,2,Mid Value / Moderate
CUS-001059,31,51.63,1574.58,Month-to-month,Medium,9,28,16,1,3,New / At-Risk
CUS-001060,6,134.06,821.5,Month-to-month,Medium,1,86,15,0,0,High Value / Loyal
CUS-001061,40,116.58,4696.38,One year,Medium,5,27,31,0,1,Low Value / Dormant
CUS-001062,12,136.98,1579.26,Month-to-month,Low,1,81,58,0,0,High Value / Loyal
CUS-001063,53,126.39,6739.89,Month-to-month,High,0,8,44,0,1,Low Value / Dormant
CUS-001064,71,148.75,10731.22,One year,High,9,72,3,0,1,Low Value / Dormant
CUS-001065,10,44.98,466.99,Month-to-month,Medium,1,23,46,1,3,New / At-Risk
CUS-001066,45,31.28,1346.97,One year,Low,1,32,59,1,2,Mid Value / Moderate
CUS-001067,17,63.81,1062.61,One year,Medium,4,15,40,0,3,New / At-Risk
CUS-001068,26,36.77,974.42,Two year,High,5,91,48,1,0,High Value / Loyal
CUS-001069,62,88.01,5202.34,Month-to-month,High,2,68,59,0,1,Low Value / Dormant
CUS-001070,46,102.29,4566.02,Month-to-month,Low,7,40,10,1,1,Low Value / Dormant
CUS-001071,64,95.18,5919.99,One year,Medium,1,96,19,0,1,Low Value / Dormant
CUS-001072,2,53.7,109.22,Month-to-month,High,9,57,25,1,0,High Value / Loyal
CUS-001073,54,138.15,7300.27,Month-to-month,Medium,2,47,6,0,1,Low Value / Dormant
CUS-001074,65,22.75,1493.64,Month-to-month,Low,3,10,30,1,2,Mid Value / Moderate
CUS-001075,51,65.24,3482.17,One year,High,4,56,6,0,2,Mid Value / Moderate
CUS-001076,53,113.47,6190.21,Two year,Medium,4,92,54,0,1,Low Value / Dormant
CUS-001077,36,119.7,4237.22,Two year,Medium,5,52,57,0,1,Low Value / Dormant
CUS-001078,26,74.1,1921.16,Two year,Medium,3,96,3,1,0,High Value / Loyal
CUS-001079,29,22.2,624.48,Month-to-month,High,9,96,7,0,0,High Value / Loyal
CUS-001080,21,100.35,2005.21,One year,Medium,6,63,50,0,0,High Value / Loyal
CUS-001081,11,28.2,303.7,Month-to-month,Medium,7,51,13,0,0,High Value / Loyal
CUS-001082,40,34.02,1343.08,Two year,High,3,79,56,0,2,Mid Value / Moderate
CUS-001083,11,104.53,1157.26,Two year,High,8,70,21,0,0,High Value / Loyal
CUS-001084,36,60.62,2279.36,Two year,Medium,5,9,22,0,3,New / At-Risk
CUS-001085,59,65.24,4021.79,Two year,Medium,7,94,24,0,2,Mid Value / Moderate
CUS-001086,39,83.28,3108.47,One year,Low,8,41,35,1,2,Mid Value / Moderate
CUS-001087,54,147.22,8040.76,One year,Medium,0,40,52,0,1,Low Value / Dormant
CUS-001088,55,145.51,7636.66,Two year,Medium,4,16,48,0,1,Low Value / Dormant
CUS-001089,24,74.11,1805.07,One year,Low,6,25,25,1,3,New / At-Risk
CUS-001090,22,54.51,1153.48,Two year,Medium,9,10,23,0,3,New / At-Risk
CUS-001091,69,59.34,4277.02,Two year,High,1,30,17,0,2,Mid Value / Moderate
CUS-001092,56,54.94,3188.82,One year,High,6,9,20,0,2,Mid Value / Moderate
CUS-001093,33,89.19,2802.74,Month-to-month,Medium,6,40,46,1,3,New / At-Risk
CUS-001094,36,98.89,3660.55,Month-to-month,Medium,2,57,4,0,0,High Value / Loyal
CUS-001095,20,83.54,1693.53,Month-to-month,Medium,8,46,14,1,3,New / At-Risk
CUS-001096,62,73.04,4526.34,Month-to-month,Low,6,7,30,1,2,Mid Value / Moderate
CUS-001097,26,47.47,1246.81,Month-to-month,Medium,9,43,25,0,3,New / At-Risk
CUS-001098,66,82.73,5557.22,One year,High,4,48,3,0,1,Low Value / Dormant
CUS-001099,40,64.34,2672.68,Month-to-month,High,6,76,3,0,2,Mid Value / Moderate
CUS-001100,17,90.41,1578.02,Two year,High,6,57,43,1,0,High Value / Loyal
CUS-001101,1,107.77,108.59,Month-to-month,High,5,17,49,0,3,New / At-Risk
CUS-001102,61,102.33,6444.8,Two year,Low,3,25,18,0,1,Low Value / Dormant
CUS-001103,43,80.12,3613.08,Month-to-month,High,7,7,25,1,3,New / At-Risk
CUS-001104,42,92.29,3798.6,One year,Medium,1,55,49,0,2,Mid Value / Moderate
CUS-001105,25,57.03,1371.38,One year,High,7,19,32,1,3,New / At-Risk
CUS-001106,39,23.15,923.8,One year,Medium,4,81,3,0,2,Mid Value / Moderate
CUS-001107,35,101.25,3713.45,One year,Medium,6,32,56,1,3,New / At-Risk
CUS-001108,3,52.83,152.43,Month-to-month,Low,2,87,46,1,0,High Value / Loyal
CUS-001109,44,106.96,4674.27,Month-to-month,Low,6,32,37,1,1,Low Value / Dormant
CUS-001110,51,117.11,5711.22,Month-to-month,Medium,8,26,23,0,1,Low Value / Dormant
CUS-001111,12,139.07,1715.0,Month-to-month,High,6,72,30,0,0,High Value / Loyal
CUS-001112,19,144.56,2869.8,One year,Medium,0,22,33,1,3,New / At-Risk
CUS-001113,44,21.37,940.11,One year,Low,8,55,33,0,2,Mid Value / Moderate
CUS-001114,59,148.75,8696.76,Two year,Medium,6,57,1,1,1,Low Value / Dormant
CUS-001115,49,108.79,5548.17,Two year,Medium,1,8,42,1,1,Low Value / Dormant
CUS-001116,61,103.66,6091.33,Month-to-month,Medium,4,46,7,1,1,Low Value / Dormant
CUS-001117,17,21.98,388.25,Month-to-month,Low,9,5,48,1,3,New / At-Risk
CUS-001118,57,131.96,7440.6,One year,Medium,1,12,20,0,1,Low Value / Dormant
CUS-001119,55,38.91,2152.98,Month-to-month,High,6,27,11,0,2,Mid Value / Moderate
CUS-001120,47,128.85,6073.22,One year,High,8,84,35,0,1,Low Value / Dormant
CUS-001121,12,22.02,267.34,One year,Medium,3,11,58,1,3,New / At-Risk
CUS-001122,62,103.98,6731.49,One year,High,2,36,0,0,1,Low Value / Dormant
CUS-001123,8,76.52,639.81,Two year,Medium,5,52,59,0,0,High Value / Loyal
CUS-001124,21,46.1,1000.15,Two year,High,7,2,41,1,3,New / At-Risk
CUS-001125,70,33.98,2305.43,Two year,Medium,7,74,38,1,2,Mid Value / Moderate
CUS-001126,25,77.22,1898.28,Two year,Low,7,71,15,0,0,High Value / Loyal
CUS-001127,12,36.03,431.83,Two year,Medium,4,12,48,1,3,New / At-Risk
CUS-001128,15,83.24,1299.2,Month-to-month,High,5,55,5,0,0,High Value / Loyal
CUS-001129,59,101.28,5987.88,Two year,Low,1,80,59,1,1,Low Value / Dormant
CUS-001130,26,127.56,3474.9,Month-to-month,Low,5,31,32,0,3,New / At-Risk
CUS-001131,26,108.22,2949.98,One year,High,4,91,42,0,0,High Value / Loyal
CUS-001132,47,28.48,1351.56,Month-to-month,Low,2,32,12,1,2,Mid Value / Moderate
CUS-001133,32,59.97,1991.36,Month-to-month,Medium,7,64,44,1,0,High Value / Loyal
CUS-001134,10,57.44,603.05,Month-to-month,High,3,91,8,1,0,High Value / Loyal
CUS-001135,16,138.95,2301.02,Month-to-month,High,1,59,34,0,0,High Value / Loyal
CUS-001136,71,132.81,9577.59,Month-to-month,High,2,25,27,1,1,Low Value / Dormant
CUS-001137,17,68.12,1197.99,Month-to-month,Medium,1,69,33,1,0,High Value / Loyal
CUS-001138,23,29.25,644.68,Two year,Low,1,68,31,1,0,High Value / Loyal
CUS-001139,26,136.23,3589.84,Two year,High,2,44,54,1,3,New / At-Risk
CUS-001140,7,135.46,921.37,One year,High,6,43,0,0,3,New / At-Risk
CUS-001141,14,131.12,1765.16,Two year,Medium,9,15,38,0,3,New / At-Risk
CUS-001142,7,129.86,944.74,One year,High,0,13,24,1,3,New / At-Risk
CUS-001143,9,82.43,752.26,Two year,High,9,97,51,1,0,High Value / Loyal
CUS-001144,48,43.07,2014.16,One year,Medium,5,69,9,1,2,Mid Value / Moderate
CUS-001145,59,82.07,4787.51,One year,Low,0,70,1,0,1,Low Value / Dormant
CUS-001146,39,84.3,3443.21,Two year,Low,2,45,3,0,2,Mid Value / Moderate
CUS-001147,18,83.69,1561.0,Month-to-month,Medium,3,25,24,1,3,New / At-Risk
CUS-001148,59,90.04,5055.04,Month-to-month,Medium,7,25,15,1,1,Low Value / Dormant
CUS-001149,17,53.5,953.06,One year,Low,1,10,39,0,3,New / At-Risk
CUS-001150,14,67.61,934.11,Month-to-month,Medium,6,62,43,1,0,High Value / Loyal
CUS-001151,31,76.44,2416.08,Month-to-month,Medium,2,12,4,0,3,New / At-Risk
CUS-001152,24,37.05,908.01,Month-to-month,Medium,0,67,55,0,0,High Value / Loyal
CUS-001153,60,79.2,4947.47,Two year,Low,5,29,22,1,1,Low Value / Dormant
CUS-001154,45,125.36,5858.47,Two year,Medium,1,93,19,0,1,Low Value / Dormant
CUS-001155,3,127.65,374.58,Month-to-month,Low,2,43,2,1,3,New / At-Risk
CUS-001156,37,73.5,2758.66,Month-to-month,Medium,5,88,0,0,0,High Value / Loyal
CUS-001157,43,87.45,3720.17,Month-to-month,Medium,2,88,45,1,0,High Value / Loyal
CUS-001158,40,24.37,977.47,One year,Medium,4,89,50,0,2,Mid Value / Moderate
CUS-001159,55,107.68,5954.57,Month-to-month,Medium,2,37,55,1,1,Low Value / Dormant
CUS-001160,39,72.6,2802.0,Month-to-month,Medium,6,69,24,0,2,Mid Value / Moderate
CUS-001161,15,77.91,1164.46,Month-to-month,High,6,11,15,1,3,New / At-Risk
CUS-001162,4,133.58,518.73,Month-to-month,Low,0,40,40,0,3,New / At-Risk
CUS-001163,25,80.04,2022.5,Month-to-month,Medium,5,63,4,1,0,High Value / Loyal
CUS-001164,13,22.75,303.48,One year,Low,2,22,35,1,3,New / At-Risk
CUS-001165,33,49.57,1624.44,Month-to-month,Low,6,15,5,1,3,New / At-Risk
CUS-001166,16,81.83,1371.83,One year,Medium,0,9,11,0,3,New / At-Risk
CUS-001167,42,75.17,3017.41,Month-to-month,High,9,70,45,0,2,Mid Value / Moderate
CUS-001168,66,131.85,8779.56,Month-to-month,Low,2,64,22,0,1,Low Value / Dormant
CUS-001169,55,90.48,5017.89,Month-to-month,High,9,90,45,1,1,Low Value / Dormant
CUS-001170,42,109.65,4391.86,One year,High,1,6,37,0,1,Low Value / Dormant
CUS-001171,34,81.01,2678.54,One year,Medium,7,96,4,1,0,High Value / Loyal
CUS-001172,30,77.16,2408.53,Two year,Medium,7,43,1,0,3,New / At-Risk
CUS-001173,13,78.02,1018.74,Month-to-month,High,8,20,2,1,3,New / At-Risk
CUS-001174,13,73.42,948.39,Month-to-month,Medium,8,99,40,1,0,High Value / Loyal
CUS-001175,18,90.02,1606.59,Month-to-month,Medium,1,43,6,1,3,New / At-Risk
CUS-001176,32,52.56,1747.13,Month-to-month,Medium,6,62,25,1,0,High Value / Loyal
CUS-001177,39,135.84,5227.21,Month-to-month,Medium,6,67,11,0,1,Low Value / Dormant
CUS-001178,46,63.3,3016.44,Month-to-month,Medium,3,82,49,1,2,Mid Value / Moderate
CUS-001179,29,39.18,1114.49,Month-to-month,High,5,99,59,0,0,High Value / Loyal
CUS-001180,62,32.55,2024.55,One year,High,0,52,44,0,2,Mid Value / Moderate
CUS-001181,62,21.74,1300.17,One year,Medium,5,74,0,1,2,Mid Value / Moderate
CUS-001182,57,74.97,4412.26,Month-to-month,Medium,0,94,0,0,2,Mid Value / Moderate
CUS-001183,16,44.39,726.99,Month-to-month,High,4,26,32,0,3,New / At-Risk
CUS-001184,56,22.81,1281.44,One year,Medium,3,94,53,1,2,Mid Value / Moderate
CUS-001185,10,87.6,834.49,Month-to-month,Medium,5,31,52,1,3,New / At-Risk
CUS-001186,30,108.4,3245.82,One year,Medium,4,55,38,0,0,High Value / Loyal
CUS-001187,25,31.15,757.29,Two year,Medium,4,68,59,0,0,High Value / Loyal
CUS-001188,5,79.92,396.14,Two year,Medium,2,57,52,1,0,High Value / Loyal
CUS-001189,65,116.67,7853.96,Month-to-month,High,9,24,8,0,1,Low Value / Dormant
CUS-001190,49,148.15,7455.31,One year,High,1,65,0,0,1,Low Value / Dormant
CUS-001191,3,106.73,311.94,One year,Medium,6,26,14,0,3,New / At-Risk
CUS-001192,45,51.83,2445.42,Month-to-month,Medium,9,49,24,0,2,Mid Value / Moderate
CUS-001193,14,113.15,1648.0,One year,High,7,93,43,0,0,High Value / Loyal
CUS-001194,30,97.73,2940.33,Month-to-month,High,4,38,35,1,3,New / At-Risk
CUS-001195,68,47.53,3242.05,Two year,Low,8,36,9,1,2,Mid Value / Moderate
CUS-001196,18,130.64,2445.96,Month-to-month,Medium,0,54,54,0,3,New / At-Risk
CUS-001197,62,75.56,4748.66,Month-to-month,Medium,2,9,49,0,2,Mid Value / Moderate
CUS-001198,37,145.06,5386.8,One year,High,7,42,30,0,1,Low Value / Dormant
CUS-001199,25,113.98,2920.42,Month-to-month,High,4,96,50,1,0,High Value / Loyal
CUS-001200,48,103.79,4850.1,Month-to-month,Low,1,82,19,0,1,Low Value / Dormant
CUS-001201,65,114.69,7736.65,Month-to-month,High,9,24,4,0,1,Low Value / Dormant
CUS-001202,53,82.15,4367.77,Month-to-month,High,8,40,27,1,2,Mid Value / Moderate
CUS-001203,15,85.68,1298.49,One year,Medium,0,82,33,0,0,High Value / Loyal
CUS-001204,49,130.66,6139.67,Month-to-month,Medium,2,8,38,1,1,Low Value / Dormant
CUS-001205,68,108.52,7238.84,Month-to-month,Medium,3,54,37,1,1,Low Value / Dormant
CUS-001206,12,136.64,1627.69,Month-to-month,High,6,11,15,1,3,New / At-Risk
CUS-001207,59,135.81,7943.66,Month-to-month,Medium,3,99,14,1,1,Low Value / Dormant
CUS-001208,37,146.94,5588.22,One year,Medium,1,88,40,0,1,Low Value / Dormant
CUS-001209,61,111.03,6625.28,Month-to-month,High,1,77,38,0,1,Low Value / Dormant
CUS-001210,43,85.3,3551.27,Two year,Medium,9,95,41,1,0,High Value / Loyal
CUS-001211,70,41.62,2937.51,Month-to-month,Low,0,56,25,0,2,Mid Value / Moderate
CUS-001212,39,111.7,4406.38,Month-to-month,Low,6,94,29,1,1,Low Value / Dormant
CUS-001213,56,57.91,3119.98,One year,Low,8,29,1,1,2,Mid Value / Moderate
CUS-001214,63,56.78,3399.36,Month-to-month,Medium,9,42,2,0,2,Mid Value / Moderate
CUS-001215,46,50.98,2442.9,Month-to-month,Medium,1,6,18,0,2,Mid Value / Moderate
CUS-001216,11,133.77,1409.57,Month-to-month,High,6,3,55,1,3,New / At-Risk
CUS-001217,62,132.84,8563.47,Month-to-month,High,7,92,23,0,1,Low Value / Dormant
CUS-001218,25,102.03,2524.95,One year,High,2,74,2,0,0,High Value / Loyal
CUS-001219,71,81.49,5874.17,One year,High,3,98,39,0,1,Low Value / Dormant
CUS-001220,52,107.37,5407.96,Month-to-month,Medium,8,65,4,1,1,Low Value / Dormant
CUS-001221,4,98.94,408.58,One year,Medium,3,12,58,1,3,New / At-Risk
CUS-001222,59,74.05,4228.97,Two year,Medium,5,36,31,0,2,Mid Value / Moderate
CUS-001223,20,69.35,1371.3,Two year,Low,7,56,51,0,0,High Value / Loyal
CUS-001224,63,69.76,4279.95,Month-to-month,High,9,52,30,0,2,Mid Value / Moderate
CUS-001225,54,96.59,5391.75,Month-to-month,Medium,1,32,11,0,1,Low Value / Dormant
CUS-001226,57,104.2,6152.05,Month-to-month,Low,0,56,42,1,1,Low Value / Dormant
CUS-001227,41,78.73,,Month-to-month,Medium,6,11,35,1,3,New / At-Risk
CUS-001228,3,145.93,429.36,Month-to-month,Medium,0,1,35,1,3,New / At-Risk
CUS-001229,6,30.9,190.47,Month-to-month,Low,3,6,30,1,3,New / At-Risk
CUS-001230,5,65.12,337.9,Month-to-month,Medium,4,91,32,0,0,High Value / Loyal
CUS-001231,5,74.48,377.02,One year,High,1,79,58,0,0,High Value / Loyal
CUS-001232,54,22.2,1250.02,Month-to-month,High,9,74,6,1,2,Mid Value / Moderate
CUS-001233,47,67.44,3132.81,Month-to-month,High,3,24,58,1,2,Mid Value / Moderate
CUS-001234,49,55.58,2628.72,Month-to-month,Medium,9,72,25,0,2,Mid Value / Moderate
CUS-001235,9,85.78,747.33,One year,Medium,6,81,25,1,0,High Value / Loyal
CUS-001236,20,63.73,1296.32,One year,High,3,24,19,0,3,New / At-Risk
CUS-001237,61,114.4,6914.09,Two year,High,0,77,33,0,1,Low Value / Dormant
CUS-001238,35,86.29,2916.39,Two year,Medium,9,9,32,0,3,New / At-Risk
CUS-001239,50,36.87,1805.15,One year,High,3,59,18,1,2,Mid Value / Moderate
CUS-001240,62,117.51,7307.79,Two year,Medium,5,70,16,0,1,Low Value / Dormant
CUS-001241,17,32.9,538.12,Month-to-month,Low,4,93,42,0,0,High Value / Loyal
CUS-001242,3,129.08,368.0,One year,High,3,23,36,0,3,New / At-Risk
CUS-001243,32,141.08,4703.11,One year,Medium,1,86,5,0,1,Low Value / Dormant
CUS-001244,13,61.92,789.23,One year,Medium,9,85,58,0,0,High Value / Loyal
CUS-001245,68,140.4,9281.21,Month-to-month,Medium,5,17,21,0,1,Low Value / Dormant
CUS-001246,14,123.09,1757.48,Month-to-month,Low,5,98,37,1,0,High Value / Loyal
CUS-001247,11,139.92,1593.47,Month-to-month,Medium,5,90,54,0,0,High Value / Loyal
CUS-001248,56,106.62,6049.42,One year,Low,3,25,16,0,1,Low Value / Dormant
CUS-001249,67,50.63,3309.17,Two year,Low,7,38,19,1,2,Mid Value / Moderate
CUS-001250,29,136.29,4095.28,Month-to-month,Medium,0,3,41,1,3,New / At-Risk
CUS-001251,9,43.95,396.0,Two year,Medium,9,67,41,1,0,High Value / Loyal
CUS-001252,67,47.7,3157.79,Month-to-month,High,7,14,40,1,2,Mid Value / Moderate
CUS-001253,25,55.24,1395.42,Two year,High,7,10,25,0,3,New / At-Risk
CUS-001254,42,59.55,2551.36,Two year,Low,4,66,27,1,2,Mid Value / Moderate
CUS-001255,9,86.88,789.28,Month-to-month,High,8,71,49,1,0,High Value / Loyal
CUS-001256,40,112.75,4699.51,Month-to-month,Medium,8,14,44,1,1,Low Value / Dormant
CUS-001257,25,140.41,3555.11,Month-to-month,Medium,9,81,7,1,0,High Value / Loyal
CUS-001258,5,31.5,163.45,Two year,Low,3,10,42,0,3,New / At-Risk
CUS-001259,11,144.07,1598.53,Month-to-month,Medium,1,99,6,1,0,High Value / Loyal
CUS-001260,59,139.77,8106.09,One year,High,0,49,6,0,1,Low Value / Dormant
CUS-001261,38,27.02,1030.07,Month-to-month,Medium,7,91,28,0,0,High Value / Loyal
CUS-001262,5,66.84,320.38,Two year,Low,7,62,2,0,0,High Value / Loyal
CUS-001263,48,125.71,5871.2,Month-to-month,Medium,6,48,15,1,1,Low Value / Dormant
CUS-001264,18,99.5,1838.77,Month-to-month,Medium,2,3,12,1,3,New / At-Risk
CUS-001265,70,121.28,8626.84,Month-to-month,Medium,2,47,49,1,1,Low Value / Dormant
CUS-001266,37,113.47,4058.54,Month-to-month,High,9,60,17,1,1,Low Value / Dormant
CUS-001267,60,84.58,5043.35,Month-to-month,High,7,25,43,1,1,Low Value / Dormant
CUS-001268,48,25.36,1173.62,One year,High,7,7,12,1,2,Mid Value / Moderate
CUS-001269,28,95.95,2782.34,Month-to-month,High,1,77,30,1,0,High Value / Loyal
CUS-001270,69,26.31,1744.68,One year,Low,0,39,2,0,2,Mid Value / Moderate
CUS-001271,40,98.48,4000.14,Month-to-month,Low,0,43,29,0,1,Low Value / Dormant
CUS-001272,45,124.05,5642.14,Month-to-month,Medium,0,46,2,0,1,Low Value / Dormant
CUS-001273,62,96.05,5938.82,Month-to-month,Low,2,89,25,1,1,Low Value / Dormant
CUS-001274,58,149.61,8485.11,One year,High,0,43,1,0,1,Low Value / Dormant
CUS-001275,67,79.26,5259.59,Month-to-month,Low,7,29,38,1,1,Low Value / Dormant
CUS-001276,56,117.35,6772.81,Month-to-month,Medium,7,83,33,0,1,Low Value / Dormant
CUS-001277,40,106.74,4381.18,One year,Medium,8,86,37,1,1,Low Value / Dormant
CUS-001278,40,148.89,6097.67,Month-to-month,Medium,3,66,12,1,1,Low Value / Dormant
CUS-001279,33,112.72,3812.64,One year,Medium,7,86,10,0,0,High Value / Loyal
CUS-001280,6,41.32,239.11,Month-to-month,High,6,99,36,1,0,High Value / Loyal
CUS-001281,19,144.22,2630.28,Month-to-month,Medium,3,98,6,1,0,High Value / Loyal
CUS-001282,40,106.81,4426.89,One year,Medium,0,69,42,0,1,Low Value / Dormant
CUS-001283,59,27.71,1690.26,Month-to-month,Low,2,27,26,1,2,Mid Value / Moderate
CUS-001284,59,105.48,6336.39,Month-to-month,Low,7,82,6,1,1,Low Value / Dormant
CUS-001285,48,134.81,6539.19,One year,Low,7,3,7,0,1,Low Value / Dormant
CUS-001286,41,95.02,3843.77,Month-to-month,Medium,1,56,35,0,1,Low Value / Dormant
CUS-001287,13,66.02,834.61,One year,Medium,6,64,41,0,0,High Value / Loyal
CUS-001288,45,126.72,5797.92,Two year,Low,0,21,28,0,1,Low Value / Dormant
CUS-001289,53,121.73,6717.98,One year,Medium,3,24,20,0,1,Low Value / Dormant
CUS-001290,42,90.74,3787.22,Month-to-month,Low,6,90,25,1,0,High Value / Loyal
CUS-001291,63,40.07,2474.55,One year,Medium,3,20,19,0,2,Mid Value / Moderate
CUS-001292,27,52.63,1388.39,Month-to-month,Medium,3,52,28,0,0,High Value / Loyal
CUS-001293,38,116.0,4198.15,Month-to-month,High,6,13,14,0,3,New / At-Risk
CUS-001294,60,124.79,7502.65,Two year,Medium,0,70,22,0,1,Low Value / Dormant
CUS-001295,7,56.3,413.37,Month-to-month,Medium,4,90,14,1,0,High Value / Loyal
CUS-001296,5,67.84,349.88,Month-to-month,Medium,5,43,50,1,3,New / At-Risk
CUS-001297,45,30.09,1407.97,Month-to-month,Low,6,94,9,1,2,Mid Value / Moderate
CUS-001298,58,112.75,6618.74,Two year,High,6,78,1,0,1,Low Value / Dormant
CUS-001299,31,20.47,633.24,Month-to-month,Medium,6,37,47,1,2,Mid Value / Moderate
CUS-001300,23,26.05,628.55,Month-to-month,High,1,30,51,1,3,New / At-Risk
CUS-001301,42,20.56,859.15,One year,High,5,15,29,1,2,Mid Value / Moderate
CUS-001302,10,103.89,1082.22,One year,High,8,83,36,0,0,High Value / Loyal
CUS-001303,32,74.26,2438.55,Month-to-month,High,6,75,26,0,0,High Value / Loyal
CUS-001304,53,58.68,3057.53,Two year,Medium,6,84,16,0,2,Mid Value / Moderate
CUS-001305,30,138.65,4160.81,Month-to-month,Low,1,25,2,0,1,Low Value / Dormant
CUS-001306,39,45.06,1737.18,Month-to-month,Low,6,38,7,0,2,Mid Value / Moderate
CUS-001307,31,70.62,2109.52,Month-to-month,High,8,43,42,0,3,New / At-Risk
CUS-001308,2,142.24,280.41,One year,Medium,2,30,36,1,3,New / At-Risk
CUS-001309,12,75.52,941.54,Month-to-month,Low,1,40,48,1,3,New / At-Risk
CUS-001310,39,92.11,3683.05,Two year,Medium,5,59,3,0,2,Mid Value / Moderate
CUS-001311,66,30.44,1964.6,Two year,Medium,1,23,23,0,2,Mid Value / Moderate
CUS-001312,13,122.72,1574.31,Month-to-month,Medium,0,44,28,0,3,New / At-Risk
CUS-001313,46,74.96,3488.25,Two year,Medium,9,81,7,1,2,Mid Value / Moderate
CUS-001314,27,124.07,3321.72,Month-to-month,Medium,3,1,33,1,3,New / At-Risk
CUS-001315,17,52.99,901.17,Month-to-month,Medium,8,78,47,0,0,High Value / Loyal
CUS-001316,60,74.92,4584.42,One year,Medium,9,82,8,1,2,Mid Value / Moderate
CUS-001317,64,122.25,7798.46,One year,Low,2,41,57,0,1,Low Value / Dormant
CUS-001318,35,146.6,4972.58,One year,High,2,62,16,0,1,Low Value / Dormant
CUS-001319,70,27.75,1946.59,Month-to-month,Medium,5,60,9,1,2,Mid Value / Moderate
CUS-001320,30,125.62,3714.36,Two year,Medium,5,80,23,0,0,High Value / Loyal
CUS-001321,71,59.09,4107.57,One year,Medium,7,10,55,0,2,Mid Value / Moderate
CUS-001322,63,91.6,5671.4,Month-to-month,Medium,9,73,44,1,1,Low Value / Dormant
CUS-001323,28,57.71,1606.08,Two year,Medium,5,78,21,0,0,High Value / Loyal
CUS-001324,60,99.75,6216.26,Two year,Medium,7,66,16,0,1,Low Value / Dormant
CUS-001325,37,65.99,2498.94,Month-to-month,Medium,7,57,30,1,2,Mid Value / Moderate
CUS-001326,22,63.37,1417.54,One year,Low,6,42,43,1,3,New / At-Risk
CUS-001327,68,24.93,1690.5,Two year,High,4,54,8,1,2,Mid Value / Moderate
CUS-001328,20,39.1,743.14,Two year,Medium,3,85,14,0,0,High Value / Loyal
CUS-001329,68,139.22,9316.02,Month-to-month,Low,0,42,41,0,1,Low Value / Dormant
CUS-001330,64,149.78,9885.88,One year,Medium,5,66,50,0,1,Low Value / Dormant
CUS-001331,17,121.47,2041.86,Two year,Medium,7,70,29,0,0,High Value / Loyal
CUS-001332,12,57.29,691.81,Month-to-month,Medium,3,11,16,1,3,New / At-Risk
CUS-001333,22,72.32,1544.02,One year,High,6,67,6,0,0,High Value / Loyal
CUS-001334,17,116.14,2056.41,One year,High,2,11,45,0,3,New / At-Risk
CUS-001335,10,145.91,1520.81,Month-to-month,Medium,4,4,44,1,3,New / At-Risk
CUS-001336,65,79.21,4966.5,Month-to-month,High,6,79,25,0,1,Low Value / Dormant
CUS-001337,22,127.84,2875.48,One year,High,8,90,52,1,0,High Value / Loyal
CUS-001338,50,146.76,7026.26,Month-to-month,Medium,8,79,1,1,1,Low Value / Dormant
CUS-001339,14,133.55,1888.15,Month-to-month,High,6,49,47,0,3,New / At-Risk
CUS-001340,64,49.53,3068.02,Month-to-month,Medium,3,22,28,1,2,Mid Value / Moderate
CUS-001341,47,21.04,954.03,One year,Low,5,37,48,1,2,Mid Value / Moderate
CUS-001342,29,83.97,2314.39,Month-to-month,High,3,10,5,0,3,New / At-Risk
CUS-001343,36,89.08,3348.14,One year,Low,2,20,32,1,3,New / At-Risk
CUS-001344,52,46.16,2479.49,One year,Medium,8,96,37,0,2,Mid Value / Moderate
CUS-001345,7,57.01,382.19,Month-to-month,Medium,4,73,0,0,0,High Value / Loyal
CUS-001346,29,119.47,3499.06,One year,High,7,50,54,0,3,New / At-Risk
CUS-001347,11,81.15,868.76,One year,Low,2,31,54,1,3,New / At-Risk
CUS-001348,33,61.26,1973.75,Month-to-month,Medium,8,44,9,1,2,Mid Value / Moderate
CUS-001349,6,100.94,628.31,Two year,Medium,0,31,51,1,3,New / At-Risk
CUS-001350,32,104.86,3226.07,Month-to-month,Medium,1,92,54,1,0,High Value / Loyal
CUS-001351,51,120.02,6183.22,Month-to-month,Medium,3,75,30,0,1,Low Value / Dormant
CUS-001352,58,40.37,2318.47,Month-to-month,Medium,1,41,23,0,2,Mid Value / Moderate
CUS-001353,26,116.4,2932.75,Month-to-month,High,8,4,7,1,3,New / At-Risk
CUS-001354,46,97.93,4482.92,Month-to-month,Low,6,14,27,1,1,Low Value / Dormant
CUS-001355,29,27.48,832.15,Month-to-month,High,1,46,27,1,2,Mid Value / Moderate
CUS-001356,4,121.07,497.91,Month-to-month,Medium,3,54,47,0,0,High Value / Loyal
CUS-001357,13,69.8,874.02,One year,Medium,5,93,43,0,0,High Value / Loyal
CUS-001358,39,62.95,2540.82,Month-to-month,High,1,92,50,1,0,High Value / Loyal
CUS-001359,15,78.25,1225.09,Two year,High,8,89,45,1,0,High Value / Loyal
CUS-001360,29,65.0,1843.04,One year,Low,2,87,7,0,0,High Value / Loyal
CUS-001361,29,63.98,1824.43,One year,Medium,1,33,28,0,3,New / At-Risk
CUS-001362,32,125.05,3852.07,One year,Low,3,30,18,0,3,New / At-Risk
CUS-001363,2,36.19,71.25,One year,Medium,4,9,28,0,3,New / At-Risk
CUS-001364,47,146.18,6989.32,One year,High,3,38,58,0,1,Low Value / Dormant
CUS-001365,22,92.14,1980.92,One year,Low,2,89,14,0,0,High Value / Loyal
CUS-001366,27,43.78,1123.77,Month-to-month,High,2,82,30,0,0,High Value / Loyal
CUS-001367,67,37.06,2442.8,Month-to-month,Medium,2,43,4,0,2,Mid Value / Moderate
CUS-001368,56,96.9,5400.78,Two year,Medium,2,7,48,0,1,Low Value / Dormant
CUS-001369,21,102.29,2162.34,One year,Medium,5,88,27,0,0,High Value / Loyal
CUS-001370,47,26.89,1287.22,Month-to-month,Medium,3,40,54,1,2,Mid Value / Moderate
CUS-001371,59,51.59,2910.44,Month-to-month,Low,6,85,45,1,2,Mid Value / Moderate
CUS-001372,6,123.41,738.22,Month-to-month,Low,6,62,14,0,0,High Value / Loyal
CUS-001373,19,26.45,490.83,Month-to-month,High,3,55,57,1,0,High Value / Loyal
CUS-001374,57,131.16,7811.12,Two year,High,0,35,7,0,1,Low Value / Dormant
CUS-001375,69,105.56,7181.67,Month-to-month,Medium,8,43,35,1,1,Low Value / Dormant
CUS-001376,3,76.48,220.25,Month-to-month,Medium,6,11,31,1,3,New / At-Risk
CUS-001377,1,65.04,62.05,Month-to-month,High,5,2,38,1,3,New / At-Risk
CUS-001378,58,22.5,1274.52,Month-to-month,Medium,4,79,38,0,2,Mid Value / Moderate
CUS-001379,38,127.28,4681.25,Month-to-month,Medium,8,79,21,1,1,Low Value / Dormant
CUS-001380,15,38.55,586.97,Two year,High,8,5,4,1,3,New / At-Risk
CUS-001381,34,60.24,2119.24,Two year,Low,9,40,9,1,2,Mid Value / Moderate
CUS-001382,61,93.98,5625.56,Two year,High,5,80,51,0,1,Low Value / Dormant
CUS-001383,35,51.98,1833.42,One year,Medium,7,46,30,1,2,Mid Value / Moderate
CUS-001384,64,84.63,5540.95,One year,Medium,6,21,36,1,1,Low Value / Dormant
CUS-001385,25,125.21,3098.59,Two year,Medium,0,9,22,0,3,New / At-Risk
CUS-001386,24,81.17,1863.6,Two year,Medium,1,71,31,0,0,High Value / Loyal
CUS-001387,12,143.37,1673.81,Two year,Medium,8,27,23,0,3,New / At-Risk
CUS-001388,18,130.18,2432.91,Two year,Medium,9,17,3,0,3,New / At-Risk
CUS-001389,15,63.3,980.23,One year,Low,3,66,52,1,0,High Value / Loyal
CUS-001390,27,72.0,1863.49,Month-to-month,Medium,2,26,42,1,3,New / At-Risk
CUS-001391,60,75.03,4377.67,Month-to-month,Medium,1,72,37,1,2,Mid Value / Moderate
CUS-001392,46,101.4,4790.11,One year,Medium,7,45,14,0,1,Low Value / Dormant
CUS-001393,17,57.28,972.45,One year,Low,6,55,10,0,0,High Value / Loyal
CUS-001394,53,146.0,7939.29,Two year,High,8,40,24,0,1,Low Value / Dormant
CUS-001395,8,99.13,770.12,Two year,Low,2,16,25,1,3,New / At-Risk
CUS-001396,27,71.92,2029.81,One year,Medium,0,84,53,0,0,High Value / Loyal
CUS-001397,46,103.85,4912.64,Month-to-month,High,8,96,38,1,1,Low Value / Dormant
CUS-001398,50,71.4,3462.12,Month-to-month,High,4,32,55,1,2,Mid Value / Moderate
CUS-001399,71,126.31,9020.67,Month-to-month,High,4,35,50,1,1,Low Value / Dormant
CUS-001400,3,93.82,270.57,Month-to-month,Medium,2,64,36,1,0,High Value / Loyal
CUS-001401,64,25.46,1606.62,One year,High,7,64,35,1,2,Mid Value / Moderate
CUS-001402,44,42.98,1921.23,Month-to-month,Low,7,15,32,1,2,Mid Value / Moderate
CUS-001403,53,132.45,6900.56,Month-to-month,Medium,0,42,47,0,1,Low Value / Dormant
CUS-001404,24,93.18,2271.3,Month-to-month,Medium,3,50,43,1,3,New / At-Risk
CUS-001405,60,143.54,8392.87,One year,High,5,32,19,0,1,Low Value / Dormant
CUS-001406,3,29.41,90.2,Month-to-month,High,8,30,49,0,3,New / At-Risk
CUS-001407,20,58.38,1151.28,Two year,High,1,83,51,0,0,High Value / Loyal
CUS-001408,46,45.16,2137.73,Month-to-month,Medium,6,24,33,1,2,Mid Value / Moderate
CUS-001409,15,92.0,1329.85,Month-to-month,Medium,9,66,44,1,0,High Value / Loyal
CUS-001410,25,69.76,1720.0,One year,Medium,0,21,11,1,3,New / At-Risk
CUS-001411,71,40.45,2861.28,Two year,High,9,42,35,0,2,Mid Value / Moderate
CUS-001412,17,103.56,1747.07,One year,Medium,3,80,3,1,0,High Value / Loyal
CUS-001413,9,89.72,802.07,One year,High,9,58,12,0,0,High Value / Loyal
CUS-001414,38,55.72,2105.51,Two year,Medium,6,2,58,1,3,New / At-Risk
CUS-001415,48,82.37,4147.04,One year,High,2,16,2,0,2,Mid Value / Moderate
CUS-001416,60,116.95,6801.45,Month-to-month,Medium,2,93,52,0,1,Low Value / Dormant
CUS-001417,63,46.69,3020.19,One year,High,3,7,56,1,2,Mid Value / Moderate
CUS-001418,2,58.08,116.76,Two year,High,7,55,16,0,0,High Value / Loyal
CUS-001419,11,64.99,708.76,One year,Low,2,15,6,1,3,New / At-Risk
CUS-001420,64,117.07,7592.81,Two year,Medium,7,23,57,0,1,Low Value / Dormant
CUS-001421,21,130.1,2828.69,Month-to-month,High,9,69,44,1,0,High Value / Loyal
CUS-001422,18,68.93,1236.61,Month-to-month,Low,8,1,46,1,3,New / At-Risk
CUS-001423,64,58.56,3884.61,One year,Medium,7,69,13,1,2,Mid Value / Moderate
CUS-001424,38,135.63,4944.52,Month-to-month,Low,7,13,31,1,1,Low Value / Dormant
CUS-001425,32,149.92,4870.8,Two year,Medium,8,26,47,1,1,Low Value / Dormant
CUS-001426,11,107.15,1158.94,Two year,Medium,3,52,48,1,3,New / At-Risk
CUS-001427,45,148.7,6615.58,Two year,Medium,2,13,25,0,1,Low Value / Dormant
CUS-001428,33,105.8,3516.05,Two year,Medium,7,96,30,0,0,High Value / Loyal
CUS-001429,41,115.35,4719.85,Month-to-month,Medium,0,55,47,0,1,Low Value / Dormant
CUS-001430,8,70.53,557.53,Two year,Medium,9,29,59,0,3,New / At-Risk
CUS-001431,11,76.29,823.06,Month-to-month,Low,0,18,30,1,3,New / At-Risk
CUS-001432,51,38.74,1998.99,Month-to-month,High,3,2,15,0,2,Mid Value / Moderate
CUS-001433,41,126.96,5208.16,One year,Medium,9,27,59,0,1,Low Value / Dormant
CUS-001434,17,141.04,2355.28,Month-to-month,Medium,2,50,0,0,3,New / At-Risk
CUS-001435,46,101.05,4511.02,Two year,Medium,9,42,45,1,1,Low Value / Dormant
CUS-001436,32,64.67,2126.38,Month-to-month,Low,1,67,33,0,0,High Value / Loyal
CUS-001437,54,40.02,2225.97,Two year,High,8,94,25,0,2,Mid Value / Moderate
CUS-001438,20,54.47,1058.23,Month-to-month,High,4,10,53,0,3,New / At-Risk
CUS-001439,33,53.2,1713.86,Two year,Medium,2,9,58,0,3,New / At-Risk
CUS-001440,40,99.76,3886.25,One year,Medium,8,3,29,1,3,New / At-Risk
CUS-001441,32,142.85,4747.16,One year,High,7,86,40,1,1,Low Value / Dormant
CUS-001442,2,26.28,53.99,Month-to-month,High,3,38,50,1,3,New / At-Risk
CUS-001443,33,20.13,636.12,One year,Medium,9,75,4,1,2,Mid Value / Moderate
CUS-001444,30,98.02,3038.54,Month-to-month,High,4,70,23,0,0,High Value / Loyal
CUS-001445,33,56.93,1791.61,One year,Medium,4,69,9,0,0,High Value / Loyal
CUS-001446,26,134.47,3409.97,One year,Medium,7,30,37,0,3,New / At-Risk
CUS-001447,22,62.54,1433.59,Month-to-month,Low,6,14,34,1,3,New / At-Risk
CUS-001448,66,57.67,3944.61,Month-to-month,Medium,2,2,1,0,2,Mid Value / Moderate
CUS-001449,38,55.04,2150.24,Month-to-month,Medium,5,97,28,1,0,High Value / Loyal
CUS-001450,46,38.83,1778.64,Two year,Low,5,8,18,0,2,Mid Value / Moderate
CUS-001451,15,95.6,1408.38,One year,Low,1,74,37,0,0,High Value / Loyal
CUS-001452,44,41.87,1912.47,Two year,High,0,85,52,0,2,Mid Value / Moderate
CUS-001453,49,75.2,3742.78,One year,Medium,6,83,55,1,2,Mid Value / Moderate
CUS-001454,61,79.93,4775.81,Two year,Medium,2,99,41,0,1,Low Value / Dormant
CUS-001455,67,22.66,1512.9,Month-to-month,Low,4,18,49,1,2,Mid Value / Moderate
CUS-001456,6,22.18,138.19,Month-to-month,Medium,7,71,13,1,0,High Value / Loyal
CUS-001457,9,87.63,820.47,One year,Medium,4,13,27,0,3,New / At-Risk
CUS-001458,6,110.48,673.47,One year,High,4,46,33,0,3,New / At-Risk
CUS-001459,32,142.48,4665.34,One year,High,4,54,3,0,1,Low Value / Dormant
CUS-001460,41,43.29,1692.94,Month-to-month,Low,6,12,46,1,2,Mid Value / Moderate
CUS-001461,8,33.42,270.19,Month-to-month,Medium,1,40,24,1,3,New / At-Risk
CUS-001462,50,26.77,1363.87,Month-to-month,High,0,88,52,1,2,Mid Value / Moderate
CUS-001463,62,76.69,4526.46,One year,Medium,3,82,54,0,2,Mid Value / Moderate
CUS-001464,62,101.01,6477.91,One year,Medium,4,38,54,0,1,Low Value / Dormant
CUS-001465,7,129.27,943.66,Month-to-month,High,6,12,5,0,3,New / At-Risk
CUS-001466,4,108.74,423.58,One year,High,0,67,27,0,0,High Value / Loyal
CUS-001467,6,47.09,292.29,Month-to-month,Medium,8,25,37,1,3,New / At-Risk
CUS-001468,58,80.03,4718.58,One year,Medium,9,35,8,1,2,Mid Value / Moderate
CUS-001469,22,138.35,3068.15,One year,Medium,3,16,51,1,3,New / At-Risk
CUS-001470,26,62.48,1680.12,Month-to-month,Medium,5,45,17,1,3,New / At-Risk
CUS-001471,3,84.83,249.05,Month-to-month,Medium,0,13,54,0,3,New / At-Risk
CUS-001472,41,144.61,6101.61,Month-to-month,Medium,8,24,30,1,1,Low Value / Dormant
CUS-001473,60,115.51,6802.17,Two year,Low,3,76,21,1,1,Low Value / Dormant
CUS-001474,14,117.21,1688.06,One year,High,4,2,3,0,3,New / At-Risk
CUS-001475,12,52.8,630.54,Month-to-month,Low,7,90,32,1,0,High Value / Loyal
CUS-001476,12,73.91,852.95,Month-to-month,Medium,5,10,35,1,3,New / At-Risk
CUS-001477,13,30.7,394.43,Two year,High,9,19,53,1,3,New / At-Risk
CUS-001478,25,98.85,2405.35,One year,Medium,2,86,58,1,0,High Value / Loyal
CUS-001479,45,33.48,1446.63,Month-to-month,Medium,9,24,34,0,2,Mid Value / Moderate
CUS-001480,19,128.67,2349.42,Month-to-month,High,7,90,12,0,0,High Value / Loyal
CUS-001481,55,125.89,7117.98,One year,High,5,61,14,1,1,Low Value / Dormant
CUS-001482,45,89.37,4174.97,Month-to-month,Medium,1,5,32,0,3,New / At-Risk
CUS-001483,8,38.35,319.92,Month-to-month,Medium,4,80,27,1,0,High Value / Loyal
CUS-001484,53,23.33,1280.0,Two year,Medium,2,34,47,0,2,Mid Value / Moderate
CUS-001485,55,123.57,7020.9,Two year,Medium,3,92,33,0,1,Low Value / Dormant
CUS-001486,32,98.02,3001.35,Two year,High,8,64,37,0,0,High Value / Loyal
CUS-001487,51,112.42,5899.8,Month-to-month,Low,2,12,0,1,1,Low Value / Dormant
CUS-001488,44,59.49,2691.93,Month-to-month,Low,4,59,53,1,2,Mid Value / Moderate
CUS-001489,70,86.23,5813.73,Month-to-month,Medium,7,21,30,1,1,Low Value / Dormant
CUS-001490,18,117.13,2142.55,Two year,Medium,8,96,48,0,0,High Value / Loyal
CUS-001491,22,80.13,1754.56,One year,High,6,89,16,0,0,High Value / Loyal
CUS-001492,37,98.18,3777.97,Two year,Medium,3,78,21,1,0,High Value / Loyal
CUS-001493,56,122.66,7003.45,Two year,Medium,8,47,31,0,1,Low Value / Dormant
CUS-001494,59,47.98,2958.41,One year,High,1,53,28,0,2,Mid Value / Moderate
CUS-001495,3,28.57,82.33,Month-to-month,Medium,1,99,0,0,0,High Value / Loyal
CUS-001496,28,89.14,2381.18,Month-to-month,High,3,73,47,0,0,High Value / Loyal
CUS-001497,35,28.08,1029.21,Month-to-month,High,1,94,27,1,0,High Value / Loyal
CUS-001498,61,119.65,6992.39,Month-to-month,High,2,93,40,0,1,Low Value / Dormant
CUS-001499,54,113.5,6059.12,Month-to-month,Medium,4,39,1,0,1,Low Value / Dormant
CUS-001500,63,134.62,8608.42,One year,Low,2,31,24,0,1,Low Value / Dormant
CUS-001501,7,103.14,749.44,Month-to-month,Medium,0,78,20,0,0,High Value / Loyal
CUS-001502,49,28.74,1373.49,One year,Medium,2,81,36,1,2,Mid Value / Moderate
CUS-001503,31,52.91,1562.96,Two year,High,5,89,25,1,0,High Value / Loyal
CUS-001504,58,125.03,7267.24,Month-to-month,Low,2,46,39,1,1,Low Value / Dormant
CUS-001505,61,41.73,2538.01,Month-to-month,Medium,8,57,0,0,2,Mid Value / Moderate
CUS-001506,24,110.8,2607.91,Month-to-month,Medium,2,37,31,0,3,New / At-Risk
CUS-001507,20,121.43,2519.48,Month-to-month,Medium,2,27,8,0,3,New / At-Risk
CUS-001508,37,62.91,2385.88,One year,Medium,2,82,45,0,0,High Value / Loyal
CUS-001509,4,61.9,256.46,One year,High,4,29,48,0,3,New / At-Risk
CUS-001510,20,92.51,1787.71,One year,Low,6,18,4,1,3,New / At-Risk
CUS-001511,60,131.97,8070.39,Month-to-month,Medium,4,4,39,0,1,Low Value / Dormant
CUS-001512,24,49.11,1234.58,Month-to-month,High,8,84,16,1,0,High Value / Loyal
CUS-001513,50,142.36,7197.84,One year,Medium,5,1,52,1,1,Low Value / Dormant
CUS-001514,49,97.89,4638.76,Month-to-month,High,0,24,28,0,1,Low Value / Dormant
CUS-001515,51,148.98,7974.48,Month-to-month,High,8,42,43,1,1,Low Value / Dormant
CUS-001516,36,31.65,1142.62,Two year,High,2,60,18,0,2,Mid Value / Moderate
CUS-001517,66,36.45,2487.72,Month-to-month,Medium,7,24,39,1,2,Mid Value / Moderate
CUS-001518,34,127.46,4181.8,Two year,Medium,2,56,28,0,1,Low Value / Dormant
CUS-001519,36,132.42,4846.24,Month-to-month,Medium,7,69,50,1,1,Low Value / Dormant
CUS-001520,6,77.91,486.75,Month-to-month,High,3,90,11,0,0,High Value / Loyal
CUS-001521,39,112.83,4414.43,One year,Medium,0,18,7,1,1,Low Value / Dormant
CUS-001522,42,132.78,5459.0,Two year,Medium,5,65,42,1,1,Low Value / Dormant
CUS-001523,58,25.61,1429.85,Two year,Medium,6,10,42,1,2,Mid Value / Moderate
CUS-001524,12,94.61,1112.19,Month-to-month,Medium,7,17,30,0,3,New / At-Risk
CUS-001525,3,130.95,387.16,Two year,High,5,58,14,0,0,High Value / Loyal
CUS-001526,18,71.76,1318.8,Month-to-month,Medium,0,35,33,0,3,New / At-Risk
CUS-001527,40,59.31,2296.15,Month-to-month,High,4,4,25,1,3,New / At-Risk
CUS-001528,21,123.44,2490.17,Month-to-month,Medium,8,44,34,0,3,New / At-Risk
CUS-001529,15,63.65,943.99,Month-to-month,Medium,2,91,28,0,0,High Value / Loyal
CUS-001530,26,20.41,528.53,One year,Medium,4,75,32,1,0,High Value / Loyal
CUS-001531,8,144.74,1172.82,Month-to-month,Low,5,67,32,1,0,High Value / Loyal
CUS-001532,42,96.98,4157.52,Two year,High,4,28,35,0,1,Low Value / Dormant
CUS-001533,44,126.54,5784.38,One year,Low,3,11,20,1,1,Low Value / Dormant
CUS-001534,14,127.29,1744.44,Two year,Medium,1,3,29,1,3,New / At-Risk
CUS-001535,2,28.63,57.43,One year,Low,4,3,18,0,3,New / At-Risk
CUS-001536,37,42.21,1540.92,One year,Low,9,25,31,1,2,Mid Value / Moderate
CUS-001537,69,60.45,3962.81,Month-to-month,Medium,0,76,49,0,2,Mid Value / Moderate
CUS-001538,38,61.69,2362.88,One year,Low,0,12,0,1,3,New / At-Risk
CUS-001539,41,105.64,4468.11,Two year,Medium,7,49,50,0,1,Low Value / Dormant
CUS-001540,62,101.01,5972.15,One year,Medium,3,56,32,0,1,Low Value / Dormant
CUS-001541,60,84.3,4806.68,Month-to-month,High,0,53,25,0,1,Low Value / Dormant
CUS-001542,14,47.46,679.64,Month-to-month,Medium,1,96,41,0,0,High Value / Loyal
CUS-001543,2,69.66,141.88,Two year,Medium,4,10,53,0,3,New / At-Risk
CUS-001544,70,90.67,6286.95,Month-to-month,Medium,6,19,44,1,1,Low Value / Dormant
CUS-001545,17,80.84,1396.46,Two year,High,4,47,26,0,3,New / At-Risk
CUS-001546,28,36.55,1069.74,Month-to-month,Medium,9,54,50,1,2,Mid Value / Moderate
CUS-001547,66,104.44,6719.01,Month-to-month,Medium,5,7,27,1,1,Low Value / Dormant
CUS-001548,35,29.5,1006.16,One year,Medium,6,88,19,0,0,High Value / Loyal
CUS-001549,5,69.17,334.98,Month-to-month,Low,2,39,7,0,3,New / At-Risk
CUS-001550,65,112.3,7463.25,Month-to-month,Low,9,32,25,1,1,Low Value / Dormant
CUS-001551,40,22.6,890.85,Month-to-month,High,4,23,30,0,2,Mid Value / Moderate
CUS-001552,56,94.1,5526.99,One year,Medium,7,50,4,0,1,Low Value / Dormant
CUS-001553,36,63.49,2334.62,Month-to-month,High,5,19,10,1,3,New / At-Risk
CUS-001554,45,21.15,939.04,Month-to-month,High,1,67,20,1,2,Mid Value / Moderate
CUS-001555,23,44.75,993.14,Two year,Medium,8,25,7,0,3,New / At-Risk
CUS-001556,47,142.32,6750.74,Month-to-month,High,1,25,25,0,1,Low Value / Dormant
CUS-001557,31,87.75,2664.44,Month-to-month,Low,5,6,57,0,3,New / At-Risk
CUS-001558,11,149.64,1712.78,One year,Low,1,97,59,1,0,High Value / Loyal
CUS-001559,10,88.23,877.09,One year,Medium,9,97,45,0,0,High Value / Loyal
CUS-001560,67,90.71,5951.67,Month-to-month,Medium,6,15,11,0,1,Low Value / Dormant
CUS-001561,14,70.94,1001.95,Two year,Medium,0,63,42,0,0,High Value / Loyal
CUS-001562,10,60.31,581.16,One year,Medium,3,20,12,0,3,New / At-Risk
CUS-001563,1,52.7,53.03,Month-to-month,Low,7,43,9,1,3,New / At-Risk
CUS-001564,5,64.64,308.88,One year,Medium,8,96,51,0,0,High Value / Loyal
CUS-001565,20,79.78,1612.67,Month-to-month,Medium,9,88,28,1,0,High Value / Loyal
CUS-001566,8,44.96,360.76,Month-to-month,Low,2,67,7,0,0,High Value / Loyal
CUS-001567,43,49.23,2121.45,Two year,High,8,4,41,0,2,Mid Value / Moderate
CUS-001568,1,55.3,56.32,Month-to-month,Medium,7,6,52,0,3,New / At-Risk
CUS-001569,57,78.4,4265.43,Two year,High,3,59,37,0,2,Mid Value / Moderate
CUS-001570,64,104.87,6684.38,Month-to-month,High,0,52,0,0,1,Low Value / Dormant
CUS-001571,28,131.3,3655.8,Month-to-month,Medium,9,19,8,1,3,New / At-Risk
CUS-001572,37,57.33,2112.57,Month-to-month,High,4,26,3,1,2,Mid Value / Moderate
CUS-001573,47,43.88,2161.56,Month-to-month,Low,6,48,32,1,2,Mid Value / Moderate
CUS-001574,37,69.25,2469.83,One year,Medium,4,89,54,0,0,High Value / Loyal
CUS-001575,49,136.27,6804.37,One year,Medium,4,55,41,0,1,Low Value / Dormant
CUS-001576,44,21.28,927.23,One year,Medium,4,89,51,0,2,Mid Value / Moderate
CUS-001577,56,108.12,6061.98,One year,High,2,59,20,1,1,Low Value / Dormant
CUS-001578,28,82.03,2357.13,One year,High,5,74,58,0,0,High Value / Loyal
CUS-001579,6,40.94,237.2,Two year,Medium,3,38,6,0,3,New / At-Risk
CUS-001580,61,61.73,3864.96,Month-to-month,Low,9,84,54,1,2,Mid Value / Moderate
CUS-001581,20,49.24,942.55,Two year,Medium,1,5,31,0,3,New / At-Risk
CUS-001582,2,134.12,267.79,Month-to-month,Medium,3,42,56,1,3,New / At-Risk
CUS-001583,37,82.64,3131.83,One year,Medium,5,35,56,1,3,New / At-Risk
CUS-001584,20,93.2,1806.74,Two year,Low,5,69,38,1,0,High Value / Loyal
CUS-001585,26,97.18,2595.12,Month-to-month,High,8,99,27,0,0,High Value / Loyal
CUS-001586,29,103.15,2891.69,One year,High,7,3,25,0,3,New / At-Risk
CUS-001587,1,84.42,86.95,Two year,High,4,41,56,0,3,New / At-Risk
CUS-001588,35,22.32,778.9,Month-to-month,Low,9,32,36,1,2,Mid Value / Moderate
CUS-001589,70,63.51,4528.07,Two year,Medium,2,36,33,0,2,Mid Value / Moderate
CUS-001590,59,43.9,2698.43,Month-to-month,Medium,3,30,8,0,2,Mid Value / Moderate
CUS-001591,69,108.42,7412.37,One year,Medium,4,39,5,0,1,Low Value / Dormant
CUS-001592,33,27.37,879.14,Two year,Low,0,93,21,0,0,High Value / Loyal
CUS-001593,51,93.29,4932.71,Month-to-month,Medium,8,90,8,1,1,Low Value / Dormant
CUS-001594,12,47.38,549.35,Month-to-month,High,3,89,46,0,0,High Value / Loyal
CUS-001595,20,143.35,2904.69,Month-to-month,High,7,60,44,0,0,High Value / Loyal
CUS-001596,53,63.62,3514.59,Month-to-month,Medium,4,56,14,0,2,Mid Value / Moderate
CUS-001597,43,62.28,2724.69,Month-to-month,High,4,76,0,1,2,Mid Value / Moderate
CUS-001598,50,140.04,6788.92,Two year,High,1,82,31,0,1,Low Value / Dormant
CUS-001599,29,74.26,2078.52,Two year,Medium,7,58,46,1,0,High Value / Loyal
CUS-001600,57,145.17,8069.85,One year,Medium,9,26,17,0,1,Low Value / Dormant
CUS-001601,39,23.14,892.74,Two year,Medium,6,79,10,1,2,Mid Value / Moderate
CUS-001602,56,59.82,3236.0,One year,Medium,1,5,34,0,2,Mid Value / Moderate
CUS-001603,43,106.61,4720.54,One year,Low,5,56,32,0,1,Low Value / Dormant
CUS-001604,50,135.81,6693.49,One year,Low,8,33,3,0,1,Low Value / Dormant
CUS-001605,23,53.33,1280.15,One year,High,7,9,33,0,3,New / At-Risk
CUS-001606,44,140.96,6414.76,Month-to-month,High,9,32,47,0,1,Low Value / Dormant
CUS-001607,38,97.24,3846.02,Month-to-month,Medium,2,77,18,1,0,High Value / Loyal
CUS-001608,23,124.13,2796.34,Two year,Medium,6,28,47,1,3,New / At-Risk
CUS-001609,45,71.64,3247.43,Month-to-month,Medium,3,23,11,0,2,Mid Value / Moderate
CUS-001610,52,47.58,2430.16,Month-to-month,Medium,3,88,39,1,2,Mid Value / Moderate
CUS-001611,50,138.46,6754.76,One year,Low,6,95,58,1,1,Low Value / Dormant
CUS-001612,8,141.31,1142.57,Two year,High,6,69,35,1,0,High Value / Loyal
CUS-001613,1,84.68,87.38,One year,Medium,0,62,47,0,0,High Value / Loyal
CUS-001614,8,20.84,159.98,Month-to-month,Low,0,48,40,1,0,High Value / Loyal
CUS-001615,29,34.27,971.6,One year,Medium,5,66,21,0,0,High Value / Loyal
CUS-001616,5,94.49,458.54,Two year,High,1,62,46,0,0,High Value / Loyal
CUS-001617,47,23.09,1117.65,One year,High,2,94,11,0,2,Mid Value / Moderate
CUS-001618,34,71.6,2539.85,Month-to-month,Medium,1,69,48,1,0,High Value / Loyal
CUS-001619,65,59.44,3701.19,One year,Low,1,56,53,1,2,Mid Value / Moderate
CUS-001620,55,112.87,6132.61,Month-to-month,Medium,7,74,54,1,1,Low Value / Dormant
CUS-001621,43,27.23,1219.21,Two year,High,7,36,27,0,2,Mid Value / Moderate
CUS-001622,30,83.54,2467.12,One year,Medium,5,36,14,1,3,New / At-Risk
CUS-001623,17,95.28,1654.29,One year,High,2,56,3,0,0,High Value / Loyal
CUS-001624,26,100.25,2502.36,One year,Low,4,7,7,0,3,New / At-Risk
CUS-001625,8,72.67,578.13,Two year,High,6,93,30,0,0,High Value / Loyal
CUS-001626,47,59.57,2800.61,Month-to-month,Low,4,32,59,1,2,Mid Value / Moderate
CUS-001627,46,108.72,5130.17,Month-to-month,High,6,91,25,1,1,Low Value / Dormant
CUS-001628,68,130.18,8665.57,Month-to-month,Low,9,1,2,1,1,Low Value / Dormant
CUS-001629,33,110.17,3549.89,One year,Medium,6,58,38,1,0,High Value / Loyal
CUS-001630,1,141.17,138.39,One year,High,3,20,6,0,3,New / At-Risk
CUS-001631,19,113.24,2163.62,One year,Medium,9,34,14,1,3,New / At-Risk
CUS-001632,31,119.4,3840.59,One year,High,9,51,19,0,1,Low Value / Dormant
CUS-001633,14,41.83,604.96,Month-to-month,Medium,5,36,16,0,3,New / At-Risk
CUS-001634,53,74.54,3775.99,Month-to-month,High,8,26,59,1,2,Mid Value / Moderate
CUS-001635,48,83.06,4137.83,Month-to-month,Low,3,87,31,0,2,Mid Value / Moderate
CUS-001636,69,53.32,3529.99,One year,Medium,9,33,9,1,2,Mid Value / Moderate
CUS-001637,62,88.71,5453.47,Two year,High,0,1,15,1,1,Low Value / Dormant
CUS-001638,66,57.8,3916.25,One year,Medium,7,67,47,1,2,Mid Value / Moderate
CUS-001639,64,109.38,6707.07,Month-to-month,High,3,50,25,0,1,Low Value / Dormant
CUS-001640,70,81.14,5418.59,Month-to-month,High,7,35,21,1,1,Low Value / Dormant
CUS-001641,63,79.64,4932.33,Two year,Medium,8,35,14,1,1,Low Value / Dormant
CUS-001642,33,147.87,4992.03,Month-to-month,Medium,7,59,57,1,1,Low Value / Dormant
CUS-001643,41,71.02,2918.07,Month-to-month,High,0,77,59,0,2,Mid Value / Moderate
CUS-001644,48,67.1,3193.99,Month-to-month,High,8,97,59,1,2,Mid Value / Moderate
CUS-001645,13,61.42,823.44,One year,Medium,4,13,11,0,3,New / At-Risk
CUS-001646,31,136.32,4338.55,Month-to-month,Medium,7,22,38,0,1,Low Value / Dormant
CUS-001647,68,84.57,5915.54,Month-to-month,Medium,5,56,2,1,1,Low Value / Dormant
CUS-001648,4,98.0,390.43,One year,Medium,6,5,59,0,3,New / At-Risk
CUS-001649,19,43.51,786.9,Month-to-month,Medium,2,81,52,1,0,High Value / Loyal
CUS-001650,70,90.32,6115.28,Month-to-month,Medium,8,43,23,1,1,Low Value / Dormant
CUS-001651,13,55.7,741.63,One year,High,8,74,54,1,0,High Value / Loyal
CUS-001652,23,114.98,2711.56,Two year,Medium,9,55,1,0,0,High Value / Loyal
CUS-001653,1,128.23,134.28,Month-to-month,Medium,1,91,3,0,0,High Value / Loyal
CUS-001654,54,112.93,5909.05,Month-to-month,Low,3,15,22,1,1,Low Value / Dormant
CUS-001655,71,114.93,7852.46,Month-to-month,High,3,42,58,1,1,Low Value / Dormant
CUS-001656,15,86.62,1252.39,One year,Medium,0,9,56,1,3,New / At-Risk
CUS-001657,65,112.58,7086.74,Two year,Medium,3,71,22,0,1,Low Value / Dormant
CUS-001658,71,74.95,5336.55,Month-to-month,Medium,2,57,7,1,1,Low Value / Dormant
CUS-001659,15,104.69,1645.03,Month-to-month,Low,1,10,41,1,3,New / At-Risk
CUS-001660,21,53.68,1137.26,Month-to-month,Medium,5,64,43,1,0,High Value / Loyal
CUS-001661,19,29.07,553.55,Month-to-month,High,2,41,11,1,3,New / At-Risk
CUS-001662,60,73.75,4501.8,Month-to-month,Medium,9,13,8,1,2,Mid Value / Moderate
CUS-001663,33,80.03,2528.5,Two year,High,8,16,10,0,3,New / At-Risk
CUS-001664,49,53.33,2695.73,One year,Medium,8,98,44,1,2,Mid Value / Moderate
CUS-001665,35,114.6,4069.99,Month-to-month,Medium,7,72,30,0,1,Low Value / Dormant
CUS-001666,44,29.56,1257.94,Two year,Medium,7,60,0,0,2,Mid Value / Moderate
CUS-001667,11,48.96,545.57,Month-to-month,High,1,31,34,1,3,New / At-Risk
CUS-001668,66,117.31,7817.18,Month-to-month,Medium,5,55,53,1,1,Low Value / Dormant
CUS-001669,46,76.83,3380.22,Two year,High,3,92,55,0,0,High Value / Loyal
CUS-001670,9,111.69,981.75,Month-to-month,Medium,9,71,42,1,0,High Value / Loyal
CUS-001671,3,93.77,278.25,Two year,High,1,34,14,0,3,New / At-Risk
CUS-001672,26,143.59,3638.17,One year,High,1,97,6,0,0,High Value / Loyal
CUS-001673,48,97.71,4569.78,Two year,Medium,9,4,27,0,1,Low Value / Dormant
CUS-001674,66,21.93,1458.14,One year,High,6,55,47,1,2,Mid Value / Moderate
CUS-001675,70,65.87,4597.75,Month-to-month,Medium,0,90,5,0,2,Mid Value / Moderate
CUS-001676,28,38.6,1098.82,Two year,Low,7,66,19,0,0,High Value / Loyal
CUS-001677,26,140.2,3811.63,Month-to-month,Medium,4,96,23,0,0,High Value / Loyal
CUS-001678,25,33.52,851.5,One year,Low,9,59,41,1,0,High Value / Loyal
CUS-001679,12,70.4,851.76,One year,Medium,7,41,35,0,3,New / At-Risk
CUS-001680,5,49.39,255.55,One year,Low,1,66,37,0,0,High Value / Loyal
CUS-001681,48,130.07,6326.01,One year,Low,0,90,11,0,1,Low Value / Dormant
CUS-001682,37,60.11,2149.82,Two year,Low,1,47,2,0,2,Mid Value / Moderate
CUS-001683,44,148.95,6432.22,Two year,Low,5,27,27,0,1,Low Value / Dormant
CUS-001684,15,25.02,384.06,Two year,Medium,3,79,11,0,0,High Value / Loyal
CUS-001685,43,36.68,1614.66,Month-to-month,High,7,21,54,1,2,Mid Value / Moderate
CUS-001686,48,49.2,2476.77,Two year,High,8,91,15,0,2,Mid Value / Moderate
CUS-001687,70,125.44,8892.56,One year,High,8,98,43,1,1,Low Value / Dormant
CUS-001688,46,134.21,6420.19,Two year,Low,4,11,14,0,1,Low Value / Dormant
CUS-001689,43,29.29,1203.32,Two year,Low,5,87,53,0,2,Mid Value / Moderate
CUS-001690,21,24.22,511.98,Month-to-month,Low,6,22,54,1,3,New / At-Risk
CUS-001691,23,116.79,2799.01,Month-to-month,Medium,3,23,30,0,3,New / At-Risk
CUS-001692,47,37.34,1717.45,Two year,High,9,65,52,0,2,Mid Value / Moderate
CUS-001693,15,37.29,540.04,Month-to-month,High,2,59,20,1,0,High Value / Loyal
CUS-001694,25,22.91,564.13,One year,Medium,1,76,17,1,0,High Value / Loyal
CUS-001695,36,26.48,980.95,Two year,Medium,9,89,47,0,0,High Value / Loyal
CUS-001696,51,54.28,2653.21,Month-to-month,High,3,70,5,1,2,Mid Value / Moderate
CUS-001697,15,28.45,431.04,Two year,High,8,98,16,0,0,High Value / Loyal
CUS-001698,68,67.95,4452.52,Two year,Low,4,28,22,0,2,Mid Value / Moderate
CUS-001699,21,128.26,2676.11,Month-to-month,Low,0,25,34,1,3,New / At-Risk
CUS-001700,13,62.42,849.29,One year,Medium,4,82,17,0,0,High Value / Loyal
CUS-001701,19,114.62,2111.36,Month-to-month,Low,5,1,10,1,3,New / At-Risk
CUS-001702,34,32.21,1044.05,One year,High,9,32,22,1,2,Mid Value / Moderate
CUS-001703,68,105.72,7136.54,Month-to-month,Medium,5,29,56,1,1,Low Value / Dormant
CUS-001704,52,61.18,3205.93,Two year,Low,4,20,16,1,2,Mid Value / Moderate
CUS-001705,27,117.47,3107.41,Month-to-month,Low,7,46,5,1,3,New / At-Risk
CUS-001706,29,37.71,1098.24,One year,Low,4,77,23,1,0,High Value / Loyal
CUS-001707,28,136.72,4001.87,One year,Medium,9,57,49,0,1,Low Value / Dormant
CUS-001708,35,51.54,1769.77,Month-to-month,Low,2,12,36,0,3,New / At-Risk
CUS-001709,8,65.91,517.22,Two year,Medium,2,72,15,0,0,High Value / Loyal
CUS-001710,16,143.52,2292.42,Two year,High,3,39,28,0,3,New / At-Risk
CUS-001711,36,95.2,3432.55,One year,Low,9,8,28,1,3,New / At-Risk
CUS-001712,30,67.55,1925.46,One year,Medium,7,82,59,0,0,High Value / Loyal
CUS-001713,18,143.45,2611.99,One year,Low,8,85,51,1,0,High Value / Loyal
CUS-001714,2,62.78,131.8,One year,Low,6,28,41,1,3,New / At-Risk
CUS-001715,49,32.33,1551.37,Month-to-month,Medium,1,31,27,1,2,Mid Value / Moderate
CUS-001716,4,149.59,606.19,One year,Low,8,15,15,0,3,New / At-Risk
CUS-001717,7,54.82,364.73,One year,Medium,5,60,2,0,0,High Value / Loyal
CUS-001718,39,130.66,5149.04,One year,Medium,5,39,41,0,1,Low Value / Dormant
CUS-001719,13,41.52,536.91,Month-to-month,Medium,5,97,23,1,0,High Value / Loyal
CUS-001720,31,115.08,3578.16,Month-to-month,High,0,87,17,0,0,High Value / Loyal
CUS-001721,71,88.18,6288.16,One year,Medium,8,80,47,0,1,Low Value / Dormant
CUS-001722,63,147.52,8993.4,Month-to-month,Medium,5,88,16,0,1,Low Value / Dormant
CUS-001723,56,91.87,,Month-to-month,High,6,21,48,1,2,Mid Value / Moderate
CUS-001724,42,23.25,982.0,Month-to-month,High,0,8,9,1,2,Mid Value / Moderate
CUS-001725,61,98.5,5870.67,One year,Medium,4,42,36,1,1,Low Value / Dormant
CUS-001726,42,38.89,1704.87,Two year,Low,2,59,24,1,2,Mid Value / Moderate
CUS-001727,56,123.81,6595.57,Two year,Low,8,81,35,0,1,Low Value / Dormant
CUS-001728,36,131.35,4835.58,Month-to-month,Medium,1,79,46,0,1,Low Value / Dormant
CUS-001729,68,82.67,5554.94,Month-to-month,High,3,78,47,1,1,Low Value / Dormant
CUS-001730,7,121.82,854.65,Two year,Medium,2,20,22,1,3,New / At-Risk
CUS-001731,54,38.86,2054.92,Two year,Medium,8,96,49,1,2,Mid Value / Moderate
CUS-001732,1,83.97,82.47,Month-to-month,Medium,2,61,18,0,0,High Value / Loyal
CUS-001733,44,71.21,2981.45,Two year,Medium,0,11,9,0,2,Mid Value / Moderate
CUS-001734,45,99.47,4579.09,Month-to-month,Low,7,32,10,0,1,Low Value / Dormant
CUS-001735,47,25.78,1237.3,One year,High,0,4,40,0,2,Mid Value / Moderate
CUS-001736,13,117.78,1554.72,Month-to-month,High,0,29,4,0,3,New / At-Risk
CUS-001737,22,30.29,691.49,Two year,Medium,6,5,5,0,3,New / At-Risk
CUS-001738,21,105.34,2300.93,One year,Medium,8,76,2,0,0,High Value / Loyal
CUS-001739,9,22.4,202.73,Month-to-month,Medium,3,39,44,0,3,New / At-Risk
CUS-001740,26,128.15,3393.36,One year,Low,9,23,37,0,3,New / At-Risk
CUS-001741,9,42.71,365.6,Month-to-month,Medium,3,97,10,0,0,High Value / Loyal
CUS-001742,15,87.01,1350.43,Month-to-month,Medium,4,16,47,1,3,New / At-Risk
CUS-001743,10,53.99,557.03,Month-to-month,Medium,4,50,42,0,0,High Value / Loyal
CUS-001744,42,113.94,4556.06,One year,Medium,1,11,41,0,1,Low Value / Dormant
CUS-001745,24,61.78,1488.96,Month-to-month,Low,8,72,47,1,0,High Value / Loyal
CUS-001746,49,114.2,5823.32,One year,High,9,97,23,0,1,Low Value / Dormant
CUS-001747,26,57.03,1435.62,One year,High,8,48,45,1,3,New / At-Risk
CUS-001748,37,117.82,4295.16,One year,Low,8,34,47,0,1,Low Value / Dormant
CUS-001749,68,23.98,1603.01,Month-to-month,Medium,8,21,25,1,2,Mid Value / Moderate
CUS-001750,50,56.83,2800.59,Month-to-month,High,0,63,48,1,2,Mid Value / Moderate
CUS-001751,24,84.82,1942.48,Month-to-month,High,7,17,25,1,3,New / At-Risk
CUS-001752,19,25.86,480.44,Month-to-month,Medium,7,34,23,1,3,New / At-Risk
CUS-001753,60,44.18,2596.68,One year,Medium,3,51,39,0,2,Mid Value / Moderate
CUS-001754,39,141.49,5719.99,Two year,Low,9,67,54,1,1,Low Value / Dormant
CUS-001755,18,146.99,2606.67,Month-to-month,High,0,24,3,0,3,New / At-Risk
CUS-001756,19,116.17,2195.53,One year,High,0,22,48,0,3,New / At-Risk
CUS-001757,36,52.79,1877.63,Month-to-month,Medium,0,10,9,0,3,New / At-Risk
CUS-001758,55,53.87,2850.32,Month-to-month,High,2,5,33,0,2,Mid Value / Moderate
CUS-001759,69,103.95,7524.46,One year,Low,9,31,43,1,1,Low Value / Dormant
CUS-001760,47,35.29,1712.57,One year,Medium,2,24,28,0,2,Mid Value / Moderate
CUS-001761,49,143.28,7049.46,Two year,Medium,3,11,25,0,1,Low Value / Dormant
CUS-001762,33,49.23,1620.61,One year,Low,1,51,18,0,2,Mid Value / Moderate
CUS-001763,21,149.95,3196.01,Month-to-month,High,8,48,20,1,3,New / At-Risk
CUS-001764,22,84.45,1825.55,One year,High,9,78,18,1,0,High Value / Loyal
CUS-001765,48,120.29,5514.07,Two year,High,8,4,39,0,1,Low Value / Dormant
CUS-001766,37,20.28,743.32,One year,Medium,9,8,37,1,2,Mid Value / Moderate
CUS-001767,15,135.54,2131.45,Two year,High,6,7,18,0,3,New / At-Risk
CUS-001768,35,55.1,1867.25,Month-to-month,Low,1,99,17,0,0,High Value / Loyal
CUS-001769,71,106.83,7606.07,Two year,Low,2,32,13,1,1,Low Value / Dormant
CUS-001770,32,124.83,3798.12,Month-to-month,Medium,7,86,34,1,0,High Value / Loyal
CUS-001771,11,41.34,437.54,One year,Low,8,22,17,0,3,New / At-Risk
CUS-001772,10,77.53,782.02,One year,High,3,90,27,1,0,High Value / Loyal
CUS-001773,57,84.2,4702.1,Month-to-month,Medium,8,36,18,1,1,Low Value / Dormant
CUS-001774,25,60.58,1575.82,Two year,Medium,3,29,24,0,3,New / At-Risk
CUS-001775,2,82.63,163.71,Month-to-month,High,1,68,14,1,0,High Value / Loyal
CUS-001776,64,61.28,3807.47,Month-to-month,Medium,6,95,47,0,2,Mid Value / Moderate
CUS-001777,35,66.9,2352.08,Two year,Medium,8,86,48,1,0,High Value / Loyal
CUS-001778,7,107.01,771.19,Month-to-month,Medium,1,61,2,0,0,High Value / Loyal
CUS-001779,18,102.24,1751.83,Month-to-month,Medium,7,53,22,1,0,High Value / Loyal
CUS-001780,67,50.19,3364.89,One year,Medium,5,72,49,0,2,Mid Value / Moderate
CUS-001781,42,136.67,5897.21,One year,High,8,85,44,1,1,Low Value / Dormant
CUS-001782,39,132.16,4950.01,Two year,High,4,15,11,1,1,Low Value / Dormant
CUS-001783,41,86.18,3675.74,One year,Medium,0,48,31,0,2,Mid Value / Moderate
CUS-001784,24,76.32,1788.61,Two year,Medium,4,54,50,1,0,High Value / Loyal
CUS-001785,60,68.99,4003.12,Two year,High,9,68,53,1,2,Mid Value / Moderate
CUS-001786,46,111.94,5195.42,One year,Medium,6,69,27,0,1,Low Value / Dormant
CUS-001787,19,107.32,1972.75,Month-to-month,High,6,64,33,0,0,High Value / Loyal
CUS-001788,68,45.5,3149.84,One year,High,3,66,0,0,2,Mid Value / Moderate
CUS-001789,42,107.29,4501.7,Month-to-month,High,9,50,9,1,1,Low Value / Dormant
CUS-001790,32,52.82,1624.19,Month-to-month,High,5,72,49,1,0,High Value / Loyal
CUS-001791,39,22.41,910.15,One year,High,5,47,26,0,2,Mid Value / Moderate
CUS-001792,36,110.9,4061.45,Two year,Medium,9,68,11,0,1,Low Value / Dormant
CUS-001793,36,103.82,3754.82,Month-to-month,Medium,9,13,44,1,3,New / At-Risk
CUS-001794,3,73.41,217.45,Month-to-month,High,0,14,35,0,3,New / At-Risk
CUS-001795,8,88.34,680.91,Month-to-month,Low,4,9,52,1,3,New / At-Risk
CUS-001796,70,143.13,10227.16,Month-to-month,Medium,6,28,32,0,1,Low Value / Dormant
CUS-001797,41,97.38,4117.64,Month-to-month,High,4,38,3,0,1,Low Value / Dormant
CUS-001798,68,105.52,6907.19,One year,Medium,7,12,20,0,1,Low Value / Dormant
CUS-001799,13,28.31,367.81,Month-to-month,Medium,0,92,19,0,0,High Value / Loyal
CUS-001800,49,41.58,2034.3,Month-to-month,Medium,8,13,49,1,2,Mid Value / Moderate
CUS-001801,60,59.12,3494.19,Two year,Medium,1,21,16,0,2,Mid Value / Moderate
CUS-001802,2,90.12,185.45,One year,High,7,55,51,1,0,High Value / Loyal
CUS-001803,60,120.96,6966.77,Month-to-month,High,4,38,45,0,1,Low Value / Dormant
CUS-001804,5,61.76,299.7,One year,High,9,52,33,0,0,High Value / Loyal
CUS-001805,44,66.33,2773.05,Month-to-month,Low,6,26,13,1,2,Mid Value / Moderate
CUS-001806,27,53.3,1420.81,Two year,Medium,6,89,9,0,0,High Value / Loyal
CUS-001807,32,53.1,1663.69,Month-to-month,Medium,0,22,56,0,3,New / At-Risk
CUS-001808,21,143.35,3120.88,Two year,Low,7,51,19,0,3,New / At-Risk
CUS-001809,8,102.61,841.05,Two year,High,2,72,34,0,0,High Value / Loyal
CUS-001810,50,40.27,1929.7,One year,Medium,3,37,14,0,2,Mid Value / Moderate
CUS-001811,67,113.89,7814.65,Month-to-month,Medium,2,45,38,0,1,Low Value / Dormant
CUS-001812,44,113.86,5097.84,Two year,Medium,1,86,26,0,1,Low Value / Dormant
CUS-001813,58,106.64,6050.18,Month-to-month,Low,6,77,14,1,1,Low Value / Dormant
CUS-001814,3,37.51,107.09,Month-to-month,High,9,37,18,1,3,New / At-Risk
CUS-001815,70,73.04,4915.97,Month-to-month,Low,4,14,25,0,2,Mid Value / Moderate
CUS-001816,2,33.88,66.06,One year,Medium,6,18,11,0,3,New / At-Risk
CUS-001817,44,126.16,5726.83,Month-to-month,Low,0,97,23,0,1,Low Value / Dormant
CUS-001818,2,105.17,209.62,Two year,Medium,9,7,52,1,3,New / At-Risk
CUS-001819,35,85.94,3133.62,Month-to-month,Medium,1,74,35,1,0,High Value / Loyal
CUS-001820,30,64.59,1993.79,Two year,High,5,60,32,0,0,High Value / Loyal
CUS-001821,8,43.95,344.13,Month-to-month,High,5,58,4,1,0,High Value / Loyal
CUS-001822,22,33.84,770.15,Month-to-month,Low,2,94,8,1,0,High Value / Loyal
CUS-001823,44,146.0,6177.84,Month-to-month,Low,9,55,39,0,1,Low Value / Dormant
CUS-001824,58,45.95,2541.71,Two year,High,0,34,13,0,2,Mid Value / Moderate
CUS-001825,36,27.78,1011.07,Month-to-month,High,2,45,45,1,2,Mid Value / Moderate
CUS-001826,69,145.02,9847.8,One year,Medium,3,3,35,0,1,Low Value / Dormant
CUS-001827,31,91.36,2783.96,Month-to-month,Low,0,40,24,0,3,New / At-Risk
CUS-001828,47,123.57,5916.3,Two year,Medium,6,76,6,1,1,Low Value / Dormant
CUS-001829,55,25.69,1462.39,Month-to-month,Medium,2,53,33,0,2,Mid Value / Moderate
CUS-001830,62,93.7,5706.27,Month-to-month,High,7,31,42,1,1,Low Value / Dormant
CUS-001831,30,71.77,2115.34,One year,Medium,6,23,6,0,3,New / At-Risk
CUS-001832,55,120.36,6641.95,Month-to-month,Low,5,72,30,0,1,Low Value / Dormant
CUS-001833,16,25.0,406.05,Month-to-month,Medium,7,65,51,1,0,High Value / Loyal
CUS-001834,12,72.22,840.89,Month-to-month,High,8,55,31,1,0,High Value / Loyal
CUS-001835,17,123.88,2192.86,One year,Medium,1,99,20,1,0,High Value / Loyal
CUS-001836,16,87.95,1428.94,Month-to-month,High,9,79,48,0,0,High Value / Loyal
CUS-001837,12,91.51,1111.8,Month-to-month,Medium,8,92,58,0,0,High Value / Loyal
CUS-001838,8,32.63,271.6,One year,Low,9,12,14,1,3,New / At-Risk
CUS-001839,3,37.2,116.15,Month-to-month,Low,4,1,29,0,3,New / At-Risk
CUS-001840,16,108.01,1665.18,One year,Low,0,11,3,0,3,New / At-Risk
CUS-001841,30,107.76,3117.95,One year,Medium,0,51,33,1,3,New / At-Risk
CUS-001842,23,147.28,3476.25,Two year,Medium,6,66,8,1,0,High Value / Loyal
CUS-001843,5,112.55,588.48,Month-to-month,Medium,5,45,59,0,3,New / At-Risk
CUS-001844,65,84.12,5558.96,One year,Medium,9,99,11,0,1,Low Value / Dormant
CUS-001845,30,131.45,3908.61,Month-to-month,High,8,72,29,1,1,Low Value / Dormant
CUS-001846,21,33.58,718.15,Month-to-month,Medium,0,31,23,0,3,New / At-Risk
CUS-001847,70,78.41,5339.75,One year,Medium,9,85,50,0,1,Low Value / Dormant
CUS-001848,22,57.32,1323.93,Month-to-month,Low,9,53,54,0,0,High Value / Loyal
CUS-001849,32,33.6,1067.88,Month-to-month,Medium,9,45,54,0,2,Mid Value / Moderate
CUS-001850,33,119.26,4105.31,One year,High,9,67,28,0,1,Low Value / Dormant
CUS-001851,16,86.4,1372.88,Month-to-month,Low,6,89,53,0,0,High Value / Loyal
CUS-001852,38,92.38,3660.73,Month-to-month,Medium,7,41,50,1,3,New / At-Risk
CUS-001853,14,73.46,1011.58,Month-to-month,Medium,9,28,56,0,3,New / At-Risk
CUS-001854,36,79.84,2949.27,Month-to-month,Medium,3,62,56,0,0,High Value / Loyal
CUS-001855,23,35.08,843.28,Month-to-month,Low,0,92,21,1,0,High Value / Loyal
CUS-001856,66,107.48,7197.19,Month-to-month,Low,2,2,34,0,1,Low Value / Dormant
CUS-001857,2,76.22,155.14,Month-to-month,Low,1,72,19,1,0,High Value / Loyal
CUS-001858,65,126.18,7875.99,One year,High,2,65,36,0,1,Low Value / Dormant
CUS-001859,67,45.52,3041.8,Month-to-month,Medium,5,21,40,0,2,Mid Value / Moderate
CUS-001860,52,46.66,2520.01,One year,High,9,15,50,1,2,Mid Value / Moderate
CUS-001861,62,103.95,6277.84,Two year,Low,2,55,8,1,1,Low Value / Dormant
CUS-001862,23,129.98,3075.76,Month-to-month,Medium,9,8,52,1,3,New / At-Risk
CUS-001863,26,81.39,2153.21,Month-to-month,High,3,86,21,0,0,High Value / Loyal
CUS-001864,68,114.5,7570.58,One year,Medium,0,20,49,0,1,Low Value / Dormant
CUS-001865,55,149.91,8066.12,Month-to-month,Medium,5,77,15,1,1,Low Value / Dormant
CUS-001866,6,148.73,885.94,One year,Medium,1,64,1,0,0,High Value / Loyal
CUS-001867,35,116.76,3933.53,Month-to-month,Medium,3,90,59,1,0,High Value / Loyal
CUS-001868,22,116.15,2660.84,Month-to-month,Medium,4,39,43,0,3,New / At-Risk
CUS-001869,43,52.19,2297.91,Month-to-month,Medium,4,7,49,0,2,Mid Value / Moderate
CUS-001870,15,128.36,1899.4,Month-to-month,High,3,57,22,1,0,High Value / Loyal
CUS-001871,60,72.66,4272.45,Month-to-month,High,2,75,28,0,2,Mid Value / Moderate
CUS-001872,12,145.06,1773.71,Month-to-month,Medium,3,31,58,1,3,New / At-Risk
CUS-001873,49,30.59,1487.34,Month-to-month,Medium,2,34,10,0,2,Mid Value / Moderate
CUS-001874,42,76.66,3132.54,One year,High,2,75,53,1,2,Mid Value / Moderate
CUS-001875,38,92.26,3481.36,Month-to-month,Low,3,88,54,0,0,High Value / Loyal
CUS-001876,45,72.67,3391.58,Two year,Low,8,89,34,1,0,High Value / Loyal
CUS-001877,35,47.38,1586.6,Month-to-month,Medium,8,51,51,1,2,Mid Value / Moderate
CUS-001878,30,97.09,2874.31,Month-to-month,Medium,7,56,58,1,0,High Value / Loyal
CUS-001879,30,118.27,3712.12,Month-to-month,High,3,97,21,1,0,High Value / Loyal
CUS-001880,6,103.83,592.75,One year,High,1,29,2,0,3,New / At-Risk
CUS-001881,67,50.48,3514.17,One year,High,8,63,46,1,2,Mid Value / Moderate
CUS-001882,7,115.11,795.68,Month-to-month,High,5,85,11,1,0,High Value / Loyal
CUS-001883,52,53.4,2690.42,Month-to-month,Medium,7,33,0,0,2,Mid Value / Moderate
CUS-001884,14,42.78,569.82,Two year,Medium,3,45,53,1,3,New / At-Risk
CUS-001885,15,109.79,1576.08,Two year,Medium,7,6,57,1,3,New / At-Risk
CUS-001886,21,129.56,2631.52,Month-to-month,Medium,5,37,42,0,3,New / At-Risk
CUS-001887,35,82.6,2753.8,One year,Medium,5,53,25,0,2,Mid Value / Moderate
CUS-001888,66,89.08,5782.83,Month-to-month,Medium,5,2,33,1,1,Low Value / Dormant
CUS-001889,2,59.36,113.31,Month-to-month,High,8,94,54,1,0,High Value / Loyal
CUS-001890,35,84.3,3007.23,One year,Low,0,57,28,1,0,High Value / Loyal
CUS-001891,20,37.16,766.86,One year,Low,0,92,52,0,0,High Value / Loyal
CUS-001892,10,144.26,1498.47,Month-to-month,Medium,4,96,45,0,0,High Value / Loyal
CUS-001893,25,124.05,3116.41,Two year,High,0,51,32,0,3,New / At-Risk
CUS-001894,66,106.84,7366.05,One year,Low,9,91,31,0,1,Low Value / Dormant
CUS-001895,25,89.97,2137.94,Month-to-month,High,8,39,24,1,3,New / At-Risk
CUS-001896,54,122.98,6397.98,Month-to-month,High,3,22,49,1,1,Low Value / Dormant
CUS-001897,33,84.32,2724.96,Month-to-month,Medium,1,79,49,0,0,High Value / Loyal
CUS-001898,36,59.0,2185.26,Month-to-month,High,2,43,46,1,2,Mid Value / Moderate
CUS-001899,14,40.85,593.92,One year,Low,8,38,57,1,3,New / At-Risk
CUS-001900,65,104.19,6852.1,Month-to-month,Medium,7,64,57,1,1,Low Value / Dormant
CUS-001901,54,140.83,7515.78,Month-to-month,Medium,2,37,35,1,1,Low Value / Dormant
CUS-001902,52,39.97,2112.93,Two year,High,7,38,1,0,2,Mid Value / Moderate
CUS-001903,3,43.4,126.05,Two year,Medium,3,71,14,0,0,High Value / Loyal
CUS-001904,41,76.37,3117.93,One year,Medium,5,31,12,1,2,Mid Value / Moderate
CUS-001905,6,124.9,749.95,One year,Medium,3,44,41,0,3,New / At-Risk
CUS-001906,25,58.21,1397.75,One year,Medium,4,94,14,1,0,High Value / Loyal
CUS-001907,13,53.01,656.99,One year,Medium,9,14,5,1,3,New / At-Risk
CUS-001908,8,100.6,824.89,Month-to-month,High,8,98,20,0,0,High Value / Loyal
CUS-001909,21,89.63,1888.76,Month-to-month,Medium,1,52,41,0,0,High Value / Loyal
CUS-001910,68,27.83,1860.6,One year,Medium,8,91,25,0,2,Mid Value / Moderate
CUS-001911,25,30.59,760.04,Month-to-month,Low,2,87,34,1,0,High Value / Loyal
CUS-001912,68,103.59,7366.65,Month-to-month,High,4,67,44,0,1,Low Value / Dormant
CUS-001913,45,80.47,3579.3,One year,Low,6,5,17,0,3,New / At-Risk
CUS-001914,60,146.23,8425.73,Month-to-month,Low,1,42,5,1,1,Low Value / Dormant
CUS-001915,12,108.21,1293.78,Month-to-month,High,3,94,13,0,0,High Value / Loyal
CUS-001916,32,21.31,692.0,Month-to-month,Medium,0,7,17,0,3,New / At-Risk
CUS-001917,13,82.53,1020.58,Month-to-month,Medium,2,18,42,0,3,New / At-Risk
CUS-001918,31,73.88,2251.83,Two year,High,5,57,19,0,0,High Value / Loyal
CUS-001919,20,33.87,670.24,One year,Medium,1,74,14,1,0,High Value / Loyal
CUS-001920,18,140.02,2511.16,Two year,Medium,7,44,52,1,3,New / At-Risk
CUS-001921,60,124.65,7330.77,Month-to-month,Low,6,98,44,1,1,Low Value / Dormant
CUS-001922,63,49.91,3196.89,One year,Medium,2,61,47,1,2,Mid Value / Moderate
CUS-001923,6,53.28,333.88,One year,Medium,0,97,26,0,0,High Value / Loyal
CUS-001924,32,24.16,805.21,Month-to-month,Medium,9,63,23,0,2,Mid Value / Moderate
CUS-001925,43,58.57,2560.06,Month-to-month,Medium,3,32,11,0,2,Mid Value / Moderate
CUS-001926,2,96.0,192.13,One year,Medium,3,95,0,0,0,High Value / Loyal
CUS-001927,60,74.71,4628.63,Two year,Medium,4,28,54,0,2,Mid Value / Moderate
CUS-001928,23,146.0,3470.88,Two year,Medium,2,4,13,0,3,New / At-Risk
CUS-001929,31,27.29,873.89,Month-to-month,Low,1,15,53,0,3,New / At-Risk
CUS-001930,5,96.89,467.85,Month-to-month,Medium,1,2,31,1,3,New / At-Risk
CUS-001931,34,131.58,4261.42,One year,High,7,23,2,0,1,Low Value / Dormant
CUS-001932,10,82.5,864.82,Month-to-month,Medium,6,59,9,1,0,High Value / Loyal
CUS-001933,2,20.39,42.64,Month-to-month,High,0,23,25,0,3,New / At-Risk
CUS-001934,11,51.56,570.86,Month-to-month,Medium,8,99,30,1,0,High Value / Loyal
CUS-001935,50,62.09,3257.57,Month-to-month,Low,2,91,9,0,2,Mid Value / Moderate
CUS-001936,31,145.58,4635.05,Month-to-month,High,2,26,0,0,1,Low Value / Dormant
CUS-001937,56,138.53,7771.19,One year,Medium,0,34,49,0,1,Low Value / Dormant
CUS-001938,9,143.39,1276.25,Two year,Medium,3,13,48,1,3,New / At-Risk
CUS-001939,21,127.35,2699.16,Month-to-month,Low,9,40,31,1,3,New / At-Risk
CUS-001940,28,65.71,1842.91,Month-to-month,Medium,1,51,18,1,0,High Value / Loyal
CUS-001941,62,137.76,8963.14,One year,High,2,10,0,0,1,Low Value / Dormant
CUS-001942,7,147.62,1032.35,Month-to-month,Low,0,39,25,0,3,New / At-Risk
CUS-001943,16,65.51,1083.36,Two year,Medium,2,90,4,0,0,High Value / Loyal
CUS-001944,4,53.87,222.25,Month-to-month,Medium,3,4,25,1,3,New / At-Risk
CUS-001945,4,91.1,348.78,Two year,Low,5,82,37,1,0,High Value / Loyal
CUS-001946,40,44.33,1699.96,Month-to-month,High,2,99,0,0,0,High Value / Loyal
CUS-001947,17,24.24,418.69,Two year,Low,5,52,29,1,0,High Value / Loyal
CUS-001948,52,142.96,7254.74,One year,Medium,1,81,48,0,1,Low Value / Dormant
CUS-001949,52,140.35,7412.97,Two year,High,7,56,11,0,1,Low Value / Dormant
CUS-001950,36,41.15,1428.58,One year,Low,4,27,35,1,2,Mid Value / Moderate
CUS-001951,38,73.01,2745.68,One year,High,0,8,35,1,3,New / At-Risk
CUS-001952,50,128.03,6147.25,One year,Medium,5,53,23,0,1,Low Value / Dormant
CUS-001953,63,105.93,6528.17,One year,Medium,2,13,41,0,1,Low Value / Dormant
CUS-001954,63,71.32,4308.32,Two year,Medium,3,46,54,0,2,Mid Value / Moderate
CUS-001955,62,116.74,7578.62,Month-to-month,Low,9,86,54,1,1,Low Value / Dormant
CUS-001956,7,136.62,946.28,Month-to-month,Medium,7,36,24,0,3,New / At-Risk
CUS-001957,27,140.4,3942.9,Month-to-month,High,7,43,7,0,1,Low Value / Dormant
CUS-001958,14,69.25,1015.19,Month-to-month,Low,7,94,11,0,0,High Value / Loyal
CUS-001959,71,42.56,3145.73,Two year,Medium,4,35,26,1,2,Mid Value / Moderate
CUS-001960,5,138.67,690.22,Month-to-month,Medium,0,51,58,0,3,New / At-Risk
CUS-001961,55,32.03,1810.91,One year,Medium,8,63,59,0,2,Mid Value / Moderate
CUS-001962,2,113.82,219.76,One year,High,8,68,11,0,0,High Value / Loyal
CUS-001963,62,38.26,2276.29,Two year,Medium,7,13,31,0,2,Mid Value / Moderate
CUS-001964,21,70.62,1538.92,One year,Low,2,47,59,1,3,New / At-Risk
CUS-001965,21,73.5,1471.17,Month-to-month,Medium,5,6,34,0,3,New / At-Risk
CUS-001966,10,40.64,425.58,Two year,Medium,6,18,15,1,3,New / At-Risk
CUS-001967,58,139.95,8256.74,Month-to-month,Medium,3,8,35,1,1,Low Value / Dormant
CUS-001968,39,20.35,787.15,One year,High,9,41,55,0,2,Mid Value / Moderate
CUS-001969,5,136.2,656.55,Month-to-month,Low,6,61,29,1,0,High Value / Loyal
CUS-001970,65,134.9,8964.09,Month-to-month,Medium,8,20,36,1,1,Low Value / Dormant
CUS-001971,13,61.21,800.69,Two year,Medium,5,85,31,1,0,High Value / Loyal
CUS-001972,53,111.56,6037.35,One year,Medium,1,96,14,0,1,Low Value / Dormant
CUS-001973,45,52.87,2359.41,Month-to-month,Low,5,56,20,1,2,Mid Value / Moderate
CUS-001974,32,118.64,3631.83,One year,High,2,96,55,0,0,High Value / Loyal
CUS-001975,36,92.95,3284.13,Month-to-month,High,6,2,39,0,3,New / At-Risk
CUS-001976,60,59.03,3476.24,Month-to-month,Medium,2,66,28,0,2,Mid Value / Moderate
CUS-001977,11,72.03,753.41,One year,Medium,7,32,53,1,3,New / At-Risk
CUS-001978,63,109.69,6571.3,One year,High,4,22,29,1,1,Low Value / Dormant
CUS-001979,21,137.79,2844.67,Two year,High,2,90,24,1,0,High Value / Loyal
CUS-001980,52,36.99,1967.5,One year,High,0,41,19,1,2,Mid Value / Moderate
CUS-001981,55,94.28,5249.57,One year,Medium,4,10,9,0,1,Low Value / Dormant
CUS-001982,26,52.98,1341.65,Month-to-month,Medium,9,39,30,1,3,New / At-Risk
CUS-001983,68,124.18,8530.9,Month-to-month,Low,9,45,0,1,1,Low Value / Dormant
CUS-001984,34,29.13,1005.05,Month-to-month,Medium,2,5,9,1,3,New / At-Risk
CUS-001985,52,109.56,5710.2,Two year,Medium,3,12,17,0,1,Low Value / Dormant
CUS-001986,52,42.74,2227.38,Month-to-month,High,9,32,48,1,2,Mid Value / Moderate
CUS-001987,29,97.53,2791.53,Month-to-month,Medium,3,40,35,1,3,New / At-Risk
CUS-001988,38,128.64,4704.22,One year,Low,2,18,56,1,1,Low Value / Dormant
CUS-001989,42,118.16,4905.91,Month-to-month,Medium,5,74,58,1,1,Low Value / Dormant
CUS-001990,21,117.88,2437.25,Two year,Low,5,64,53,0,0,High Value / Loyal
CUS-001991,42,87.32,3701.17,Month-to-month,Medium,0,87,12,0,0,High Value / Loyal
CUS-001992,13,135.8,1828.25,One year,Medium,3,1,31,1,3,New / At-Risk
CUS-001993,64,96.45,6096.1,Month-to-month,Low,0,53,21,1,1,Low Value / Dormant
CUS-001994,17,139.28,2417.37,Month-to-month,Medium,6,42,5,0,3,New / At-Risk
CUS-001995,9,91.05,844.98,Two year,Medium,6,82,32,1,0,High Value / Loyal
CUS-001996,41,85.78,3415.43,One year,Medium,5,94,0,1,0,High Value / Loyal
CUS-001997,1,48.91,50.87,Month-to-month,Medium,1,83,2,0,0,High Value / Loyal
CUS-001998,2,90.82,173.84,Month-to-month,High,3,38,4,1,3,New / At-Risk
CUS-001999,60,38.28,2388.82,Month-to-month,Medium,2,17,49,0,2,Mid Value / Moderate
CUS-002000,48,133.06,6172.03,Month-to-month,Medium,7,62,26,1,1,Low Value / Dormant
CUS-002001,29,107.87,3077.18,Month-to-month,High,1,28,11,0,3,New / At-Risk
CUS-002002,10,149.17,1507.42,One year,Medium,9,22,32,1,3,New / At-Risk
CUS-002003,58,31.97,1929.65,Month-to-month,Medium,1,46,40,1,2,Mid Value / Moderate
CUS-002004,60,51.29,3002.07,Month-to-month,High,0,38,26,1,2,Mid Value / Moderate
CUS-002005,21,134.03,2888.83,One year,High,8,32,48,0,3,New / At-Risk
CUS-002006,28,71.38,2040.79,Month-to-month,Low,2,55,12,0,0,High Value / Loyal
CUS-002007,34,80.62,2647.78,One year,High,7,89,45,0,0,High Value / Loyal
CUS-002008,8,131.88,1052.91,One year,Low,6,9,58,1,3,New / At-Risk
CUS-002009,59,87.84,5172.8,Month-to-month,High,0,50,10,1,1,Low Value / Dormant
CUS-002010,49,45.15,2169.21,Month-to-month,Medium,5,37,10,1,2,Mid Value / Moderate
CUS-002011,17,135.96,2376.09,Month-to-month,Low,7,65,35,0,0,High Value / Loyal
CUS-002012,60,24.04,1503.71,One year,Medium,5,93,40,0,2,Mid Value / Moderate
CUS-002013,45,136.4,6271.0,One year,High,8,79,57,1,1,Low Value / Dormant
CUS-002014,69,26.57,1919.87,One year,High,9,44,49,1,2,Mid Value / Moderate
CUS-002015,32,106.56,3256.65,Two year,High,2,60,57,1,0,High Value / Loyal
CUS-002016,44,29.32,1230.31,One year,Medium,5,29,50,1,2,Mid Value / Moderate
CUS-002017,65,111.81,7553.74,One year,Medium,9,85,3,0,1,Low Value / Dormant
CUS-002018,8,24.42,203.1,Month-to-month,Low,3,63,43,0,0,High Value / Loyal
CUS-002019,43,129.52,5350.53,Month-to-month,Low,9,76,17,1,1,Low Value / Dormant
CUS-002020,1,80.57,79.42,Month-to-month,Medium,2,26,17,1,3,New / At-Risk
CUS-002021,51,32.15,1694.59,One year,High,7,45,27,0,2,Mid Value / Moderate
CUS-002022,24,111.89,2585.53,Month-to-month,High,6,95,5,1,0,High Value / Loyal
CUS-002023,24,83.61,1959.92,One year,Medium,6,35,58,1,3,New / At-Risk
CUS-002024,17,44.82,775.79,One year,High,4,78,42,0,0,High Value / Loyal
CUS-002025,5,22.04,115.5,Month-to-month,High,0,7,57,1,3,New / At-Risk
CUS-002026,20,74.34,1530.97,One year,Medium,5,67,4,0,0,High Value / Loyal
CUS-002027,21,31.13,671.9,Month-to-month,Medium,5,53,47,1,0,High Value / Loyal
CUS-002028,58,32.24,1840.62,Month-to-month,Medium,2,41,10,1,2,Mid Value / Moderate
CUS-002029,31,54.75,1724.72,One year,High,4,4,4,1,3,New / At-Risk
CUS-002030,11,101.96,1078.16,One year,Low,8,2,8,1,3,New / At-Risk
CUS-002031,52,88.89,4849.73,Month-to-month,Medium,6,35,22,1,1,Low Value / Dormant
CUS-002032,15,28.97,433.68,Month-to-month,Medium,7,33,10,1,3,New / At-Risk
CUS-002033,7,145.9,1035.45,Month-to-month,High,8,50,14,1,3,New / At-Risk
CUS-002034,28,135.33,3931.84,Month-to-month,Medium,5,13,24,0,3,New / At-Risk
CUS-002035,51,53.7,2602.0,Two year,Medium,4,7,16,1,2,Mid Value / Moderate
CUS-002036,58,35.9,2181.55,Month-to-month,High,9,39,49,0,2,Mid Value / Moderate
CUS-002037,5,142.51,702.53,Two year,Medium,4,91,52,1,0,High Value / Loyal
CUS-002038,5,79.95,393.33,Two year,Medium,4,49,25,0,3,New / At-Risk
CUS-002039,8,60.45,466.45,Month-to-month,Low,3,3,13,1,3,New / At-Risk
CUS-002040,64,83.75,5551.76,Month-to-month,Low,1,17,38,1,1,Low Value / Dormant
CUS-002041,10,120.46,1249.24,One year,High,6,25,55,1,3,New / At-Risk
CUS-002042,38,41.89,1515.41,Month-to-month,Medium,6,94,54,1,0,High Value / Loyal
CUS-002043,8,119.77,915.63,One year,High,7,14,47,1,3,New / At-Risk
CUS-002044,25,117.43,3058.51,Month-to-month,Medium,7,93,8,1,0,High Value / Loyal
CUS-002045,66,90.12,5723.3,Month-to-month,Medium,7,5,26,1,1,Low Value / Dormant
CUS-002046,50,132.56,6708.13,Month-to-month,Medium,8,71,34,1,1,Low Value / Dormant
CUS-002047,67,37.18,2520.77,Month-to-month,Low,5,83,26,0,2,Mid Value / Moderate
CUS-002048,49,97.41,4949.68,One year,High,3,33,52,1,1,Low Value / Dormant
CUS-002049,36,78.41,2843.44,Two year,Medium,1,85,15,0,0,High Value / Loyal
CUS-002050,68,74.9,5059.45,Month-to-month,Medium,4,51,59,1,1,Low Value / Dormant
CUS-002051,41,52.83,2268.91,Month-to-month,High,5,85,21,1,2,Mid Value / Moderate
CUS-002052,62,68.4,4125.58,Month-to-month,Medium,6,17,29,1,2,Mid Value / Moderate
CUS-002053,10,34.06,332.51,Month-to-month,High,5,87,25,0,0,High Value / Loyal
CUS-002054,21,52.71,1060.9,One year,Low,3,61,38,0,0,High Value / Loyal
CUS-002055,36,55.36,2087.52,One year,High,3,91,59,1,0,High Value / Loyal
CUS-002056,12,113.69,1392.39,Month-to-month,High,6,31,38,1,3,New / At-Risk
CUS-002057,2,26.31,50.06,One year,Medium,0,15,51,1,3,New / At-Risk
CUS-002058,13,104.66,1388.31,One year,Medium,2,40,32,0,3,New / At-Risk
CUS-002059,53,48.78,2560.73,Month-to-month,High,9,65,39,1,2,Mid Value / Moderate
CUS-002060,32,30.64,1026.39,One year,Medium,1,20,57,0,2,Mid Value / Moderate
CUS-002061,16,59.1,924.62,Month-to-month,Low,1,34,0,1,3,New / At-Risk
CUS-002062,32,49.18,1606.9,One year,High,6,65,11,1,0,High Value / Loyal
CUS-002063,32,91.76,2973.88,Month-to-month,Medium,4,32,16,1,3,New / At-Risk
CUS-002064,11,66.46,695.38,Month-to-month,Medium,2,22,24,1,3,New / At-Risk
CUS-002065,10,145.58,1511.87,One year,Low,8,62,28,1,0,High Value / Loyal
CUS-002066,15,145.26,2100.4,One year,Low,8,93,57,0,0,High Value / Loyal
CUS-002067,17,77.68,1342.21,One year,High,2,45,41,0,3,New / At-Risk
CUS-002068,40,123.36,5070.42,Month-to-month,Medium,1,11,27,0,1,Low Value / Dormant
CUS-002069,18,21.72,396.17,One year,High,2,33,18,1,3,New / At-Risk
CUS-002070,55,91.22,4814.73,Month-to-month,Medium,8,38,40,0,1,Low Value / Dormant
CUS-002071,25,116.63,3054.27,One year,High,7,65,9,0,0,High Value / Loyal
CUS-002072,59,48.2,2769.11,One year,Medium,2,63,10,0,2,Mid Value / Moderate
CUS-002073,22,27.95,622.81,Month-to-month,Low,3,38,9,1,3,New / At-Risk
CUS-002074,30,40.27,1243.99,Month-to-month,Medium,4,73,59,1,0,High Value / Loyal
CUS-002075,44,77.44,3557.04,Two year,Medium,3,13,29,1,2,Mid Value / Moderate
CUS-002076,32,85.83,2775.07,One year,Medium,1,48,48,1,3,New / At-Risk
CUS-002077,51,69.52,3459.85,Two year,High,8,24,6,0,2,Mid Value / Moderate
CUS-002078,46,77.2,3670.59,Month-to-month,Medium,1,36,4,0,2,Mid Value / Moderate
CUS-002079,21,81.13,1646.36,One year,Low,4,20,59,1,3,New / At-Risk
CUS-002080,32,120.03,3657.37,One year,Low,8,43,27,0,3,New / At-Risk
CUS-002081,39,33.68,1367.19,One year,Medium,7,57,19,0,2,Mid Value / Moderate
CUS-002082,12,119.96,1450.42,One year,High,0,65,31,0,0,High Value / Loyal
CUS-002083,47,109.52,4925.99,Month-to-month,Medium,2,60,58,1,1,Low Value / Dormant
CUS-002084,18,116.42,2112.19,One year,High,9,99,11,1,0,High Value / Loyal
CUS-002085,21,115.48,2339.01,One year,Medium,8,43,4,1,3,New / At-Risk
CUS-002086,13,81.18,1005.85,Month-to-month,High,2,84,29,1,0,High Value / Loyal
CUS-002087,21,47.48,958.89,Month-to-month,Medium,3,65,32,1,0,High Value / Loyal
CUS-002088,8,89.76,737.85,One year,High,2,46,9,0,3,New / At-Risk
CUS-002089,46,144.54,6818.71,Month-to-month,Medium,6,62,38,1,1,Low Value / Dormant
CUS-002090,7,96.51,682.61,Month-to-month,Medium,8,70,26,1,0,High Value / Loyal
CUS-002091,23,21.44,478.7,One year,Medium,3,26,11,0,3,New / At-Risk
CUS-002092,22,27.76,625.37,Month-to-month,High,8,29,1,0,3,New / At-Risk
CUS-002093,22,149.07,3249.43,Month-to-month,Medium,1,41,29,0,3,New / At-Risk
CUS-002094,29,29.35,852.15,One year,Low,1,15,59,0,3,New / At-Risk
CUS-002095,13,25.99,351.25,Month-to-month,Medium,8,19,40,0,3,New / At-Risk
CUS-002096,2,65.89,131.23,One year,Low,6,73,4,1,0,High Value / Loyal
CUS-002097,29,146.01,4287.83,Month-to-month,Medium,4,59,36,0,1,Low Value / Dormant
CUS-002098,52,61.43,3341.74,Two year,Medium,4,81,13,0,2,Mid Value / Moderate
CUS-002099,27,73.28,1969.07,Month-to-month,Medium,8,96,50,1,0,High Value / Loyal
CUS-002100,50,102.43,5152.6,Month-to-month,High,3,28,25,0,1,Low Value / Dormant
CUS-002101,23,23.13,536.59,One year,Medium,0,15,49,0,3,New / At-Risk
CUS-002102,44,136.71,5859.24,Month-to-month,Low,5,58,7,1,1,Low Value / Dormant
CUS-002103,22,87.53,1971.23,One year,Low,2,53,30,0,0,High Value / Loyal
CUS-002104,43,80.69,3548.1,One year,High,1,42,56,1,2,Mid Value / Moderate
CUS-002105,37,131.89,4740.31,One year,Low,3,28,2,0,1,Low Value / Dormant
CUS-002106,61,143.9,8350.71,Month-to-month,High,8,73,27,0,1,Low Value / Dormant
CUS-002107,56,75.05,4412.22,Two year,Medium,7,91,13,1,2,Mid Value / Moderate
CUS-002108,3,42.42,128.29,Month-to-month,Medium,6,19,10,0,3,New / At-Risk
CUS-002109,63,126.04,7687.38,Month-to-month,Medium,1,71,28,0,1,Low Value / Dormant
CUS-002110,19,72.42,1346.27,Month-to-month,Low,0,89,39,0,0,High Value / Loyal
CUS-002111,23,141.62,3295.65,One year,Medium,6,94,53,0,0,High Value / Loyal
CUS-002112,29,143.49,4010.33,Two year,Medium,9,77,11,1,1,Low Value / Dormant
CUS-002113,30,34.93,999.35,Month-to-month,High,4,2,42,1,3,New / At-Risk
CUS-002114,39,144.35,5797.76,Two year,High,7,18,8,0,1,Low Value / Dormant
CUS-002115,25,67.88,1733.51,One year,Low,4,40,57,1,3,New / At-Risk
CUS-002116,8,104.01,816.26,Month-to-month,Medium,9,53,35,1,0,High Value / Loyal
CUS-002117,58,24.52,1359.23,One year,Low,4,8,18,1,2,Mid Value / Moderate
CUS-002118,16,135.55,2165.9,Month-to-month,Medium,7,84,6,1,0,High Value / Loyal
CUS-002119,1,103.41,101.09,Two year,Low,8,9,16,1,3,New / At-Risk
CUS-002120,5,103.66,513.01,One year,Medium,1,77,47,1,0,High Value / Loyal
CUS-002121,3,137.28,402.54,Month-to-month,Low,7,21,50,1,3,New / At-Risk
CUS-002122,65,86.09,5413.83,Two year,Medium,6,92,22,0,1,Low Value / Dormant
CUS-002123,4,73.37,290.15,Month-to-month,Medium,7,44,11,1,3,New / At-Risk
CUS-002124,64,132.6,8880.71,Two year,High,2,60,6,0,1,Low Value / Dormant
CUS-002125,10,116.51,1137.91,Month-to-month,Medium,3,71,24,0,0,High Value / Loyal
CUS-002126,21,143.37,2961.32,One year,High,6,31,13,0,3,New / At-Risk
CUS-002127,46,142.22,6430.22,One year,Low,4,87,57,1,1,Low Value / Dormant
CUS-002128,27,69.7,1878.26,One year,Low,6,13,30,0,3,New / At-Risk
CUS-002129,66,78.11,5332.22,Month-to-month,High,5,45,24,1,1,Low Value / Dormant
CUS-002130,41,53.28,2163.02,Two year,Medium,3,2,10,0,3,New / At-Risk
CUS-002131,13,105.88,1418.64,Month-to-month,Medium,1,34,10,0,3,New / At-Risk
CUS-002132,9,67.39,583.16,Month-to-month,Low,5,69,6,1,0,High Value / Loyal
CUS-002133,36,122.19,4572.67,Month-to-month,Low,5,66,42,1,1,Low Value / Dormant
CUS-002134,58,35.8,2011.15,One year,High,5,62,2,0,2,Mid Value / Moderate
CUS-002135,54,35.13,1809.73,Month-to-month,Medium,0,47,14,0,2,Mid Value / Moderate
CUS-002136,12,46.58,539.85,One year,Medium,5,98,2,0,0,High Value / Loyal
CUS-002137,14,30.96,420.01,Two year,High,1,2,52,0,3,New / At-Risk
CUS-002138,34,100.6,3423.45,Two year,Medium,9,84,40,1,0,High Value / Loyal
CUS-002139,53,39.16,2064.87,Month-to-month,High,4,72,16,1,2,Mid Value / Moderate
CUS-002140,20,40.8,833.52,One year,Medium,6,87,48,1,0,High Value / Loyal
CUS-002141,16,21.85,333.9,Month-to-month,Medium,9,37,56,1,3,New / At-Risk
CUS-002142,70,121.67,8515.07,Two year,Low,0,80,43,0,1,Low Value / Dormant
CUS-002143,56,125.6,6915.68,Two year,High,4,86,6,0,1,Low Value / Dormant
CUS-002144,58,41.06,2412.78,Two year,Low,8,63,10,0,2,Mid Value / Moderate
CUS-002145,4,116.14,443.36,One year,High,2,56,45,0,0,High Value / Loyal
CUS-002146,4,76.36,291.24,Month-to-month,Low,1,46,19,1,3,New / At-Risk
CUS-002147,20,51.15,1015.5,Month-to-month,Medium,9,63,0,1,0,High Value / Loyal
CUS-002148,10,100.78,1039.18,Month-to-month,High,1,8,31,0,3,New / At-Risk
CUS-002149,24,43.2,1054.61,Month-to-month,Medium,2,55,37,1,0,High Value / Loyal
CUS-002150,26,118.39,2929.5,Two year,Low,0,43,56,0,3,New / At-Risk
CUS-002151,37,26.19,937.87,Month-to-month,High,1,90,53,0,0,High Value / Loyal
CUS-002152,54,144.69,7599.59,Two year,Medium,5,23,20,1,1,Low Value / Dormant
CUS-002153,21,29.34,611.48,Two year,Low,7,16,30,1,3,New / At-Risk
CUS-002154,38,95.33,3653.89,Two year,Medium,3,85,16,0,0,High Value / Loyal
CUS-002155,46,137.29,6136.06,One year,Medium,1,52,24,0,1,Low Value / Dormant
CUS-002156,4,21.55,85.18,Month-to-month,Medium,4,93,40,0,0,High Value / Loyal
CUS-002157,60,84.81,5131.13,Month-to-month,High,2,54,32,1,1,Low Value / Dormant
CUS-002158,57,65.5,3690.03,One year,Medium,4,84,11,0,2,Mid Value / Moderate
CUS-002159,45,95.44,4141.69,Month-to-month,Low,2,76,51,1,1,Low Value / Dormant
CUS-002160,20,49.31,985.37,Month-to-month,Medium,3,37,27,1,3,New / At-Risk
CUS-002161,17,28.44,474.92,One year,Low,4,90,48,1,0,High Value / Loyal
CUS-002162,71,101.37,7459.48,Two year,Medium,6,67,25,1,1,Low Value / Dormant
CUS-002163,4,74.19,304.94,Two year,High,1,18,35,0,3,New / At-Risk
CUS-002164,14,100.92,1369.16,Month-to-month,Medium,5,59,54,1,0,High Value / Loyal
CUS-002165,3,47.37,137.17,Two year,Medium,5,1,7,0,3,New / At-Risk
CUS-002166,58,64.04,3657.53,One year,High,5,19,31,1,2,Mid Value / Moderate
CUS-002167,55,93.02,5071.09,One year,Medium,6,13,50,1,1,Low Value / Dormant
CUS-002168,4,97.1,405.2,Month-to-month,Medium,2,33,50,1,3,New / At-Risk
CUS-002169,24,68.4,1609.06,One year,Low,4,94,25,0,0,High Value / Loyal
CUS-002170,34,56.41,1988.33,One year,Medium,8,22,4,1,3,New / At-Risk
CUS-002171,30,55.58,1668.32,One year,Low,8,27,42,0,3,New / At-Risk
CUS-002172,19,42.71,842.8,Month-to-month,Low,6,50,37,1,0,High Value / Loyal
CUS-002173,31,62.3,1970.39,Two year,Medium,8,77,12,1,0,High Value / Loyal
CUS-002174,60,45.93,2813.06,Two year,Medium,2,72,18,1,2,Mid Value / Moderate
CUS-002175,60,102.4,6155.31,Two year,Low,6,53,5,1,1,Low Value / Dormant
CUS-002176,19,93.98,1846.36,Month-to-month,Medium,0,60,57,1,0,High Value / Loyal
CUS-002177,49,69.74,3333.18,Month-to-month,High,6,50,59,1,2,Mid Value / Moderate
CUS-002178,63,62.36,4088.58,Month-to-month,High,2,66,54,1,2,Mid Value / Moderate
CUS-002179,22,50.89,1134.89,One year,Medium,2,83,44,1,0,High Value / Loyal
CUS-002180,24,89.61,2137.45,Two year,Medium,6,24,5,0,3,New / At-Risk
CUS-002181,30,139.46,4385.46,Month-to-month,High,7,69,15,1,1,Low Value / Dormant
CUS-002182,58,109.14,6559.36,Two year,Medium,3,8,53,1,1,Low Value / Dormant
CUS-002183,31,116.77,3718.46,One year,High,0,20,28,1,3,New / At-Risk
CUS-002184,64,128.47,8036.13,Month-to-month,Low,4,99,17,1,1,Low Value / Dormant
CUS-002185,19,65.71,1307.69,Month-to-month,Low,9,66,31,0,0,High Value / Loyal
CUS-002186,48,28.17,1385.21,Month-to-month,High,3,70,28,0,2,Mid Value / Moderate
CUS-002187,45,100.93,4589.76,One year,High,8,59,42,0,1,Low Value / Dormant
CUS-002188,55,44.53,2552.31,Month-to-month,Medium,2,80,51,1,2,Mid Value / Moderate
CUS-002189,55,93.98,4994.06,One year,High,3,47,16,1,1,Low Value / Dormant
CUS-002190,18,116.14,2014.99,One year,Medium,9,36,41,0,3,New / At-Risk
CUS-002191,63,121.87,7726.92,Month-to-month,High,2,2,47,1,1,Low Value / Dormant
CUS-002192,47,59.24,2660.82,Month-to-month,Medium,2,64,4,0,2,Mid Value / Moderate
CUS-002193,57,86.62,5018.09,One year,Medium,6,78,31,1,1,Low Value / Dormant
CUS-002194,45,100.73,4415.13,Month-to-month,Medium,4,38,28,1,1,Low Value / Dormant
CUS-002195,33,126.53,4016.49,Two year,Low,4,26,28,0,3,New / At-Risk
CUS-002196,17,118.98,2004.36,One year,Low,3,20,41,1,3,New / At-Risk
CUS-002197,70,148.44,10355.2,Month-to-month,Medium,9,93,2,1,1,Low Value / Dormant
CUS-002198,4,21.05,81.43,One year,Low,7,4,50,1,3,New / At-Risk
CUS-002199,20,76.87,1466.98,One year,Medium,0,84,3,0,0,High Value / Loyal
CUS-002200,47,53.29,2482.91,Month-to-month,Medium,8,88,43,0,2,Mid Value / Moderate
CUS-002201,15,35.59,547.65,Month-to-month,Low,8,65,24,0,0,High Value / Loyal
CUS-002202,70,138.5,10057.57,One year,Medium,4,89,58,1,1,Low Value / Dormant
CUS-002203,47,149.74,6754.32,Month-to-month,Low,0,14,21,1,1,Low Value / Dormant
CUS-002204,9,43.48,392.26,Month-to-month,Low,1,35,41,1,3,New / At-Risk
CUS-002205,16,25.0,390.48,One year,High,1,85,10,0,0,High Value / Loyal
CUS-002206,69,55.76,3799.01,One year,Medium,5,52,7,1,2,Mid Value / Moderate
CUS-002207,61,128.53,8180.29,Two year,Medium,9,23,26,1,1,Low Value / Dormant
CUS-002208,10,58.21,573.45,Month-to-month,Low,8,20,43,0,3,New / At-Risk
CUS-002209,50,27.4,1351.41,Month-to-month,Medium,2,90,45,1,2,Mid Value / Moderate
CUS-002210,3,26.82,78.13,One year,Medium,7,27,52,0,3,New / At-Risk
CUS-002211,70,75.56,5532.88,One year,High,1,41,21,0,1,Low Value / Dormant
CUS-002212,51,141.14,7166.68,One year,High,4,78,2,0,1,Low Value / Dormant
CUS-002213,19,57.17,1093.87,Month-to-month,Low,3,36,26,0,3,New / At-Risk
CUS-002214,42,75.53,3157.42,Month-to-month,High,4,4,10,1,3,New / At-Risk
CUS-002215,35,33.25,1135.04,One year,Medium,3,26,26,1,2,Mid Value / Moderate
CUS-002216,46,84.16,3991.74,One year,Medium,0,40,6,1,2,Mid Value / Moderate
CUS-002217,26,110.55,2738.8,Month-to-month,Low,0,80,59,1,0,High Value / Loyal
CUS-002218,69,55.25,3884.74,Month-to-month,Low,5,84,26,1,2,Mid Value / Moderate
CUS-002219,64,58.57,3783.98,Two year,High,7,88,46,0,2,Mid Value / Moderate
CUS-002220,37,129.46,4619.51,Two year,Medium,6,74,10,0,1,Low Value / Dormant
CUS-002221,49,21.35,1011.07,Month-to-month,Medium,3,66,56,1,2,Mid Value / Moderate
CUS-002222,21,102.74,2191.92,Month-to-month,Low,4,73,24,1,0,High Value / Loyal
CUS-002223,64,71.21,4471.51,Month-to-month,High,7,82,38,1,2,Mid Value / Moderate
CUS-002224,5,58.79,287.06,Month-to-month,Medium,5,94,50,0,0,High Value / Loyal
CUS-002225,70,105.49,7058.58,Month-to-month,Medium,7,3,15,0,1,Low Value / Dormant
CUS-002226,4,128.51,527.73,Month-to-month,Medium,5,64,20,0,0,High Value / Loyal
CUS-002227,39,92.59,3749.23,One year,High,7,29,25,1,3,New / At-Risk
CUS-002228,35,24.04,868.39,One year,Medium,3,54,56,0,2,Mid Value / Moderate
CUS-002229,1,79.98,79.71,Two year,Low,9,7,26,0,3,New / At-Risk
CUS-002230,24,80.16,1930.34,One year,Medium,1,25,56,0,3,New / At-Risk
CUS-002231,57,90.69,5036.32,Month-to-month,High,2,24,50,0,1,Low Value / Dormant
CUS-002232,70,107.22,7260.18,Month-to-month,Medium,4,43,44,1,1,Low Value / Dormant
CUS-002233,41,22.51,952.78,Two year,Medium,3,6,52,0,2,Mid Value / Moderate
CUS-002234,54,85.26,4741.49,Two year,Medium,4,15,16,0,1,Low Value / Dormant
CUS-002235,46,96.48,4561.17,Month-to-month,High,0,79,30,0,1,Low Value / Dormant
CUS-002236,60,64.64,3863.95,Month-to-month,Medium,0,40,13,0,2,Mid Value / Moderate
CUS-002237,60,106.89,6647.02,Two year,Medium,1,91,22,1,1,Low Value / Dormant
CUS-002238,57,49.66,2951.45,Month-to-month,Medium,1,61,1,0,2,Mid Value / Moderate
CUS-002239,31,61.26,1866.41,Month-to-month,Low,7,21,25,1,3,New / At-Risk
CUS-002240,24,145.16,3387.89,Two year,High,9,58,25,1,0,High Value / Loyal
CUS-002241,36,65.25,2340.57,Two year,Medium,3,96,21,0,0,High Value / Loyal
CUS-002242,30,65.05,1888.78,One year,Medium,5,32,41,1,3,New / At-Risk
CUS-002243,24,97.44,2428.32,Month-to-month,Low,1,12,27,1,3,New / At-Risk
CUS-002244,30,146.23,4315.73,One year,High,0,9,5,1,3,New / At-Risk
CUS-002245,7,147.8,1042.48,One year,Medium,6,20,47,0,3,New / At-Risk
CUS-002246,35,95.36,3369.06,One year,Low,3,15,38,1,3,New / At-Risk
CUS-002247,55,20.14,1109.43,Month-to-month,High,3,77,18,0,2,Mid Value / Moderate
CUS-002248,14,137.09,1853.28,Two year,Low,1,8,55,1,3,New / At-Risk
CUS-002249,10,94.13,987.53,Month-to-month,Medium,8,21,20,1,3,New / At-Risk
CUS-002250,16,67.58,1045.87,Month-to-month,Medium,1,45,41,1,3,New / At-Risk
CUS-002251,54,127.8,7074.51,Month-to-month,High,4,89,19,1,1,Low Value / Dormant
CUS-002252,70,71.98,5185.28,One year,Low,5,99,30,1,1,Low Value / Dormant
CUS-002253,44,24.43,1036.6,One year,Medium,2,40,26,0,2,Mid Value / Moderate
CUS-002254,45,126.74,5950.32,One year,Medium,2,94,14,0,1,Low Value / Dormant
CUS-002255,56,90.96,5087.62,Month-to-month,Medium,5,95,43,0,1,Low Value / Dormant
CUS-002256,57,63.96,3692.63,Two year,High,4,6,56,0,2,Mid Value / Moderate
CUS-002257,21,52.62,1120.65,Month-to-month,High,4,11,30,1,3,New / At-Risk
CUS-002258,68,97.19,6612.44,Month-to-month,High,4,64,8,0,1,Low Value / Dormant
CUS-002259,50,47.05,2268.11,One year,High,8,42,49,1,2,Mid Value / Moderate
CUS-002260,33,62.1,2100.91,Month-to-month,High,7,59,16,1,2,Mid Value / Moderate
CUS-002261,7,102.75,725.12,One year,Medium,3,8,18,1,3,New / At-Risk
CUS-002262,70,134.6,9062.77,Month-to-month,Medium,5,72,31,1,1,Low Value / Dormant
CUS-002263,15,89.28,1365.96,Month-to-month,High,4,55,9,0,0,High Value / Loyal
CUS-002264,32,118.68,3874.89,Month-to-month,Medium,5,39,39,0,3,New / At-Risk
CUS-002265,20,119.2,2395.52,Month-to-month,Medium,7,51,51,1,3,New / At-Risk
CUS-002266,15,106.37,1530.16,Month-to-month,Medium,5,55,4,1,0,High Value / Loyal
CUS-002267,48,51.96,2457.28,Month-to-month,Medium,5,76,12,1,2,Mid Value / Moderate
CUS-002268,71,132.68,8997.41,One year,High,1,3,52,1,1,Low Value / Dormant
CUS-002269,21,76.72,1607.42,Month-to-month,High,6,43,26,0,3,New / At-Risk
CUS-002270,42,25.75,1125.34,One year,Low,2,45,1,1,2,Mid Value / Moderate
CUS-002271,26,51.8,1279.75,One year,Medium,6,80,0,1,0,High Value / Loyal
CUS-002272,14,119.52,1634.25,Two year,Medium,4,91,7,0,0,High Value / Loyal
CUS-002273,57,28.99,1701.82,Two year,Low,3,16,9,0,2,Mid Value / Moderate
CUS-002274,37,39.16,1377.81,Month-to-month,High,9,5,27,0,3,New / At-Risk
CUS-002275,58,110.25,6081.25,Month-to-month,Low,0,40,4,0,1,Low Value / Dormant
CUS-002276,21,136.04,2888.46,One year,Medium,7,76,49,1,0,High Value / Loyal
CUS-002277,69,102.39,7268.88,One year,High,1,67,54,0,1,Low Value / Dormant
CUS-002278,3,48.9,150.75,Month-to-month,High,9,99,1,1,0,High Value / Loyal
CUS-002279,37,26.94,1024.79,One year,Medium,7,45,53,1,2,Mid Value / Moderate
CUS-002280,49,99.97,4830.27,One year,High,6,3,40,1,1,Low Value / Dormant
CUS-002281,19,26.16,516.1,One year,High,2,31,47,0,3,New / At-Risk
CUS-002282,12,99.65,1137.59,One year,High,6,24,51,1,3,New / At-Risk
CUS-002283,61,49.33,2952.34,Month-to-month,Medium,0,29,52,0,2,Mid Value / Moderate
CUS-002284,41,137.61,5549.96,Month-to-month,Medium,4,55,16,0,1,Low Value / Dormant
CUS-002285,33,81.76,2607.91,Month-to-month,High,1,33,47,0,3,New / At-Risk
CUS-002286,50,49.11,2415.38,Month-to-month,Low,1,51,32,1,2,Mid Value / Moderate
CUS-002287,68,130.91,8978.26,Two year,High,2,80,24,1,1,Low Value / Dormant
CUS-002288,71,53.02,3772.38,Month-to-month,High,6,97,4,0,2,Mid Value / Moderate
CUS-002289,33,59.86,1939.64,Month-to-month,Medium,1,74,27,0,0,High Value / Loyal
CUS-002290,24,128.46,3159.81,Month-to-month,Low,3,30,58,1,3,New / At-Risk
CUS-002291,61,60.14,3747.52,One year,Low,3,98,50,1,2,Mid Value / Moderate
CUS-002292,61,73.32,4374.51,One year,Medium,0,61,17,0,2,Mid Value / Moderate
CUS-002293,28,65.2,1793.23,One year,Medium,6,60,57,1,0,High Value / Loyal
CUS-002294,58,35.13,1994.36,Two year,Medium,3,35,22,1,2,Mid Value / Moderate
CUS-002295,43,25.06,1037.44,Month-to-month,High,0,7,51,1,2,Mid Value / Moderate
CUS-002296,41,114.19,4800.15,Month-to-month,High,2,6,34,1,1,Low Value / Dormant
CUS-002297,39,103.87,3867.05,One year,Medium,7,15,17,0,3,New / At-Risk
CUS-002298,49,56.71,2681.58,Two year,High,3,96,10,0,2,Mid Value / Moderate
CUS-002299,17,58.43,954.07,Month-to-month,Medium,0,66,42,0,0,High Value / Loyal
CUS-002300,70,142.85,10324.88,Month-to-month,Medium,6,96,42,1,1,Low Value / Dormant
CUS-002301,70,148.4,9914.13,One year,High,7,92,9,0,1,Low Value / Dormant
CUS-002302,65,81.55,5387.79,Month-to-month,Medium,4,85,9,0,1,Low Value / Dormant
CUS-002303,5,124.32,593.28,Month-to-month,High,8,17,35,1,3,New / At-Risk
CUS-002304,2,115.77,238.17,Two year,Medium,6,19,8,0,3,New / At-Risk
CUS-002305,22,58.65,1343.58,Month-to-month,Medium,3,14,41,1,3,New / At-Risk
CUS-002306,57,27.61,1571.88,One year,High,8,49,12,0,2,Mid Value / Moderate
CUS-002307,66,38.53,2620.58,Month-to-month,Medium,5,51,22,1,2,Mid Value / Moderate
CUS-002308,16,128.98,2106.25,Month-to-month,High,7,34,0,1,3,New / At-Risk
CUS-002309,51,115.06,6041.42,One year,Medium,1,84,15,0,1,Low Value / Dormant
CUS-002310,39,106.36,4258.84,Month-to-month,High,4,21,18,1,1,Low Value / Dormant
CUS-002311,40,36.98,1435.79,One year,Medium,2,48,11,0,2,Mid Value / Moderate
CUS-002312,38,103.19,3921.08,Month-to-month,Medium,4,67,4,0,1,Low Value / Dormant
CUS-002313,60,120.38,7555.34,Month-to-month,High,7,58,54,1,1,Low Value / Dormant
CUS-002314,59,131.88,7659.07,Month-to-month,Medium,5,78,4,1,1,Low Value / Dormant
CUS-002315,10,21.72,227.42,Two year,High,0,21,56,0,3,New / At-Risk
CUS-002316,64,108.98,7032.84,Month-to-month,High,6,27,6,1,1,Low Value / Dormant
CUS-002317,63,22.48,1410.97,Month-to-month,Medium,9,71,43,1,2,Mid Value / Moderate
CUS-002318,49,111.89,5569.27,Month-to-month,High,0,29,13,1,1,Low Value / Dormant
CUS-002319,64,102.63,6775.82,One year,Medium,0,9,32,0,1,Low Value / Dormant
CUS-002320,32,39.29,1243.83,Month-to-month,Low,3,79,5,0,0,High Value / Loyal
CUS-002321,7,119.6,798.07,Two year,Medium,8,44,17,1,3,New / At-Risk
CUS-002322,21,28.89,619.25,Two year,High,7,28,5,1,3,New / At-Risk
CUS-002323,20,127.43,2664.9,Month-to-month,Low,9,38,50,0,3,New / At-Risk
CUS-002324,26,54.05,1422.89,Month-to-month,High,2,15,29,1,3,New / At-Risk
CUS-002325,68,109.55,7217.34,Two year,Medium,5,15,11,1,1,Low Value / Dormant
CUS-002326,15,140.08,2048.3,Month-to-month,Low,0,30,49,1,3,New / At-Risk
CUS-002327,14,64.18,935.3,Two year,Medium,9,32,34,1,3,New / At-Risk
CUS-002328,27,85.38,2193.03,Month-to-month,Low,0,40,10,0,3,New / At-Risk
CUS-002329,40,80.21,3223.85,Month-to-month,Medium,5,76,57,1,0,High Value / Loyal
CUS-002330,58,40.49,2268.23,Two year,High,4,84,3,0,2,Mid Value / Moderate
CUS-002331,28,96.74,2649.89,Month-to-month,Low,5,91,12,1,0,High Value / Loyal
CUS-002332,26,116.59,2972.84,Month-to-month,Medium,8,2,0,0,3,New / At-Risk
CUS-002333,63,139.19,8523.04,One year,Medium,4,22,51,0,1,Low Value / Dormant
CUS-002334,66,130.6,8871.89,Two year,High,1,26,37,0,1,Low Value / Dormant
CUS-002335,25,86.3,2121.36,Month-to-month,High,0,40,52,1,3,New / At-Risk
CUS-002336,3,113.47,335.16,Two year,Low,1,8,28,1,3,New / At-Risk
CUS-002337,44,124.1,5434.82,One year,High,7,36,13,1,1,Low Value / Dormant
CUS-002338,42,84.15,3676.64,Two year,Medium,0,26,20,1,2,Mid Value / Moderate
CUS-002339,6,35.01,213.99,One year,Medium,5,81,40,0,0,High Value / Loyal
CUS-002340,39,76.93,2868.82,One year,Low,4,7,30,1,3,New / At-Risk
CUS-002341,52,129.52,6424.84,Two year,High,9,1,40,0,1,Low Value / Dormant
CUS-002342,23,97.56,2258.86,Month-to-month,Medium,8,91,56,1,0,High Value / Loyal
CUS-002343,50,114.18,5929.95,Two year,High,3,90,6,0,1,Low Value / Dormant
CUS-002344,43,44.08,1862.14,Month-to-month,Low,4,32,14,0,2,Mid Value / Moderate
CUS-002345,19,145.36,2692.25,Month-to-month,Medium,4,78,41,1,0,High Value / Loyal
CUS-002346,69,72.53,5128.81,One year,Low,1,83,8,0,2,Mid Value / Moderate
CUS-002347,51,104.97,5408.26,Month-to-month,Medium,1,9,28,1,1,Low Value / Dormant
CUS-002348,11,22.45,248.59,One year,High,8,59,59,0,0,High Value / Loyal
CUS-002349,12,36.55,423.24,One year,Low,2,44,55,1,3,New / At-Risk
CUS-002350,8,121.66,941.78,Month-to-month,Medium,5,65,23,0,0,High Value / Loyal
CUS-002351,24,145.84,3423.69,Month-to-month,Medium,3,21,14,1,3,New / At-Risk
CUS-002352,41,61.61,2451.85,One year,Low,3,20,20,0,2,Mid Value / Moderate
CUS-002353,36,24.83,936.15,Two year,Medium,4,49,40,0,2,Mid Value / Moderate
CUS-002354,55,66.91,3503.04,Two year,Medium,4,97,23,1,2,Mid Value / Moderate
CUS-002355,9,22.27,202.96,Month-to-month,High,6,33,6,1,3,New / At-Risk
CUS-002356,47,45.01,2119.12,Two year,Low,6,18,23,0,2,Mid Value / Moderate
CUS-002357,15,117.82,1736.08,Month-to-month,High,0,41,56,0,3,New / At-Risk
CUS-002358,48,141.82,7071.28,Month-to-month,High,5,17,22,1,1,Low Value / Dormant
CUS-002359,42,31.37,1339.89,Month-to-month,Medium,3,13,24,0,2,Mid Value / Moderate
CUS-002360,60,92.53,5828.29,Month-to-month,Low,1,43,7,0,1,Low Value / Dormant
CUS-002361,70,53.0,3587.38,One year,High,5,73,33,1,2,Mid Value / Moderate
CUS-002362,12,38.08,438.1,One year,Medium,6,65,34,0,0,High Value / Loyal
CUS-002363,2,48.47,93.44,Two year,Medium,1,23,53,1,3,New / At-Risk
CUS-002364,7,95.11,650.4,One year,Low,1,40,21,1,3,New / At-Risk
CUS-002365,3,28.47,84.69,Month-to-month,Low,9,34,54,1,3,New / At-Risk
CUS-002366,3,76.45,237.66,One year,Medium,6,36,33,1,3,New / At-Risk
CUS-002367,27,37.58,992.69,Month-to-month,Medium,8,50,27,1,2,Mid Value / Moderate
CUS-002368,40,55.45,2310.02,One year,High,2,78,0,0,2,Mid Value / Moderate
CUS-002369,33,44.8,1472.85,Month-to-month,High,2,85,58,1,0,High Value / Loyal
CUS-002370,1,134.79,136.77,Month-to-month,Medium,7,85,43,0,0,High Value / Loyal
CUS-002371,8,112.04,875.21,Month-to-month,Low,1,92,36,0,0,High Value / Loyal
CUS-002372,32,132.9,4106.51,Two year,High,8,96,29,0,0,High Value / Loyal
CUS-002373,48,69.85,3476.68,One year,Medium,6,30,58,1,2,Mid Value / Moderate
CUS-002374,4,60.74,233.49,Two year,High,7,40,49,0,3,New / At-Risk
CUS-002375,70,69.48,4996.61,Month-to-month,High,8,12,24,1,2,Mid Value / Moderate
CUS-002376,19,22.41,429.26,Two year,Medium,2,93,50,0,0,High Value / Loyal
CUS-002377,32,114.21,3786.76,Month-to-month,Medium,5,1,59,1,3,New / At-Risk
CUS-002378,9,65.47,602.07,One year,Medium,7,90,1,1,0,High Value / Loyal
CUS-002379,12,60.73,712.87,Month-to-month,Medium,0,16,27,0,3,New / At-Risk
CUS-002380,11,97.76,1083.35,Month-to-month,High,5,82,47,0,0,High Value / Loyal
CUS-002381,46,76.71,3356.95,Two year,Medium,2,97,27,0,0,High Value / Loyal
CUS-002382,16,147.51,2354.31,One year,Medium,7,50,22,0,3,New / At-Risk
CUS-002383,1,66.31,63.57,Two year,High,8,43,37,0,3,New / At-Risk
CUS-002384,63,99.81,6243.13,Month-to-month,Low,4,87,23,1,1,Low Value / Dormant
CUS-002385,21,60.51,1221.2,One year,Low,1,60,56,1,0,High Value / Loyal
CUS-002386,30,148.78,4666.62,Month-to-month,Medium,6,5,34,1,1,Low Value / Dormant
CUS-002387,13,77.86,1014.57,Month-to-month,High,5,21,7,1,3,New / At-Risk
CUS-002388,34,102.44,3626.77,Two year,Medium,5,65,35,0,0,High Value / Loyal
CUS-002389,4,36.47,138.93,One year,Medium,0,95,17,0,0,High Value / Loyal
CUS-002390,28,115.29,3272.65,Two year,Medium,0,82,19,0,0,High Value / Loyal
CUS-002391,59,55.0,3182.2,Month-to-month,Low,5,21,3,0,2,Mid Value / Moderate
CUS-002392,27,78.32,2100.22,Two year,Medium,5,71,7,0,0,High Value / Loyal
CUS-002393,69,134.81,9648.74,One year,Medium,3,65,25,0,1,Low Value / Dormant
CUS-002394,25,146.17,3829.71,One year,Low,7,23,55,1,3,New / At-Risk
CUS-002395,3,75.19,219.86,Month-to-month,Medium,8,91,38,0,0,High Value / Loyal
CUS-002396,68,128.52,9131.41,Two year,Low,5,60,19,1,1,Low Value / Dormant
CUS-002397,25,26.94,686.09,Two year,Medium,9,2,17,0,3,New / At-Risk
CUS-002398,20,130.18,2721.23,Month-to-month,High,7,34,32,0,3,New / At-Risk
CUS-002399,34,101.84,3484.03,One year,High,7,57,58,0,0,High Value / Loyal
CUS-002400,26,83.53,2271.9,Month-to-month,High,1,16,17,1,3,New / At-Risk
CUS-002401,5,135.7,705.1,One year,Low,3,74,33,1,0,High Value / Loyal
CUS-002402,61,129.89,7629.24,Two year,High,0,84,18,0,1,Low Value / Dormant
CUS-002403,9,58.6,517.45,Month-to-month,Medium,0,48,41,0,3,New / At-Risk
CUS-002404,50,122.89,5986.8,One year,High,5,25,52,0,1,Low Value / Dormant
CUS-002405,6,32.93,199.03,Month-to-month,High,6,68,32,1,0,High Value / Loyal
CUS-002406,60,126.96,7848.22,One year,Medium,4,32,20,0,1,Low Value / Dormant
CUS-002407,44,107.81,4866.66,Two year,Low,7,45,6,1,1,Low Value / Dormant
CUS-002408,11,31.42,353.49,Month-to-month,Medium,8,92,59,1,0,High Value / Loyal
CUS-002409,66,108.8,7091.26,Month-to-month,Medium,3,40,13,0,1,Low Value / Dormant
CUS-002410,47,95.47,4325.28,One year,Medium,0,13,32,0,1,Low Value / Dormant
CUS-002411,3,97.29,283.43,One year,Low,5,5,3,0,3,New / At-Risk
CUS-002412,30,57.81,1776.29,Month-to-month,Medium,0,17,42,0,3,New / At-Risk
CUS-002413,21,54.64,1107.09,Month-to-month,Low,1,71,1,0,0,High Value / Loyal
CUS-002414,28,119.13,3243.21,Month-to-month,High,3,10,39,1,3,New / At-Risk
CUS-002415,62,53.39,3284.94,Month-to-month,Medium,3,91,49,0,2,Mid Value / Moderate
CUS-002416,33,78.01,2464.31,One year,Medium,5,59,30,1,0,High Value / Loyal
CUS-002417,35,110.32,3750.35,Month-to-month,Low,7,35,48,1,3,New / At-Risk
CUS-002418,52,30.35,1522.93,One year,High,2,23,45,0,2,Mid Value / Moderate
CUS-002419,34,97.29,3457.2,Month-to-month,Medium,5,56,29,1,0,High Value / Loyal
CUS-002420,41,96.62,3839.18,Month-to-month,Medium,2,16,49,1,3,New / At-Risk
CUS-002421,51,108.95,5757.45,Month-to-month,High,1,52,9,0,1,Low Value / Dormant
CUS-002422,47,68.09,3076.99,One year,Low,3,27,51,1,2,Mid Value / Moderate
CUS-002423,58,78.37,4713.34,Month-to-month,High,3,15,20,0,2,Mid Value / Moderate
CUS-002424,57,62.9,3620.72,Two year,Medium,1,62,49,1,2,Mid Value / Moderate
CUS-002425,23,125.06,2977.01,Month-to-month,Low,2,6,51,0,3,New / At-Risk
CUS-002426,48,36.98,1840.22,Month-to-month,Medium,8,24,22,1,2,Mid Value / Moderate
CUS-002427,22,145.18,3224.83,Month-to-month,Medium,9,87,36,0,0,High Value / Loyal
CUS-002428,17,102.53,1815.79,Month-to-month,Medium,8,5,7,1,3,New / At-Risk
CUS-002429,69,135.3,9415.32,Two year,High,9,71,9,1,1,Low Value / Dormant
CUS-002430,11,75.41,847.14,Two year,High,6,86,24,0,0,High Value / Loyal
CUS-002431,15,63.2,939.99,Month-to-month,High,1,93,32,1,0,High Value / Loyal
CUS-002432,35,137.09,4996.98,One year,Medium,4,53,16,1,1,Low Value / Dormant
CUS-002433,33,32.85,1119.31,One year,Medium,7,31,50,0,2,Mid Value / Moderate
CUS-002434,16,35.22,544.8,Two year,High,0,35,23,0,3,New / At-Risk
CUS-002435,34,58.92,2018.41,Month-to-month,High,0,98,48,0,0,High Value / Loyal
CUS-002436,66,144.77,9934.03,Month-to-month,High,5,19,41,1,1,Low Value / Dormant
CUS-002437,40,102.3,4211.88,One year,High,6,34,49,1,1,Low Value / Dormant
CUS-002438,28,92.05,2696.48,Month-to-month,High,6,94,29,0,0,High Value / Loyal
CUS-002439,47,111.7,5108.67,One year,Medium,2,83,0,1,1,Low Value / Dormant
CUS-002440,39,74.27,2858.2,Two year,Low,9,82,16,1,0,High Value / Loyal
CUS-002441,70,118.55,8304.44,Month-to-month,Medium,3,1,27,1,1,Low Value / Dormant
CUS-002442,20,71.12,1384.37,Two year,High,8,41,12,1,3,New / At-Risk
CUS-002443,1,127.43,126.08,Two year,Low,9,53,56,1,3,New / At-Risk
CUS-002444,63,54.75,3462.09,Two year,High,3,80,59,1,2,Mid Value / Moderate
CUS-002445,67,56.08,3641.45,One year,High,4,64,9,0,2,Mid Value / Moderate
CUS-002446,4,87.91,343.08,One year,High,5,40,0,0,3,New / At-Risk
CUS-002447,58,76.0,4242.57,Month-to-month,Medium,6,62,19,0,2,Mid Value / Moderate
CUS-002448,25,104.26,2661.99,Two year,Medium,4,55,6,1,0,High Value / Loyal
CUS-002449,47,67.36,3121.99,Month-to-month,Low,6,92,59,1,2,Mid Value / Moderate
CUS-002450,38,49.97,1845.8,Month-to-month,High,1,11,31,0,3,New / At-Risk
CUS-002451,15,81.08,1217.02,Month-to-month,High,6,52,20,0,0,High Value / Loyal
CUS-002452,63,92.92,5601.48,One year,High,4,96,25,1,1,Low Value / Dormant
CUS-002453,21,38.54,843.56,Month-to-month,High,9,26,44,0,3,New / At-Risk
CUS-002454,57,92.37,5157.07,One year,Low,4,74,52,0,1,Low Value / Dormant
CUS-002455,53,61.5,3385.65,One year,Medium,5,87,6,0,2,Mid Value / Moderate
CUS-002456,46,71.02,3266.08,Month-to-month,Medium,8,48,37,1,2,Mid Value / Moderate
CUS-002457,14,56.31,815.96,Month-to-month,High,3,45,53,1,3,New / At-Risk
CUS-002458,17,141.08,2337.75,Month-to-month,Low,4,33,44,0,3,New / At-Risk
CUS-002459,39,108.83,4106.68,Month-to-month,Medium,4,64,39,0,1,Low Value / Dormant
CUS-002460,9,54.12,504.1,Month-to-month,High,2,78,47,1,0,High Value / Loyal
CUS-002461,6,103.85,605.24,Month-to-month,High,2,9,57,0,3,New / At-Risk
CUS-002462,23,130.31,3071.02,Two year,High,0,78,40,0,0,High Value / Loyal
CUS-002463,59,72.21,4194.29,One year,Medium,3,2,44,0,2,Mid Value / Moderate
CUS-002464,46,127.89,6029.16,One year,Medium,8,75,26,1,1,Low Value / Dormant
CUS-002465,38,40.07,1584.89,Month-to-month,Medium,1,14,33,0,2,Mid Value / Moderate
CUS-002466,14,126.96,1863.07,Month-to-month,High,9,36,11,1,3,New / At-Risk
CUS-002467,62,90.24,5516.34,One year,Medium,3,35,11,0,1,Low Value / Dormant
CUS-002468,35,48.99,1691.82,One year,High,8,64,57,1,2,Mid Value / Moderate
CUS-002469,19,72.93,1452.34,Month-to-month,Low,8,25,14,1,3,New / At-Risk
CUS-002470,30,148.44,4614.17,Month-to-month,Medium,7,97,19,0,1,Low Value / Dormant
CUS-002471,25,121.86,2907.97,Two year,High,1,9,9,0,3,New / At-Risk
CUS-002472,40,94.76,3818.29,Month-to-month,Low,2,77,56,1,0,High Value / Loyal
CUS-002473,14,34.97,473.99,Month-to-month,Medium,5,43,45,0,3,New / At-Risk
CUS-002474,26,74.32,2027.66,Month-to-month,Medium,1,10,25,0,3,New / At-Risk
CUS-002475,22,54.2,1149.28,One year,Medium,2,57,16,0,0,High Value / Loyal
CUS-002476,48,29.23,1411.37,One year,Low,0,33,9,0,2,Mid Value / Moderate
CUS-002477,51,90.49,4691.05,Month-to-month,Medium,3,9,55,1,1,Low Value / Dormant
CUS-002478,3,135.59,424.56,Month-to-month,High,5,54,10,1,3,New / At-Risk
CUS-002479,42,107.83,4686.04,Month-to-month,Medium,0,13,16,0,1,Low Value / Dormant
CUS-002480,19,52.46,971.37,Month-to-month,Medium,0,24,10,0,3,New / At-Risk
CUS-002481,28,94.57,2667.08,Month-to-month,Low,7,62,14,1,0,High Value / Loyal
CUS-002482,45,142.62,6709.02,Month-to-month,Medium,6,40,3,0,1,Low Value / Dormant
CUS-002483,71,113.98,8283.26,Month-to-month,Medium,6,59,24,1,1,Low Value / Dormant
CUS-002484,63,109.63,7036.87,One year,Medium,6,56,35,0,1,Low Value / Dormant
CUS-002485,19,145.86,2841.99,One year,Medium,4,64,52,1,0,High Value / Loyal
CUS-002486,47,123.85,5717.79,Two year,Medium,3,60,46,0,1,Low Value / Dormant
CUS-002487,14,37.76,540.77,One year,Medium,6,81,30,1,0,High Value / Loyal
CUS-002488,38,65.19,2411.14,Two year,High,2,97,45,0,0,High Value / Loyal
CUS-002489,53,145.47,7654.39,Two year,Medium,8,23,28,0,1,Low Value / Dormant
CUS-002490,61,83.66,5302.36,Month-to-month,Medium,1,27,30,0,1,Low Value / Dormant
CUS-002491,36,34.51,1182.7,Month-to-month,Medium,0,61,8,0,2,Mid Value / Moderate
CUS-002492,40,79.62,3157.46,One year,Low,7,44,47,1,2,Mid Value / Moderate
CUS-002493,30,110.61,3240.9,One year,Medium,5,57,55,0,0,High Value / Loyal
CUS-002494,9,149.68,1306.53,Two year,High,3,43,0,0,3,New / At-Risk
CUS-002495,64,62.11,4109.47,One year,Medium,9,62,2,0,2,Mid Value / Moderate
CUS-002496,33,86.83,2921.74,Month-to-month,Low,8,26,3,1,3,New / At-Risk
CUS-002497,52,134.36,6716.0,Month-to-month,High,4,88,18,0,1,Low Value / Dormant
CUS-002498,14,66.18,926.07,Month-to-month,Low,0,75,40,1,0,High Value / Loyal
CUS-002499,53,34.2,1806.81,Two year,Medium,0,93,21,0,2,Mid Value / Moderate
CUS-002500,59,143.36,8155.98,Two year,Medium,6,64,50,1,1,Low Value / Dormant
CUS-002501,41,83.5,3526.01,Month-to-month,Medium,0,69,7,0,2,Mid Value / Moderate
CUS-002502,68,85.36,5727.22,One year,Low,5,24,24,1,1,Low Value / Dormant
CUS-002503,68,100.76,7030.87,One year,Medium,6,73,57,1,1,Low Value / Dormant
CUS-002504,8,20.46,158.64,Month-to-month,High,9,74,3,1,0,High Value / Loyal
CUS-002505,2,141.05,276.88,Two year,Medium,4,11,44,0,3,New / At-Risk
CUS-002506,41,66.99,2635.35,One year,Medium,2,95,52,0,0,High Value / Loyal
CUS-002507,55,71.6,3797.66,Month-to-month,High,2,67,50,0,2,Mid Value / Moderate
CUS-002508,16,42.63,708.29,Month-to-month,High,1,89,13,0,0,High Value / Loyal
CUS-002509,62,69.16,4120.29,Month-to-month,Medium,0,53,4,0,2,Mid Value / Moderate
CUS-002510,48,124.51,5734.99,Month-to-month,Medium,7,43,49,1,1,Low Value / Dormant
CUS-002511,30,124.0,3883.79,Month-to-month,Medium,8,27,49,1,3,New / At-Risk
CUS-002512,12,141.65,1724.64,Month-to-month,High,1,1,58,1,3,New / At-Risk
CUS-002513,35,72.42,2433.54,One year,High,3,49,28,0,2,Mid Value / Moderate
CUS-002514,11,112.13,1291.66,One year,Medium,2,48,20,1,3,New / At-Risk
CUS-002515,64,85.94,5306.11,One year,Medium,3,80,14,0,1,Low Value / Dormant
CUS-002516,50,124.52,6391.98,One year,High,3,99,22,1,1,Low Value / Dormant
CUS-002517,21,112.63,2255.22,Two year,Medium,7,79,16,0,0,High Value / Loyal
CUS-002518,69,67.83,4738.38,Two year,High,2,98,2,0,2,Mid Value / Moderate
CUS-002519,48,63.77,3075.14,Month-to-month,High,2,53,32,0,2,Mid Value / Moderate
CUS-002520,20,52.82,1025.51,Month-to-month,High,5,11,55,1,3,New / At-Risk
CUS-002521,67,94.95,6452.51,Month-to-month,Medium,2,9,49,1,1,Low Value / Dormant
CUS-002522,44,145.3,6468.02,One year,High,4,61,53,0,1,Low Value / Dormant
CUS-002523,33,46.01,1563.58,Two year,Medium,3,88,26,1,0,High Value / Loyal
CUS-002524,61,32.38,2049.6,One year,Low,3,99,15,0,2,Mid Value / Moderate
CUS-002525,9,35.52,320.02,One year,Medium,1,22,5,0,3,New / At-Risk
CUS-002526,68,121.8,8274.55,One year,Medium,8,71,40,1,1,Low Value / Dormant
CUS-002527,35,65.51,2320.86,One year,Medium,4,44,53,0,2,Mid Value / Moderate
CUS-002528,65,49.17,3269.15,Two year,High,4,30,9,0,2,Mid Value / Moderate
CUS-002529,8,65.87,519.38,Two year,High,6,60,53,0,0,High Value / Loyal
CUS-002530,45,103.89,4677.36,One year,High,2,93,28,0,1,Low Value / Dormant
CUS-002531,47,91.08,4317.3,One year,Medium,5,55,58,0,1,Low Value / Dormant
CUS-002532,40,116.67,4894.57,Month-to-month,Medium,0,39,16,1,1,Low Value / Dormant
CUS-002533,54,64.08,3490.65,Month-to-month,High,4,41,38,0,2,Mid Value / Moderate
CUS-002534,46,78.76,3523.2,Month-to-month,High,4,9,45,1,2,Mid Value / Moderate
CUS-002535,47,33.26,1576.78,Month-to-month,High,8,1,13,1,2,Mid Value / Moderate
CUS-002536,15,29.5,456.6,Two year,Medium,4,3,11,0,3,New / At-Risk
CUS-002537,19,80.09,1576.16,Month-to-month,High,7,69,37,1,0,High Value / Loyal
CUS-002538,26,59.21,1585.62,Month-to-month,High,2,11,28,1,3,New / At-Risk
CUS-002539,52,99.66,5383.72,Month-to-month,Low,5,4,13,0,1,Low Value / Dormant
CUS-002540,22,25.59,553.68,Month-to-month,Medium,1,33,7,1,3,New / At-Risk
CUS-002541,21,35.83,752.99,Two year,High,8,33,48,1,3,New / At-Risk
CUS-002542,51,132.47,6945.11,Month-to-month,Medium,5,45,39,0,1,Low Value / Dormant
CUS-002543,38,93.62,3473.78,Two year,Medium,4,20,39,0,3,New / At-Risk
CUS-002544,20,112.57,2222.43,Month-to-month,Medium,8,37,16,1,3,New / At-Risk
CUS-002545,29,129.46,3878.56,Two year,Medium,0,84,42,0,0,High Value / Loyal
CUS-002546,51,80.3,4205.83,One year,Medium,2,98,38,1,2,Mid Value / Moderate
CUS-002547,4,118.94,498.17,One year,Low,1,21,22,0,3,New / At-Risk
CUS-002548,55,88.2,5091.37,Month-to-month,Low,8,58,6,1,1,Low Value / Dormant
CUS-002549,71,48.96,3385.85,One year,High,5,51,11,0,2,Mid Value / Moderate
CUS-002550,28,63.9,1860.71,One year,Low,5,71,15,0,0,High Value / Loyal
CUS-002551,4,83.75,321.4,Month-to-month,Medium,4,16,12,0,3,New / At-Risk
CUS-002552,22,61.2,1374.54,Month-to-month,Medium,3,96,46,0,0,High Value / Loyal
CUS-002553,45,63.62,2782.71,Two year,High,3,36,18,0,2,Mid Value / Moderate
CUS-002554,67,63.86,4193.25,Month-to-month,Medium,1,50,2,0,2,Mid Value / Moderate
CUS-002555,66,35.97,2479.92,Two year,Medium,6,75,42,0,2,Mid Value / Moderate
CUS-002556,34,31.0,1029.15,One year,Low,5,48,55,1,2,Mid Value / Moderate
CUS-002557,55,26.04,1457.25,Month-to-month,High,2,29,7,0,2,Mid Value / Moderate
CUS-002558,1,34.42,33.32,Month-to-month,Medium,6,42,39,1,3,New / At-Risk
CUS-002559,38,64.68,2357.97,Two year,Medium,8,98,11,0,0,High Value / Loyal
CUS-002560,6,97.2,573.85,One year,High,9,59,30,1,0,High Value / Loyal
CUS-002561,25,44.46,1125.28,Month-to-month,Low,0,55,34,0,0,High Value / Loyal
CUS-002562,17,135.44,2244.46,One year,Medium,9,74,19,1,0,High Value / Loyal
CUS-002563,61,125.09,7477.99,Month-to-month,Medium,7,67,27,1,1,Low Value / Dormant
CUS-002564,12,87.67,1073.98,Two year,Medium,1,22,1,0,3,New / At-Risk
CUS-002565,6,114.15,657.68,Month-to-month,Medium,0,96,26,0,0,High Value / Loyal
CUS-002566,27,67.62,1816.12,Month-to-month,Medium,8,84,2,0,0,High Value / Loyal
CUS-002567,8,24.78,207.01,Month-to-month,High,1,2,47,1,3,New / At-Risk
CUS-002568,65,137.56,8849.49,Month-to-month,Medium,6,8,20,1,1,Low Value / Dormant
CUS-002569,57,36.61,2073.22,One year,Low,6,41,50,0,2,Mid Value / Moderate
CUS-002570,40,143.23,5865.75,One year,High,0,89,51,0,1,Low Value / Dormant
CUS-002571,14,94.34,1357.68,One year,High,9,11,6,0,3,New / At-Risk
CUS-002572,35,59.72,2146.67,One year,Medium,0,24,50,1,3,New / At-Risk
CUS-002573,48,84.42,4253.81,Month-to-month,Medium,6,26,32,0,2,Mid Value / Moderate
CUS-002574,56,85.21,4567.37,One year,Medium,5,35,44,1,1,Low Value / Dormant
CUS-002575,49,23.03,1182.75,Two year,High,3,5,45,1,2,Mid Value / Moderate
CUS-002576,13,66.21,899.48,Month-to-month,Low,2,15,32,0,3,New / At-Risk
CUS-002577,61,116.18,7336.7,Month-to-month,Medium,4,14,35,1,1,Low Value / Dormant
CUS-002578,49,86.31,4209.74,One year,High,4,37,16,1,2,Mid Value / Moderate
CUS-002579,46,51.75,2468.79,Month-to-month,Low,2,18,5,1,2,Mid Value / Moderate
CUS-002580,62,63.56,3830.97,Month-to-month,Medium,5,76,51,0,2,Mid Value / Moderate
CUS-002581,8,132.2,1088.42,One year,Medium,2,67,20,0,0,High Value / Loyal
CUS-002582,43,88.32,3678.28,Two year,High,3,46,37,0,2,Mid Value / Moderate
CUS-002583,20,88.69,1829.65,One year,High,2,97,33,1,0,High Value / Loyal
CUS-002584,39,144.99,5719.4,One year,Medium,5,68,48,0,1,Low Value / Dormant
CUS-002585,49,61.71,2902.46,Month-to-month,Medium,8,57,57,0,2,Mid Value / Moderate
CUS-002586,64,82.34,5478.11,One year,High,2,40,47,1,1,Low Value / Dormant
CUS-002587,62,125.52,7843.08,One year,High,0,90,11,0,1,Low Value / Dormant
CUS-002588,54,118.66,6507.68,Month-to-month,Low,6,85,11,1,1,Low Value / Dormant
CUS-002589,9,54.55,480.36,Month-to-month,Medium,4,45,17,0,3,New / At-Risk
CUS-002590,37,39.64,1521.26,One year,High,3,16,47,1,2,Mid Value / Moderate
CUS-002591,49,111.09,5468.09,Two year,Low,2,62,5,0,1,Low Value / Dormant
CUS-002592,41,53.5,2176.01,One year,Medium,6,23,12,0,2,Mid Value / Moderate
CUS-002593,17,139.95,2387.27,Month-to-month,Medium,1,88,30,0,0,High Value / Loyal
CUS-002594,21,36.8,788.56,Month-to-month,High,3,73,57,1,0,High Value / Loyal
CUS-002595,51,61.38,3191.49,Month-to-month,Medium,1,83,24,0,2,Mid Value / Moderate
CUS-002596,59,27.12,1577.43,Month-to-month,Medium,9,91,47,1,2,Mid Value / Moderate
CUS-002597,39,111.43,4295.89,Two year,High,7,95,23,1,0,High Value / Loyal
CUS-002598,55,135.86,7519.04,One year,Low,2,51,41,1,1,Low Value / Dormant
CUS-002599,41,102.66,4387.85,One year,Medium,4,1,10,1,3,New / At-Risk
CUS-002600,39,141.91,5670.24,Two year,Medium,3,77,32,0,1,Low Value / Dormant
CUS-002601,13,36.71,471.94,Month-to-month,Medium,4,45,20,1,3,New / At-Risk
CUS-002602,64,31.41,1977.19,One year,Medium,3,4,38,1,2,Mid Value / Moderate
CUS-002603,11,128.99,1422.28,Month-to-month,Medium,7,55,23,0,0,High Value / Loyal
CUS-002604,19,131.22,2585.36,Month-to-month,Medium,5,89,54,0,0,High Value / Loyal
CUS-002605,11,128.04,1339.19,Month-to-month,Medium,0,10,48,1,3,New / At-Risk
CUS-002606,46,123.87,5817.74,Two year,High,4,87,43,1,1,Low Value / Dormant
CUS-002607,45,67.09,2957.0,Month-to-month,High,0,30,51,1,2,Mid Value / Moderate
CUS-002608,1,48.27,46.86,Month-to-month,Medium,2,14,19,1,3,New / At-Risk
CUS-002609,40,140.74,5355.13,One year,High,5,96,46,0,1,Low Value / Dormant
CUS-002610,19,59.91,1183.43,Month-to-month,High,8,30,8,0,3,New / At-Risk
CUS-002611,61,71.79,4559.91,Month-to-month,Low,2,5,30,1,2,Mid Value / Moderate
CUS-002612,12,110.94,1272.92,One year,High,3,15,27,0,3,New / At-Risk
CUS-002613,61,58.14,3554.05,Month-to-month,Medium,9,17,53,0,2,Mid Value / Moderate
CUS-002614,33,126.49,4029.05,Two year,High,0,48,37,0,1,Low Value / Dormant
CUS-002615,45,29.1,1343.58,One year,High,9,97,4,0,2,Mid Value / Moderate
CUS-002616,69,122.85,8617.11,Month-to-month,High,1,76,36,0,1,Low Value / Dormant
CUS-002617,8,98.24,769.98,Month-to-month,Medium,6,25,40,1,3,New / At-Risk
CUS-002618,25,94.49,2271.75,One year,Medium,7,19,33,1,3,New / At-Risk
CUS-002619,46,79.59,3782.36,Month-to-month,Medium,0,59,9,0,2,Mid Value / Moderate
CUS-002620,30,56.02,1709.76,One year,Medium,8,53,31,0,2,Mid Value / Moderate
CUS-002621,47,80.33,3589.27,One year,Medium,5,87,36,1,2,Mid Value / Moderate
CUS-002622,49,78.5,3895.87,One year,Medium,0,39,16,0,2,Mid Value / Moderate
CUS-002623,47,95.89,4646.58,One year,High,3,5,52,0,1,Low Value / Dormant
CUS-002624,18,56.6,1028.13,Two year,High,3,40,35,0,3,New / At-Risk
CUS-002625,66,30.09,1970.82,Month-to-month,High,6,85,35,1,2,Mid Value / Moderate
CUS-002626,68,38.86,2664.77,Month-to-month,Medium,0,58,12,1,2,Mid Value / Moderate
CUS-002627,33,110.89,3703.28,One year,Medium,9,78,19,1,0,High Value / Loyal
CUS-002628,36,22.92,836.82,Month-to-month,Medium,8,6,50,1,2,Mid Value / Moderate
CUS-002629,19,131.34,2611.96,One year,Low,0,19,37,0,3,New / At-Risk
CUS-002630,28,110.27,2988.39,One year,Medium,9,68,18,0,0,High Value / Loyal
CUS-002631,40,119.85,4853.06,Month-to-month,Medium,2,24,21,0,1,Low Value / Dormant
CUS-002632,15,128.68,1869.95,Month-to-month,High,0,90,15,1,0,High Value / Loyal
CUS-002633,41,35.95,1431.29,One year,High,0,19,5,0,2,Mid Value / Moderate
CUS-002634,39,126.92,5033.61,Two year,High,3,59,10,0,1,Low Value / Dormant
CUS-002635,2,85.6,178.33,Month-to-month,Medium,1,61,9,1,0,High Value / Loyal
CUS-002636,63,135.12,8222.2,One year,Medium,8,32,30,0,1,Low Value / Dormant
CUS-002637,29,135.26,4103.83,Month-to-month,High,0,45,17,0,1,Low Value / Dormant
CUS-002638,66,23.14,1499.86,Month-to-month,Medium,2,35,31,1,2,Mid Value / Moderate
CUS-002639,51,69.77,3519.72,Month-to-month,Medium,1,54,40,0,2,Mid Value / Moderate
CUS-002640,10,88.43,853.69,Month-to-month,Medium,0,2,41,1,3,New / At-Risk
CUS-002641,14,108.19,1532.16,One year,High,8,97,46,1,0,High Value / Loyal
CUS-002642,51,57.2,2945.54,One year,Low,4,74,23,0,2,Mid Value / Moderate
CUS-002643,39,52.78,2046.48,Two year,Low,5,45,45,1,2,Mid Value / Moderate
CUS-002644,28,69.56,1943.15,Month-to-month,High,7,33,15,1,3,New / At-Risk
CUS-002645,3,85.12,258.51,Two year,Low,6,23,28,0,3,New / At-Risk
CUS-002646,70,143.65,10139.39,One year,High,6,98,38,0,1,Low Value / Dormant
CUS-002647,27,119.07,3174.58,Month-to-month,Medium,8,36,24,0,3,New / At-Risk
CUS-002648,2,75.81,157.45,Month-to-month,High,2,94,39,1,0,High Value / Loyal
CUS-002649,38,27.07,1045.81,One year,Medium,9,69,24,0,2,Mid Value / Moderate
CUS-002650,3,41.91,122.02,Two year,Medium,7,85,39,1,0,High Value / Loyal
CUS-002651,16,79.27,1245.48,One year,High,5,80,44,0,0,High Value / Loyal
CUS-002652,40,125.8,5176.75,One year,Medium,7,71,18,1,1,Low Value / Dormant
CUS-002653,2,69.49,133.48,Month-to-month,Medium,3,9,9,0,3,New / At-Risk
CUS-002654,41,90.0,3782.53,Month-to-month,Medium,0,88,0,1,0,High Value / Loyal
CUS-002655,12,135.93,1608.19,Month-to-month,Low,2,49,26,1,3,New / At-Risk
CUS-002656,35,138.79,4882.88,Month-to-month,High,9,26,21,1,1,Low Value / Dormant
CUS-002657,65,48.05,3054.76,One year,Low,2,96,27,0,2,Mid Value / Moderate
CUS-002658,55,25.67,1480.38,Two year,Medium,0,27,47,1,2,Mid Value / Moderate
CUS-002659,45,59.7,2795.69,Month-to-month,Medium,4,41,34,0,2,Mid Value / Moderate
CUS-002660,62,110.45,7141.58,One year,Medium,5,83,2,0,1,Low Value / Dormant
CUS-002661,49,143.64,6816.71,Month-to-month,Medium,8,72,37,0,1,Low Value / Dormant
CUS-002662,25,30.01,775.99,Month-to-month,High,7,6,25,1,3,New / At-Risk
CUS-002663,23,23.7,547.1,Month-to-month,Medium,3,83,43,0,0,High Value / Loyal
CUS-002664,24,134.94,3305.86,Month-to-month,High,5,87,56,0,0,High Value / Loyal
CUS-002665,38,117.26,4329.96,Month-to-month,High,2,66,4,0,1,Low Value / Dormant
CUS-002666,28,148.99,4260.22,Month-to-month,Low,0,61,47,0,1,Low Value / Dormant
CUS-002667,21,71.58,1565.52,Month-to-month,High,8,67,48,0,0,High Value / Loyal
CUS-002668,54,74.09,3907.65,Month-to-month,High,7,66,9,0,2,Mid Value / Moderate
CUS-002669,18,42.4,742.86,One year,High,5,77,6,0,0,High Value / Loyal
CUS-002670,36,35.06,1212.24,Month-to-month,Medium,2,96,29,1,0,High Value / Loyal
CUS-002671,45,95.23,4185.57,Two year,Medium,4,43,24,0,1,Low Value / Dormant
CUS-002672,53,67.36,3582.7,Two year,High,8,25,41,1,2,Mid Value / Moderate
CUS-002673,30,30.44,943.62,Two year,High,6,62,33,1,2,Mid Value / Moderate
CUS-002674,60,135.31,7938.92,One year,Low,1,13,46,0,1,Low Value / Dormant
CUS-002675,32,45.79,1482.91,One year,High,5,94,56,0,0,High Value / Loyal
CUS-002676,67,117.32,7844.13,Month-to-month,High,8,83,20,1,1,Low Value / Dormant
CUS-002677,67,56.69,3717.91,One year,Medium,9,24,28,1,2,Mid Value / Moderate
CUS-002678,28,125.68,3522.62,Month-to-month,Low,0,97,16,0,0,High Value / Loyal
CUS-002679,44,35.39,1505.52,Month-to-month,Medium,4,59,35,1,2,Mid Value / Moderate
CUS-002680,41,118.29,4917.55,Month-to-month,High,8,77,39,1,1,Low Value / Dormant
CUS-002681,63,32.76,1984.28,Month-to-month,Low,2,95,50,0,2,Mid Value / Moderate
CUS-002682,23,78.1,1837.77,Month-to-month,Medium,2,38,20,1,3,New / At-Risk
CUS-002683,48,115.42,5361.63,Two year,High,9,8,33,1,1,Low Value / Dormant
CUS-002684,32,42.52,1428.37,Month-to-month,Low,8,58,52,1,2,Mid Value / Moderate
CUS-002685,57,57.14,,Two year,Medium,2,30,15,1,2,Mid Value / Moderate
CUS-002686,33,132.42,4301.61,Month-to-month,Low,8,19,45,1,1,Low Value / Dormant
CUS-002687,24,135.07,3217.65,One year,Medium,9,96,43,1,0,High Value / Loyal
CUS-002688,39,25.84,983.55,One year,Medium,2,30,8,0,2,Mid Value / Moderate
CUS-002689,34,41.85,1460.97,One year,Medium,7,55,43,0,2,Mid Value / Moderate
CUS-002690,56,35.27,1951.64,Month-to-month,High,9,46,2,1,2,Mid Value / Moderate
CUS-002691,28,43.36,1245.06,One year,Medium,8,38,22,0,3,New / At-Risk
CUS-002692,37,146.12,5146.22,Month-to-month,Medium,2,17,12,1,1,Low Value / Dormant
CUS-002693,7,91.72,618.61,One year,High,0,98,37,1,0,High Value / Loyal
CUS-002694,68,80.85,5423.87,One year,Low,8,80,33,0,1,Low Value / Dormant
CUS-002695,37,147.98,5261.15,Month-to-month,Low,6,59,29,1,1,Low Value / Dormant
CUS-002696,56,92.4,5226.97,Month-to-month,Low,5,37,38,1,1,Low Value / Dormant
CUS-002697,65,105.95,6577.13,Month-to-month,Medium,3,55,25,1,1,Low Value / Dormant
CUS-002698,65,63.26,4259.84,Two year,High,4,6,31,0,2,Mid Value / Moderate
CUS-002699,47,69.67,3360.29,One year,High,6,66,19,0,2,Mid Value / Moderate
CUS-002700,20,97.27,1890.26,Month-to-month,High,8,69,45,0,0,High Value / Loyal
CUS-002701,19,29.07,551.48,Month-to-month,High,5,42,37,1,3,New / At-Risk
CUS-002702,29,53.26,1537.24,Month-to-month,Low,3,83,54,1,0,High Value / Loyal
CUS-002703,60,45.59,2796.64,Month-to-month,Medium,3,65,8,0,2,Mid Value / Moderate
CUS-002704,18,22.07,393.28,One year,Low,9,89,38,0,0,High Value / Loyal
CUS-002705,35,89.8,2996.11,One year,Low,2,80,50,0,0,High Value / Loyal
CUS-002706,43,92.94,3905.86,One year,Medium,1,94,56,0,0,High Value / Loyal
CUS-002707,11,69.91,766.43,Two year,Medium,3,94,15,1,0,High Value / Loyal
CUS-002708,49,54.93,2819.52,One year,Medium,5,10,44,0,2,Mid Value / Moderate
CUS-002709,38,104.77,4132.92,One year,Low,0,40,37,1,1,Low Value / Dormant
CUS-002710,64,37.51,2323.89,One year,Medium,1,52,3,0,2,Mid Value / Moderate
CUS-002711,69,87.42,6166.66,One year,Low,7,24,11,0,1,Low Value / Dormant
CUS-002712,8,119.85,1000.68,Two year,Medium,2,59,25,1,0,High Value / Loyal
CUS-002713,34,41.36,1337.12,One year,Medium,0,21,52,1,2,Mid Value / Moderate
CUS-002714,48,117.92,5785.4,Month-to-month,Medium,1,52,9,1,1,Low Value / Dormant
CUS-002715,56,118.9,6631.51,Two year,Medium,2,79,15,1,1,Low Value / Dormant
CUS-002716,65,27.79,1838.94,One year,Low,1,5,0,0,2,Mid Value / Moderate
CUS-002717,31,22.44,703.05,Month-to-month,Medium,3,36,11,1,2,Mid Value / Moderate
CUS-002718,4,146.61,614.87,One year,Low,3,22,51,1,3,New / At-Risk
CUS-002719,50,45.14,2209.32,Month-to-month,High,9,8,50,1,2,Mid Value / Moderate
CUS-002720,69,126.88,9005.1,Two year,Low,1,95,21,0,1,Low Value / Dormant
CUS-002721,30,93.04,2717.15,Two year,High,0,52,56,0,0,High Value / Loyal
CUS-002722,59,54.38,3187.84,Month-to-month,Medium,2,1,28,1,2,Mid Value / Moderate
CUS-002723,67,36.9,2589.56,Two year,Medium,3,84,18,1,2,Mid Value / Moderate
CUS-002724,45,84.57,3906.84,One year,High,5,28,29,0,2,Mid Value / Moderate
CUS-002725,4,72.96,286.45,One year,Medium,4,31,27,0,3,New / At-Risk
CUS-002726,26,110.86,2916.64,Month-to-month,Medium,1,53,20,0,3,New / At-Risk
CUS-002727,27,137.54,3546.4,Month-to-month,Low,3,24,17,1,3,New / At-Risk
CUS-002728,46,124.68,5601.4,Month-to-month,High,5,45,40,1,1,Low Value / Dormant
CUS-002729,64,55.68,3641.26,Month-to-month,Low,3,7,23,0,2,Mid Value / Moderate
CUS-002730,51,134.26,6895.32,One year,Medium,6,2,25,1,1,Low Value / Dormant
CUS-002731,50,128.34,6397.58,Two year,High,5,73,35,0,1,Low Value / Dormant
CUS-002732,6,140.79,860.85,Two year,Medium,5,63,42,1,0,High Value / Loyal
CUS-002733,59,79.63,4650.23,Month-to-month,Medium,9,83,55,1,2,Mid Value / Moderate
CUS-002734,15,119.91,1713.49,Month-to-month,Low,1,41,15,0,3,New / At-Risk
CUS-002735,30,96.92,2890.32,Two year,Low,6,89,57,1,0,High Value / Loyal
CUS-002736,42,60.37,2637.3,Month-to-month,Medium,8,23,51,1,2,Mid Value / Moderate
CUS-002737,37,149.28,5720.18,Two year,Medium,5,50,31,1,1,Low Value / Dormant
CUS-002738,42,24.98,1039.61,One year,Medium,7,74,1,1,2,Mid Value / Moderate
CUS-002739,35,41.1,1369.62,One year,Low,5,87,8,1,0,High Value / Loyal
CUS-002740,6,136.03,827.31,Month-to-month,Medium,5,33,17,1,3,New / At-Risk
CUS-002741,68,27.87,1941.09,Month-to-month,High,3,43,48,1,2,Mid Value / Moderate
CUS-002742,18,135.29,2385.06,Month-to-month,Low,5,83,48,1,0,High Value / Loyal
CUS-002743,29,112.98,3268.74,Month-to-month,Medium,9,55,45,0,0,High Value / Loyal
CUS-002744,59,24.77,1533.24,One year,Low,3,51,44,1,2,Mid Value / Moderate
CUS-002745,47,75.81,3590.35,Month-to-month,Low,9,98,18,1,0,High Value / Loyal
CUS-002746,17,118.08,1977.49,One year,High,5,37,57,0,3,New / At-Risk
CUS-002747,22,95.8,2134.54,Two year,Low,0,63,54,0,0,High Value / Loyal
CUS-002748,68,141.66,9324.86,Month-to-month,Medium,6,67,37,0,1,Low Value / Dormant
CUS-002749,69,132.79,8887.2,One year,Medium,1,45,11,0,1,Low Value / Dormant
CUS-002750,37,63.24,2439.47,Two year,Medium,5,71,12,1,0,High Value / Loyal
CUS-002751,49,31.0,1479.46,Month-to-month,High,8,49,34,1,2,Mid Value / Moderate
CUS-002752,13,142.75,1820.68,Month-to-month,Medium,9,1,47,1,3,New / At-Risk
CUS-002753,34,87.25,2979.39,One year,Low,2,54,52,0,0,High Value / Loyal
CUS-002754,53,29.67,1635.46,One year,Medium,3,36,9,0,2,Mid Value / Moderate
CUS-002755,51,126.15,6614.98,One year,Medium,4,65,21,0,1,Low Value / Dormant
CUS-002756,3,132.91,380.53,Month-to-month,Medium,7,41,9,1,3,New / At-Risk
CUS-002757,42,103.13,4414.86,Month-to-month,High,9,94,49,1,1,Low Value / Dormant
CUS-002758,32,78.18,2502.65,Month-to-month,Low,5,50,34,1,3,New / At-Risk
CUS-002759,51,106.08,5396.98,Month-to-month,High,7,96,44,1,1,Low Value / Dormant
CUS-002760,46,111.87,5244.54,One year,Low,2,49,15,1,1,Low Value / Dormant
CUS-002761,21,136.09,2771.16,One year,Low,2,83,35,0,0,High Value / Loyal
CUS-002762,44,144.26,6653.16,One year,Medium,8,47,55,0,1,Low Value / Dormant
CUS-002763,11,86.86,969.36,Month-to-month,High,5,10,10,1,3,New / At-Risk
CUS-002764,68,123.8,8305.59,Month-to-month,Medium,7,44,16,1,1,Low Value / Dormant
CUS-002765,1,145.39,146.84,One year,Medium,3,44,24,0,3,New / At-Risk
CUS-002766,63,39.66,2427.84,One year,Medium,4,97,0,0,2,Mid Value / Moderate
CUS-002767,24,22.37,544.18,Two year,High,8,4,11,0,3,New / At-Risk
CUS-002768,13,132.97,1647.0,Month-to-month,High,6,64,2,1,0,High Value / Loyal
CUS-002769,11,45.39,491.31,One year,Medium,4,20,50,1,3,New / At-Risk
CUS-002770,51,25.52,1333.85,One year,High,6,54,8,0,2,Mid Value / Moderate
CUS-002771,17,40.81,715.18,Two year,Medium,8,79,18,0,0,High Value / Loyal
CUS-002772,24,69.93,1636.97,Two year,Medium,2,41,18,0,3,New / At-Risk
CUS-002773,19,48.5,925.22,Two year,Low,2,30,49,0,3,New / At-Risk
CUS-002774,37,59.68,2214.56,Two year,Low,3,71,19,1,0,High Value / Loyal
CUS-002775,8,146.79,1165.08,One year,High,9,41,10,1,3,New / At-Risk
CUS-002776,28,111.57,3039.2,Month-to-month,Medium,6,82,23,1,0,High Value / Loyal
CUS-002777,5,112.58,574.36,One year,Low,4,94,21,0,0,High Value / Loyal
CUS-002778,17,32.31,535.65,Month-to-month,High,4,8,0,0,3,New / At-Risk
CUS-002779,36,115.17,4316.64,Month-to-month,Medium,3,85,52,1,1,Low Value / Dormant
CUS-002780,19,116.11,2212.47,One year,Medium,7,71,43,1,0,High Value / Loyal
CUS-002781,64,105.77,7019.86,One year,Medium,2,69,42,0,1,Low Value / Dormant
CUS-002782,11,49.7,535.22,One year,Medium,1,32,9,0,3,New / At-Risk
CUS-002783,54,74.99,4174.07,Month-to-month,Medium,3,80,10,0,2,Mid Value / Moderate
CUS-002784,45,130.02,5624.68,One year,High,7,40,7,0,1,Low Value / Dormant
CUS-002785,47,107.13,5169.28,Two year,Medium,3,62,16,0,1,Low Value / Dormant
CUS-002786,12,115.26,1367.48,One year,High,7,90,5,0,0,High Value / Loyal
CUS-002787,21,96.36,2017.46,One year,Medium,4,27,58,0,3,New / At-Risk
CUS-002788,11,78.45,834.16,One year,Medium,8,39,6,0,3,New / At-Risk
CUS-002789,5,118.68,564.82,Two year,Low,1,92,30,1,0,High Value / Loyal
CUS-002790,56,28.83,1641.33,Month-to-month,Medium,7,33,36,1,2,Mid Value / Moderate
CUS-002791,20,107.51,2169.08,Month-to-month,High,6,66,3,0,0,High Value / Loyal
CUS-002792,41,149.64,6210.21,Month-to-month,Low,1,79,6,0,1,Low Value / Dormant
CUS-002793,46,121.42,5448.7,Month-to-month,Medium,4,71,15,1,1,Low Value / Dormant
CUS-002794,12,57.77,675.2,Month-to-month,Low,5,84,24,0,0,High Value / Loyal
CUS-002795,70,56.12,4057.9,One year,High,8,13,35,1,2,Mid Value / Moderate
CUS-002796,17,106.74,1861.96,Month-to-month,High,7,96,34,1,0,High Value / Loyal
CUS-002797,19,136.46,2550.44,Month-to-month,Medium,6,29,13,1,3,New / At-Risk
CUS-002798,26,95.13,2507.56,Month-to-month,Low,0,68,57,0,0,High Value / Loyal
CUS-002799,48,88.56,4390.49,Two year,Medium,9,83,35,0,1,Low Value / Dormant
CUS-002800,52,40.85,2206.79,One year,High,2,10,52,0,2,Mid Value / Moderate
CUS-002801,70,113.01,7519.72,Month-to-month,High,0,76,8,0,1,Low Value / Dormant
CUS-002802,55,111.3,6313.32,Month-to-month,Low,9,58,10,0,1,Low Value / Dormant
CUS-002803,33,145.7,4736.29,Month-to-month,High,5,86,0,0,1,Low Value / Dormant
CUS-002804,62,59.02,3739.47,One year,Low,2,27,8,0,2,Mid Value / Moderate
CUS-002805,23,118.34,2686.77,One year,High,1,99,24,0,0,High Value / Loyal
CUS-002806,15,76.43,1158.61,Two year,High,9,58,39,1,0,High Value / Loyal
CUS-002807,27,92.6,2536.94,One year,High,1,81,14,0,0,High Value / Loyal
CUS-002808,64,126.14,7996.2,Two year,Medium,7,70,57,0,1,Low Value / Dormant
CUS-002809,51,48.86,2495.01,Month-to-month,Medium,0,45,23,0,2,Mid Value / Moderate
CUS-002810,53,64.57,3499.82,Two year,High,8,50,7,1,2,Mid Value / Moderate
CUS-002811,51,120.53,6132.47,One year,Medium,6,48,51,1,1,Low Value / Dormant
CUS-002812,47,94.16,4210.41,Month-to-month,Low,0,43,28,0,1,Low Value / Dormant
CUS-002813,4,32.01,121.82,Month-to-month,High,4,14,6,1,3,New / At-Risk
CUS-002814,7,75.92,540.04,One year,Medium,4,97,45,0,0,High Value / Loyal
CUS-002815,35,96.26,3486.17,Month-to-month,Medium,1,44,17,0,3,New / At-Risk
CUS-002816,48,138.24,6824.68,One year,Low,0,28,2,0,1,Low Value / Dormant
CUS-002817,45,44.5,1964.68,One year,Low,6,61,46,0,2,Mid Value / Moderate
CUS-002818,19,124.77,2363.86,Month-to-month,Medium,8,38,23,0,3,New / At-Risk
CUS-002819,63,36.98,2267.88,Month-to-month,Medium,7,71,19,1,2,Mid Value / Moderate
CUS-002820,38,51.49,2052.35,Two year,Medium,6,75,30,1,2,Mid Value / Moderate
CUS-002821,67,51.63,3376.67,Month-to-month,Medium,3,33,25,0,2,Mid Value / Moderate
CUS-002822,59,134.07,7844.03,Month-to-month,Medium,9,67,58,1,1,Low Value / Dormant
CUS-002823,69,45.87,3222.52,Month-to-month,High,6,22,37,0,2,Mid Value / Moderate
CUS-002824,13,122.3,1649.75,Two year,Medium,7,13,59,1,3,New / At-Risk
CUS-002825,47,80.03,3592.92,One year,High,8,93,46,0,0,High Value / Loyal
CUS-002826,61,149.88,8960.87,Month-to-month,Low,8,6,45,1,1,Low Value / Dormant
CUS-002827,31,129.08,4029.14,Month-to-month,High,4,64,42,0,1,Low Value / Dormant
CUS-002828,22,116.16,2585.79,Month-to-month,Medium,4,54,7,0,0,High Value / Loyal
CUS-002829,43,133.19,5481.1,Month-to-month,Medium,5,43,31,0,1,Low Value / Dormant
CUS-002830,67,102.42,6975.0,One year,Low,7,55,7,0,1,Low Value / Dormant
CUS-002831,54,129.67,7022.09,Month-to-month,High,2,28,4,0,1,Low Value / Dormant
CUS-002832,10,53.95,557.14,One year,High,2,58,15,0,0,High Value / Loyal
CUS-002833,42,32.7,1335.3,One year,High,4,15,26,0,2,Mid Value / Moderate
CUS-002834,64,100.07,6209.23,Month-to-month,Medium,0,24,38,0,1,Low Value / Dormant
CUS-002835,21,76.51,1653.84,Two year,Low,4,90,0,0,0,High Value / Loyal
CUS-002836,66,75.44,5080.37,Month-to-month,Medium,8,62,4,1,1,Low Value / Dormant
CUS-002837,41,88.48,3733.37,Month-to-month,Medium,4,65,2,0,2,Mid Value / Moderate
CUS-002838,24,66.98,1652.84,Two year,Low,6,26,44,1,3,New / At-Risk
CUS-002839,35,101.39,3408.05,Month-to-month,Medium,9,95,51,0,0,High Value / Loyal
CUS-002840,56,23.97,1312.81,Month-to-month,Medium,8,61,16,1,2,Mid Value / Moderate
CUS-002841,30,146.09,4277.43,Month-to-month,High,7,87,32,0,1,Low Value / Dormant
CUS-002842,57,140.21,8339.42,Month-to-month,Low,4,96,18,0,1,Low Value / Dormant
CUS-002843,47,141.59,6646.16,Two year,Medium,1,1,3,1,1,Low Value / Dormant
CUS-002844,35,67.45,2268.95,Month-to-month,Medium,4,82,12,0,0,High Value / Loyal
CUS-002845,19,89.15,1658.13,Month-to-month,High,9,81,50,1,0,High Value / Loyal
CUS-002846,8,144.04,1195.15,Two year,High,7,46,49,0,3,New / At-Risk
CUS-002847,26,137.3,3693.83,Month-to-month,Medium,0,92,42,1,0,High Value / Loyal
CUS-002848,71,122.73,9062.81,Two year,Medium,9,1,54,0,1,Low Value / Dormant
CUS-002849,30,72.95,2164.2,Month-to-month,Medium,3,51,25,1,0,High Value / Loyal
CUS-002850,7,93.36,662.79,Month-to-month,Medium,0,36,40,1,3,New / At-Risk
CUS-002851,67,123.08,8063.34,Month-to-month,Medium,4,69,30,0,1,Low Value / Dormant
CUS-002852,65,55.49,3491.83,Month-to-month,Medium,1,69,58,1,2,Mid Value / Moderate
CUS-002853,36,101.44,3477.19,Month-to-month,Low,1,66,34,0,0,High Value / Loyal
CUS-002854,25,127.63,3102.54,Month-to-month,High,6,75,15,0,0,High Value / Loyal
CUS-002855,37,111.97,4186.1,One year,Medium,3,99,56,0,0,High Value / Loyal
CUS-002856,1,82.33,85.66,Month-to-month,Medium,1,30,23,0,3,New / At-Risk
CUS-002857,15,96.0,1387.2,Month-to-month,Medium,2,96,52,0,0,High Value / Loyal
CUS-002858,37,148.53,5725.25,Month-to-month,High,2,8,29,1,1,Low Value / Dormant
CUS-002859,13,98.26,1257.61,One year,Low,1,2,58,1,3,New / At-Risk
CUS-002860,8,122.13,969.89,Month-to-month,Medium,6,25,59,1,3,New / At-Risk
CUS-002861,5,114.46,564.57,Month-to-month,High,0,19,53,0,3,New / At-Risk
CUS-002862,60,111.19,6610.65,Two year,Medium,8,71,16,1,1,Low Value / Dormant
CUS-002863,1,113.13,110.4,Month-to-month,Medium,4,14,12,1,3,New / At-Risk
CUS-002864,36,79.07,2903.17,Month-to-month,Low,3,4,37,1,3,New / At-Risk
CUS-002865,35,81.64,2931.2,Month-to-month,High,2,46,56,0,2,Mid Value / Moderate
CUS-002866,66,80.82,5506.62,Month-to-month,Low,2,33,6,0,1,Low Value / Dormant
CUS-002867,63,24.32,1508.04,One year,Medium,2,37,8,0,2,Mid Value / Moderate
CUS-002868,23,51.34,1212.03,Month-to-month,Medium,0,30,20,1,3,New / At-Risk
CUS-002869,9,40.09,365.81,Month-to-month,Medium,1,84,29,0,0,High Value / Loyal
CUS-002870,34,135.24,4808.64,Month-to-month,Medium,6,78,36,1,1,Low Value / Dormant
CUS-002871,46,55.75,2545.03,Two year,Medium,2,27,36,0,2,Mid Value / Moderate
CUS-002872,4,38.0,159.47,Month-to-month,Medium,5,13,21,1,3,New / At-Risk
CUS-002873,30,35.57,1092.74,One year,Medium,3,71,46,0,0,High Value / Loyal
CUS-002874,3,111.0,342.2,Month-to-month,Medium,9,82,30,1,0,High Value / Loyal
CUS-002875,14,20.79,277.27,One year,Medium,4,38,3,1,3,New / At-Risk
CUS-002876,60,81.27,4874.91,One year,Low,7,52,9,0,1,Low Value / Dormant
CUS-002877,45,35.45,1599.92,Month-to-month,High,1,73,29,1,2,Mid Value / Moderate
CUS-002878,34,130.46,4231.74,Month-to-month,High,9,87,29,1,1,Low Value / Dormant
CUS-002879,45,144.6,6384.69,Month-to-month,Low,4,95,40,1,1,Low Value / Dormant
CUS-002880,61,144.64,9224.94,Month-to-month,Low,1,66,6,0,1,Low Value / Dormant
CUS-002881,16,77.46,1230.13,Month-to-month,Low,8,40,14,1,3,New / At-Risk
CUS-002882,66,103.79,6635.33,Month-to-month,High,1,38,18,0,1,Low Value / Dormant
CUS-002883,40,97.96,3923.69,Month-to-month,High,0,41,9,0,1,Low Value / Dormant
CUS-002884,17,65.51,1061.67,Month-to-month,Medium,3,5,38,0,3,New / At-Risk
CUS-002885,34,77.73,2646.99,One year,High,6,64,26,1,0,High Value / Loyal
CUS-002886,16,28.36,458.07,Month-to-month,High,1,56,2,0,0,High Value / Loyal
CUS-002887,60,123.44,7301.05,Month-to-month,High,9,87,34,1,1,Low Value / Dormant
CUS-002888,66,51.3,3475.0,One year,High,8,49,51,0,2,Mid Value / Moderate
CUS-002889,66,79.87,5079.3,One year,High,0,59,59,1,1,Low Value / Dormant
CUS-002890,13,82.48,1112.8,Two year,Medium,0,96,17,0,0,High Value / Loyal
CUS-002891,56,92.89,5438.9,Two year,Low,7,39,23,1,1,Low Value / Dormant
CUS-002892,31,126.32,3720.72,One year,High,4,80,12,0,0,High Value / Loyal
CUS-002893,34,109.94,3866.23,Month-to-month,Medium,8,55,43,1,1,Low Value / Dormant
CUS-002894,39,106.2,4144.26,One year,Medium,7,75,16,0,1,Low Value / Dormant
CUS-002895,67,88.48,5905.07,One year,Low,5,78,57,1,1,Low Value / Dormant
CUS-002896,8,32.47,253.01,One year,High,3,64,16,1,0,High Value / Loyal
CUS-002897,55,72.26,3953.43,Month-to-month,Medium,5,3,10,1,2,Mid Value / Moderate
CUS-002898,27,144.45,4075.86,One year,Medium,1,8,16,0,3,New / At-Risk
CUS-002899,53,149.42,7690.29,One year,Medium,4,79,51,1,1,Low Value / Dormant
CUS-002900,39,114.96,4339.72,Month-to-month,High,9,73,48,1,1,Low Value / Dormant
CUS-002901,65,49.58,3139.33,One year,Medium,2,16,18,0,2,Mid Value / Moderate
CUS-002902,17,33.25,568.11,Month-to-month,Medium,2,26,6,0,3,New / At-Risk
CUS-002903,30,73.92,2313.0,One year,Low,0,32,18,0,3,New / At-Risk
CUS-002904,53,131.35,7013.22,One year,Low,7,82,59,1,1,Low Value / Dormant
CUS-002905,13,113.84,1441.99,Month-to-month,Medium,9,8,33,1,3,New / At-Risk
CUS-002906,21,134.91,2816.16,Two year,High,2,60,28,0,0,High Value / Loyal
CUS-002907,19,100.05,1880.13,Two year,High,0,96,29,0,0,High Value / Loyal
CUS-002908,53,36.94,1869.18,Month-to-month,Medium,3,74,41,1,2,Mid Value / Moderate
CUS-002909,19,34.92,664.25,Month-to-month,Medium,0,12,28,0,3,New / At-Risk
CUS-002910,57,26.24,1439.76,One year,High,0,76,37,0,2,Mid Value / Moderate
CUS-002911,25,93.72,2423.2,Month-to-month,Medium,0,59,47,1,0,High Value / Loyal
CUS-002912,31,51.58,1606.66,Month-to-month,Medium,1,59,7,0,0,High Value / Loyal
CUS-002913,55,115.47,6569.7,One year,High,0,74,3,0,1,Low Value / Dormant
CUS-002914,23,109.21,2626.44,Two year,High,5,34,27,1,3,New / At-Risk
CUS-002915,32,61.35,2050.35,Month-to-month,High,6,30,51,1,3,New / At-Risk
CUS-002916,62,42.98,2558.53,Month-to-month,Medium,0,44,10,1,2,Mid Value / Moderate
CUS-002917,10,33.31,347.94,One year,High,9,95,17,0,0,High Value / Loyal
CUS-002918,54,115.85,6440.97,One year,Low,0,38,20,0,1,Low Value / Dormant
CUS-002919,52,78.56,4198.4,Two year,Medium,9,25,46,1,2,Mid Value / Moderate
CUS-002920,20,62.06,1190.31,Month-to-month,High,8,24,57,1,3,New / At-Risk
CUS-002921,32,131.36,4068.95,One year,Medium,8,97,47,1,0,High Value / Loyal
CUS-002922,14,97.17,1425.02,Month-to-month,Medium,0,61,39,1,0,High Value / Loyal
CUS-002923,50,87.34,4241.84,One year,High,7,9,31,1,2,Mid Value / Moderate
CUS-002924,28,116.64,3157.82,Month-to-month,High,2,89,16,0,0,High Value / Loyal
CUS-002925,53,126.03,6587.43,Two year,Medium,6,84,33,0,1,Low Value / Dormant
CUS-002926,24,109.19,2728.87,One year,Medium,0,48,16,0,3,New / At-Risk
CUS-002927,22,77.2,1694.37,Two year,High,6,81,14,0,0,High Value / Loyal
CUS-002928,30,69.31,2166.72,Month-to-month,High,0,52,19,0,0,High Value / Loyal
CUS-002929,63,120.32,7454.37,One year,High,2,70,38,1,1,Low Value / Dormant
CUS-002930,4,87.33,339.76,Two year,Medium,6,64,10,0,0,High Value / Loyal
CUS-002931,59,111.57,6579.48,Two year,Low,0,36,18,0,1,Low Value / Dormant
CUS-002932,8,135.75,1098.56,Two year,Medium,8,20,31,0,3,New / At-Risk
CUS-002933,12,139.07,1650.68,Month-to-month,Medium,4,90,23,0,0,High Value / Loyal
CUS-002934,31,56.1,1712.42,Month-to-month,Low,1,50,5,0,2,Mid Value / Moderate
CUS-002935,34,44.43,1467.89,Month-to-month,Low,3,12,17,1,3,New / At-Risk
CUS-002936,49,53.97,2584.9,Month-to-month,Medium,7,7,40,1,2,Mid Value / Moderate
CUS-002937,57,117.68,6823.79,Month-to-month,Low,3,40,56,1,1,Low Value / Dormant
CUS-002938,26,68.11,1747.75,One year,Medium,9,94,47,0,0,High Value / Loyal
CUS-002939,18,42.54,733.55,One year,Medium,4,86,12,0,0,High Value / Loyal
CUS-002940,38,32.79,1200.94,One year,Medium,1,42,54,0,2,Mid Value / Moderate
CUS-002941,50,62.55,3087.62,One year,Medium,4,93,25,0,2,Mid Value / Moderate
CUS-002942,8,37.7,314.38,Month-to-month,Medium,6,86,7,1,0,High Value / Loyal
CUS-002943,41,40.33,1633.47,Two year,Low,8,88,25,1,2,Mid Value / Moderate
CUS-002944,6,108.9,624.72,Month-to-month,Medium,7,67,48,0,0,High Value / Loyal
CUS-002945,69,22.57,1544.23,Month-to-month,High,9,50,13,0,2,Mid Value / Moderate
CUS-002946,44,35.28,1578.61,Month-to-month,High,5,41,53,1,2,Mid Value / Moderate
CUS-002947,64,129.77,8382.85,Two year,Medium,8,24,40,1,1,Low Value / Dormant
CUS-002948,29,129.84,3682.04,Two year,High,6,90,5,1,0,High Value / Loyal
CUS-002949,28,62.8,1791.52,Month-to-month,Medium,2,69,15,0,0,High Value / Loyal
CUS-002950,11,31.43,350.29,Month-to-month,Medium,0,13,34,1,3,New / At-Risk
CUS-002951,65,111.65,7019.1,One year,High,4,86,33,1,1,Low Value / Dormant
CUS-002952,19,66.82,1226.63,One year,Medium,8,34,39,1,3,New / At-Risk
CUS-002953,9,25.91,234.29,One year,Medium,7,3,26,0,3,New / At-Risk
CUS-002954,27,40.52,1111.41,Month-to-month,High,5,96,35,1,0,High Value / Loyal
CUS-002955,34,37.84,1345.91,One year,High,7,88,11,1,0,High Value / Loyal
CUS-002956,44,96.59,4216.57,Month-to-month,High,7,73,0,1,1,Low Value / Dormant
CUS-002957,68,136.76,9545.74,Month-to-month,High,2,3,55,1,1,Low Value / Dormant
CUS-002958,15,123.1,1775.68,Month-to-month,Low,5,86,28,0,0,High Value / Loyal
CUS-002959,51,91.05,4824.31,Two year,Medium,6,24,16,1,1,Low Value / Dormant
CUS-002960,13,74.88,986.4,Month-to-month,Medium,1,74,17,0,0,High Value / Loyal
CUS-002961,49,100.43,4984.47,One year,Medium,6,35,48,0,1,Low Value / Dormant
CUS-002962,70,77.7,5244.23,Month-to-month,Low,9,20,55,1,1,Low Value / Dormant
CUS-002963,56,51.99,2777.55,Month-to-month,High,5,44,15,1,2,Mid Value / Moderate
CUS-002964,51,108.3,5634.34,Two year,Medium,1,76,34,0,1,Low Value / Dormant
CUS-002965,37,133.52,4751.12,Month-to-month,Medium,1,48,8,0,1,Low Value / Dormant
CUS-002966,17,68.47,1120.62,Two year,Medium,5,43,58,1,3,New / At-Risk
CUS-002967,58,129.4,7270.66,Two year,Medium,2,76,43,1,1,Low Value / Dormant
CUS-002968,29,76.04,2116.48,One year,High,5,81,38,1,0,High Value / Loyal
CUS-002969,33,72.17,2411.6,Month-to-month,Medium,8,68,37,1,0,High Value / Loyal
CUS-002970,60,23.68,1409.85,Two year,Medium,9,72,42,1,2,Mid Value / Moderate
CUS-002971,55,110.39,5929.24,Two year,Low,0,71,5,1,1,Low Value / Dormant
CUS-002972,10,124.98,1242.35,Two year,Medium,2,55,25,1,0,High Value / Loyal
CUS-002973,47,106.26,5166.21,Two year,Low,1,82,16,0,1,Low Value / Dormant
CUS-002974,23,39.68,951.54,Month-to-month,Low,2,26,23,0,3,New / At-Risk
CUS-002975,21,33.43,701.11,One year,Medium,1,31,9,0,3,New / At-Risk
CUS-002976,13,94.47,1236.33,Month-to-month,Medium,2,54,31,0,0,High Value / Loyal
CUS-002977,33,72.2,2324.66,Month-to-month,High,3,56,58,1,0,High Value / Loyal
CUS-002978,24,75.78,1821.26,One year,Medium,6,56,2,0,0,High Value / Loyal
CUS-002979,11,145.81,1643.75,One year,Medium,1,53,18,0,3,New / At-Risk
CUS-002980,17,114.11,1938.34,One year,Low,1,72,34,0,0,High Value / Loyal
CUS-002981,68,73.53,4901.24,Two year,Low,1,61,26,1,2,Mid Value / Moderate
CUS-002982,47,22.48,1065.37,Month-to-month,Medium,5,34,24,0,2,Mid Value / Moderate
CUS-002983,25,24.43,638.09,Month-to-month,High,7,46,20,1,2,Mid Value / Moderate
CUS-002984,21,109.02,2378.34,Month-to-month,Low,3,80,1,0,0,High Value / Loyal
CUS-002985,12,128.91,1588.52,Month-to-month,Medium,9,84,19,1,0,High Value / Loyal
CUS-002986,37,112.0,4051.31,Month-to-month,Low,2,74,22,1,1,Low Value / Dormant
CUS-002987,42,72.77,2977.16,Two year,High,8,50,59,0,2,Mid Value / Moderate
CUS-002988,17,24.05,422.65,One year,Medium,0,69,57,0,0,High Value / Loyal
CUS-002989,48,145.76,6773.62,Month-to-month,Low,9,11,32,1,1,Low Value / Dormant
CUS-002990,28,148.22,4194.09,Month-to-month,Medium,1,86,49,0,1,Low Value / Dormant
CUS-002991,41,91.42,3725.22,One year,High,6,75,7,1,0,High Value / Loyal
CUS-002992,47,29.19,1367.41,Month-to-month,Medium,2,18,55,0,2,Mid Value / Moderate
CUS-002993,18,90.33,1618.48,One year,Medium,8,82,50,1,0,High Value / Loyal
CUS-002994,71,136.0,10042.49,Month-to-month,Low,0,31,36,1,1,Low Value / Dormant
CUS-002995,13,108.4,1350.99,Month-to-month,High,8,84,55,1,0,High Value / Loyal
CUS-002996,13,113.6,1518.56,One year,Medium,5,62,41,0,0,High Value / Loyal
CUS-002997,31,31.05,994.67,One year,Medium,0,23,29,1,2,Mid Value / Moderate
CUS-002998,2,33.85,70.69,Month-to-month,Medium,8,53,30,0,0,High Value / Loyal
CUS-002999,16,36.56,582.11,Two year,High,8,62,40,0,0,High Value / Loyal
CUS-003000,9,137.57,1238.13,Month-to-month,Medium,9,74,58,1,0,High Value / Loyal
CUS-003001,38,88.36,3512.59,Month-to-month,Low,4,17,17,1,3,New / At-Risk
CUS-003002,54,122.9,6609.28,One year,Low,6,41,30,1,1,Low Value / Dormant
CUS-003003,56,34.99,1960.02,One year,High,2,8,25,1,2,Mid Value / Moderate
CUS-003004,45,140.59,,Month-to-month,High,7,31,23,1,1,Low Value / Dormant
CUS-003005,34,126.75,4107.61,One year,Low,2,49,50,1,1,Low Value / Dormant
CUS-003006,9,49.22,440.01,Month-to-month,Medium,9,57,56,1,0,High Value / Loyal
CUS-003007,8,133.64,1085.73,Two year,Medium,6,48,4,1,3,New / At-Risk
CUS-003008,7,54.25,386.95,One year,High,3,53,52,0,0,High Value / Loyal
CUS-003009,36,46.69,1598.04,Month-to-month,Medium,4,62,10,1,2,Mid Value / Moderate
CUS-003010,18,54.35,1007.78,Month-to-month,Medium,6,90,51,0,0,High Value / Loyal
CUS-003011,3,138.29,414.57,One year,Low,1,50,23,1,3,New / At-Risk
CUS-003012,28,139.03,3900.83,One year,Medium,3,55,0,0,1,Low Value / Dormant
CUS-003013,70,62.77,4596.75,Two year,Low,6,9,11,1,2,Mid Value / Moderate
CUS-003014,44,111.71,4809.14,Two year,Low,2,32,37,0,1,Low Value / Dormant
CUS-003015,21,107.85,2324.04,Month-to-month,Low,3,87,22,0,0,High Value / Loyal
CUS-003016,28,124.85,3522.03,Two year,High,9,96,55,0,0,High Value / Loyal
CUS-003017,54,58.55,3224.98,One year,High,7,57,51,0,2,Mid Value / Moderate
CUS-003018,54,86.32,4622.87,Month-to-month,Low,2,5,43,0,1,Low Value / Dormant
CUS-003019,65,106.8,6788.57,One year,Medium,8,65,24,1,1,Low Value / Dormant
CUS-003020,21,23.41,493.95,Month-to-month,High,4,50,11,0,0,High Value / Loyal
CUS-003021,13,68.98,885.47,Month-to-month,Low,1,95,2,1,0,High Value / Loyal
CUS-003022,57,110.47,6122.06,Two year,Low,7,63,23,0,1,Low Value / Dormant
CUS-003023,49,52.84,2676.86,One year,Medium,9,95,25,0,2,Mid Value / Moderate
CUS-003024,54,144.5,7784.22,Two year,Medium,7,58,14,1,1,Low Value / Dormant
CUS-003025,10,23.92,247.52,Month-to-month,Medium,0,57,30,1,0,High Value / Loyal
CUS-003026,53,144.55,7641.33,Month-to-month,Medium,8,9,42,1,1,Low Value / Dormant
CUS-003027,44,48.18,2131.93,Month-to-month,Low,1,97,41,1,0,High Value / Loyal
CUS-003028,47,26.35,1299.63,Month-to-month,Medium,3,99,20,0,2,Mid Value / Moderate
CUS-003029,53,58.02,3213.99,Two year,Medium,5,26,59,1,2,Mid Value / Moderate
CUS-003030,46,122.22,5493.61,Month-to-month,Medium,8,63,20,1,1,Low Value / Dormant
CUS-003031,13,117.82,1588.09,One year,High,0,66,54,0,0,High Value / Loyal
CUS-003032,37,47.15,1725.4,One year,High,8,34,20,1,2,Mid Value / Moderate
CUS-003033,24,45.58,1047.08,One year,Medium,7,81,54,1,0,High Value / Loyal
CUS-003034,2,103.54,208.64,One year,Low,6,6,47,0,3,New / At-Risk
CUS-003035,14,79.55,1166.84,One year,High,1,62,24,0,0,High Value / Loyal
CUS-003036,10,123.0,1288.32,One year,High,6,95,11,1,0,High Value / Loyal
CUS-003037,35,23.14,779.56,Month-to-month,High,1,92,47,0,0,High Value / Loyal
CUS-003038,25,99.35,2551.21,Two year,Medium,8,85,36,0,0,High Value / Loyal
CUS-003039,3,114.99,355.41,Two year,Low,3,75,17,1,0,High Value / Loyal
CUS-003040,17,149.14,2502.11,Month-to-month,High,1,41,9,0,3,New / At-Risk
CUS-003041,12,108.24,1319.5,One year,Medium,4,54,5,0,0,High Value / Loyal
CUS-003042,54,50.14,2704.35,One year,Low,8,36,56,1,2,Mid Value / Moderate
CUS-003043,24,34.06,795.3,Two year,Medium,3,91,28,0,0,High Value / Loyal
CUS-003044,29,103.32,3074.54,Month-to-month,Low,4,84,28,1,0,High Value / Loyal
CUS-003045,43,88.01,3694.8,One year,Medium,7,84,28,0,0,High Value / Loyal
CUS-003046,25,136.89,3367.62,Month-to-month,Medium,2,2,45,0,3,New / At-Risk
CUS-003047,60,114.46,6654.66,Month-to-month,High,5,27,45,0,1,Low Value / Dormant
CUS-003048,65,86.27,5730.28,One year,Medium,0,18,8,0,1,Low Value / Dormant
CUS-003049,28,72.47,2020.69,Two year,Medium,2,77,59,0,0,High Value / Loyal
CUS-003050,16,72.57,1154.52,One year,Medium,7,82,31,0,0,High Value / Loyal
CUS-003051,47,49.42,2347.01,One year,Medium,9,11,47,1,2,Mid Value / Moderate
CUS-003052,58,22.25,1246.4,One year,High,9,78,12,0,2,Mid Value / Moderate
CUS-003053,27,94.74,2659.78,Two year,Low,5,44,45,1,3,New / At-Risk
CUS-003054,53,47.61,2514.73,Month-to-month,Medium,9,4,52,0,2,Mid Value / Moderate
CUS-003055,42,47.08,1951.07,Month-to-month,Medium,3,77,10,0,2,Mid Value / Moderate
CUS-003056,59,36.3,2061.72,Two year,Medium,7,83,33,0,2,Mid Value / Moderate
CUS-003057,47,44.65,2028.75,Month-to-month,Medium,2,43,53,1,2,Mid Value / Moderate
CUS-003058,34,24.13,855.0,Month-to-month,Low,1,39,59,1,2,Mid Value / Moderate
CUS-003059,37,107.65,3965.77,One year,Medium,9,59,51,0,1,Low Value / Dormant
CUS-003060,6,72.18,442.71,One year,High,7,25,51,0,3,New / At-Risk
CUS-003061,7,93.0,623.68,Month-to-month,Medium,3,79,28,0,0,High Value / Loyal
CUS-003062,25,102.8,2606.98,Two year,Low,8,84,50,0,0,High Value / Loyal
CUS-003063,33,146.42,5035.64,Month-to-month,Medium,2,81,11,0,1,Low Value / Dormant
CUS-003064,55,28.87,1556.33,Month-to-month,Medium,8,55,48,0,2,Mid Value / Moderate
CUS-003065,58,74.33,4345.22,Month-to-month,Medium,9,65,30,0,2,Mid Value / Moderate
CUS-003066,7,51.97,379.78,Month-to-month,High,5,93,40,1,0,High Value / Loyal
CUS-003067,57,81.97,4774.91,One year,Medium,4,83,21,0,1,Low Value / Dormant
CUS-003068,12,139.66,1602.59,Month-to-month,Medium,1,94,25,1,0,High Value / Loyal
CUS-003069,16,114.12,1803.75,Two year,Medium,5,25,42,0,3,New / At-Risk
CUS-003070,43,106.05,4371.4,One year,Medium,3,92,11,0,1,Low Value / Dormant
CUS-003071,7,77.36,561.1,Month-to-month,Medium,4,37,34,0,3,New / At-Risk
CUS-003072,51,107.24,5536.02,Month-to-month,Medium,5,75,48,0,1,Low Value / Dormant
CUS-003073,32,24.21,810.04,Month-to-month,Low,6,80,37,1,0,High Value / Loyal
CUS-003074,8,96.21,732.72,One year,High,3,82,3,0,0,High Value / Loyal
CUS-003075,45,91.99,4107.75,Month-to-month,Low,7,54,44,1,1,Low Value / Dormant
CUS-003076,59,65.06,3686.86,One year,Medium,4,73,48,1,2,Mid Value / Moderate
CUS-003077,4,46.2,182.02,Month-to-month,Low,6,28,9,1,3,New / At-Risk
CUS-003078,67,124.98,8090.68,Two year,High,5,91,51,0,1,Low Value / Dormant
CUS-003079,29,27.0,769.65,One year,Medium,4,52,17,0,2,Mid Value / Moderate
CUS-003080,29,29.06,869.57,Two year,Low,6,64,45,1,0,High Value / Loyal
CUS-003081,28,77.27,2090.09,One year,Low,3,38,47,0,3,New / At-Risk
CUS-003082,44,52.83,2318.49,One year,Low,6,44,18,0,2,Mid Value / Moderate
CUS-003083,4,116.91,487.35,One year,High,2,87,57,0,0,High Value / Loyal
CUS-003084,9,102.44,967.99,Two year,High,7,62,14,1,0,High Value / Loyal
CUS-003085,5,120.43,587.13,One year,High,9,86,57,0,0,High Value / Loyal
CUS-003086,56,62.21,3635.4,One year,Medium,3,68,22,1,2,Mid Value / Moderate
CUS-003087,50,116.27,5674.66,Month-to-month,Low,3,96,22,1,1,Low Value / Dormant
CUS-003088,15,132.1,1964.36,Month-to-month,Medium,0,88,20,1,0,High Value / Loyal
CUS-003089,32,64.89,2154.81,Month-to-month,Low,7,38,25,1,3,New / At-Risk
CUS-003090,28,64.19,1848.65,One year,High,4,50,44,0,0,High Value / Loyal
CUS-003091,22,136.99,3121.6,Month-to-month,High,8,61,33,1,0,High Value / Loyal
CUS-003092,17,26.47,463.55,One year,Medium,2,28,40,0,3,New / At-Risk
CUS-003093,59,65.52,3763.53,Month-to-month,Medium,4,70,12,0,2,Mid Value / Moderate
CUS-003094,71,35.43,2530.14,Month-to-month,Medium,3,97,56,1,2,Mid Value / Moderate
CUS-003095,57,23.77,1339.2,Month-to-month,High,6,31,24,1,2,Mid Value / Moderate
CUS-003096,26,34.67,897.87,Month-to-month,Medium,9,57,53,0,0,High Value / Loyal
CUS-003097,25,76.06,1835.75,One year,High,4,10,43,0,3,New / At-Risk
CUS-003098,10,109.3,1072.91,Month-to-month,Medium,1,12,32,1,3,New / At-Risk
CUS-003099,45,57.61,2685.02,Month-to-month,High,5,7,27,1,2,Mid Value / Moderate
CUS-003100,11,130.46,1492.09,Two year,Low,3,88,12,0,0,High Value / Loyal
CUS-003101,53,76.89,4120.06,Month-to-month,High,5,28,53,0,2,Mid Value / Moderate
CUS-003102,68,145.87,9917.42,Month-to-month,Medium,0,75,26,0,1,Low Value / Dormant
CUS-003103,28,144.04,4118.97,Two year,Medium,0,96,7,1,0,High Value / Loyal
CUS-003104,65,120.53,7919.46,Month-to-month,Medium,3,20,35,1,1,Low Value / Dormant
CUS-003105,49,141.21,7254.1,Month-to-month,Low,6,92,53,1,1,Low Value / Dormant
CUS-003106,47,111.92,5097.33,Month-to-month,Low,6,65,42,0,1,Low Value / Dormant
CUS-003107,52,136.43,7057.99,Month-to-month,Low,0,27,55,1,1,Low Value / Dormant
CUS-003108,54,50.74,2854.65,Month-to-month,High,4,16,5,0,2,Mid Value / Moderate
CUS-003109,60,64.9,4055.79,Month-to-month,High,5,36,12,1,2,Mid Value / Moderate
CUS-003110,57,117.88,6716.09,Month-to-month,High,4,70,19,1,1,Low Value / Dormant
CUS-003111,47,75.19,3405.01,Month-to-month,High,6,10,54,1,2,Mid Value / Moderate
CUS-003112,31,128.85,4120.24,Month-to-month,Medium,5,44,4,0,1,Low Value / Dormant
CUS-003113,46,134.09,6220.81,Month-to-month,Low,4,19,58,1,1,Low Value / Dormant
CUS-003114,26,58.96,1574.96,Month-to-month,Low,4,74,44,0,0,High Value / Loyal
CUS-003115,5,127.05,632.86,Month-to-month,High,8,90,26,1,0,High Value / Loyal
CUS-003116,52,40.05,2021.15,One year,Low,2,98,48,0,2,Mid Value / Moderate
CUS-003117,54,63.45,3262.98,Two year,Medium,8,65,50,1,2,Mid Value / Moderate
CUS-003118,33,87.34,2899.11,One year,Medium,1,74,18,1,0,High Value / Loyal
CUS-003119,50,49.44,2388.1,Two year,Medium,9,62,0,0,2,Mid Value / Moderate
CUS-003120,38,95.3,3508.28,One year,High,6,33,3,1,3,New / At-Risk
CUS-003121,27,95.23,2554.84,One year,Low,5,90,1,1,0,High Value / Loyal
CUS-003122,15,46.9,699.39,Month-to-month,High,7,98,43,1,0,High Value / Loyal
CUS-003123,61,123.43,7359.56,Month-to-month,Medium,8,37,25,1,1,Low Value / Dormant
CUS-003124,21,102.11,2065.46,Month-to-month,High,5,13,32,1,3,New / At-Risk
CUS-003125,46,61.31,2945.69,Month-to-month,High,1,94,43,1,2,Mid Value / Moderate
CUS-003126,69,50.18,3335.15,Two year,Low,9,88,44,0,2,Mid Value / Moderate
CUS-003127,6,134.24,793.41,Two year,Medium,3,98,37,1,0,High Value / Loyal
CUS-003128,38,128.65,4793.18,Month-to-month,High,2,37,6,0,1,Low Value / Dormant
CUS-003129,62,49.87,3205.14,One year,Medium,2,19,28,0,2,Mid Value / Moderate
CUS-003130,62,24.63,1513.24,Month-to-month,Medium,4,66,51,1,2,Mid Value / Moderate
CUS-003131,46,124.59,5515.64,One year,Medium,9,30,4,1,1,Low Value / Dormant
CUS-003132,13,100.02,1236.53,One year,Medium,0,86,8,0,0,High Value / Loyal
CUS-003133,3,33.11,101.55,Month-to-month,Medium,8,32,12,0,3,New / At-Risk
CUS-003134,6,96.36,590.54,One year,High,3,33,45,0,3,New / At-Risk
CUS-003135,8,78.78,625.09,One year,High,6,40,39,0,3,New / At-Risk
CUS-003136,44,120.69,5111.98,One year,High,6,15,47,1,1,Low Value / Dormant
CUS-003137,33,47.18,1536.99,Month-to-month,High,6,70,45,0,0,High Value / Loyal
CUS-003138,50,78.91,3980.98,Two year,Medium,4,80,28,0,2,Mid Value / Moderate
CUS-003139,11,40.31,452.47,Two year,Low,3,85,17,1,0,High Value / Loyal
CUS-003140,28,144.48,3874.78,One year,Medium,3,98,29,1,0,High Value / Loyal
CUS-003141,70,121.24,8534.3,Month-to-month,High,4,38,9,1,1,Low Value / Dormant
CUS-003142,41,115.77,4640.46,Month-to-month,Low,5,99,18,1,1,Low Value / Dormant
CUS-003143,16,109.73,1776.22,One year,Medium,9,97,47,0,0,High Value / Loyal
CUS-003144,68,75.03,5177.88,Month-to-month,Medium,6,8,8,0,1,Low Value / Dormant
CUS-003145,48,140.03,6997.26,Month-to-month,High,4,76,20,1,1,Low Value / Dormant
CUS-003146,56,29.48,1636.04,Month-to-month,High,8,39,0,1,2,Mid Value / Moderate
CUS-003147,64,124.42,7993.05,Month-to-month,High,8,60,40,1,1,Low Value / Dormant
CUS-003148,59,47.98,2765.22,Month-to-month,Low,0,60,55,1,2,Mid Value / Moderate
CUS-003149,62,62.12,3769.45,Month-to-month,Low,4,56,25,1,2,Mid Value / Moderate
CUS-003150,11,87.53,919.08,Month-to-month,Low,1,18,13,1,3,New / At-Risk
CUS-003151,18,121.75,2144.53,Two year,Medium,3,48,38,0,3,New / At-Risk
CUS-003152,19,129.01,2344.27,Month-to-month,Medium,6,21,28,0,3,New / At-Risk
CUS-003153,55,95.89,5518.34,Month-to-month,Medium,9,56,54,1,1,Low Value / Dormant
CUS-003154,26,72.39,1905.65,One year,Low,5,91,55,0,0,High Value / Loyal
CUS-003155,6,143.05,830.22,Month-to-month,High,6,12,42,1,3,New / At-Risk
CUS-003156,4,52.05,200.21,Month-to-month,High,2,6,51,1,3,New / At-Risk
CUS-003157,29,124.4,3560.81,Month-to-month,Medium,4,31,6,1,3,New / At-Risk
CUS-003158,59,99.57,5761.42,One year,High,5,98,23,0,1,Low Value / Dormant
CUS-003159,17,69.0,1147.05,One year,Low,5,71,26,1,0,High Value / Loyal
CUS-003160,43,20.18,864.89,Month-to-month,Low,5,61,41,1,2,Mid Value / Moderate
CUS-003161,66,78.06,5364.53,One year,Medium,8,95,50,0,1,Low Value / Dormant
CUS-003162,34,55.97,1916.05,Two year,High,5,68,1,0,0,High Value / Loyal
CUS-003163,8,33.57,269.09,Month-to-month,Medium,1,57,1,0,0,High Value / Loyal
CUS-003164,13,29.77,398.88,One year,High,8,61,54,0,0,High Value / Loyal
CUS-003165,8,65.18,495.6,Month-to-month,Medium,3,17,56,1,3,New / At-Risk
CUS-003166,65,99.92,6298.16,One year,High,6,29,15,0,1,Low Value / Dormant
CUS-003167,43,128.88,5539.62,One year,Medium,5,67,11,0,1,Low Value / Dormant
CUS-003168,39,43.86,1745.79,One year,High,8,59,39,0,2,Mid Value / Moderate
CUS-003169,59,75.2,4430.38,One year,High,9,88,25,0,2,Mid Value / Moderate
CUS-003170,44,70.95,3017.0,One year,High,2,3,9,0,3,New / At-Risk
CUS-003171,9,86.74,814.24,Month-to-month,High,7,27,54,1,3,New / At-Risk
CUS-003172,37,125.25,4554.72,Month-to-month,Low,4,1,14,1,3,New / At-Risk
CUS-003173,36,91.97,3406.49,One year,Medium,5,79,47,1,0,High Value / Loyal
CUS-003174,28,130.07,3784.37,Month-to-month,High,2,78,24,0,0,High Value / Loyal
CUS-003175,42,87.41,3614.92,Month-to-month,Medium,2,4,3,1,3,New / At-Risk
CUS-003176,43,98.5,4381.76,Month-to-month,High,6,4,25,1,3,New / At-Risk
CUS-003177,42,76.86,3296.15,Month-to-month,Low,5,89,22,0,0,High Value / Loyal
CUS-003178,66,127.0,8721.03,Month-to-month,Low,1,75,36,0,1,Low Value / Dormant
CUS-003179,55,140.1,7513.74,One year,Medium,9,33,48,0,1,Low Value / Dormant
CUS-003180,48,103.09,5161.67,Month-to-month,Medium,7,11,41,1,1,Low Value / Dormant
CUS-003181,22,126.7,2666.27,One year,Medium,4,76,3,0,0,High Value / Loyal
CUS-003182,27,27.67,769.04,Month-to-month,Medium,6,79,0,0,0,High Value / Loyal
CUS-003183,67,137.79,9172.84,Two year,Medium,2,57,0,0,1,Low Value / Dormant
CUS-003184,13,44.56,560.62,Month-to-month,High,9,26,38,1,3,New / At-Risk
CUS-003185,45,53.35,2299.67,Two year,Medium,4,88,2,1,2,Mid Value / Moderate
CUS-003186,10,26.93,266.35,Month-to-month,High,2,26,47,0,3,New / At-Risk
CUS-003187,9,145.5,1295.02,One year,Low,2,54,56,1,3,New / At-Risk
CUS-003188,54,130.76,6870.44,Month-to-month,High,0,27,58,0,1,Low Value / Dormant
CUS-003189,27,138.71,3638.73,One year,Medium,2,91,47,0,0,High Value / Loyal
CUS-003190,34,130.14,4380.23,Month-to-month,Medium,6,54,14,1,1,Low Value / Dormant
CUS-003191,1,82.34,81.6,Month-to-month,Medium,8,2,54,1,3,New / At-Risk
CUS-003192,32,140.13,4458.34,Month-to-month,Medium,0,87,42,1,1,Low Value / Dormant
CUS-003193,71,146.03,10750.57,Two year,High,3,9,53,0,1,Low Value / Dormant
CUS-003194,67,85.33,5780.97,Month-to-month,High,9,72,17,0,1,Low Value / Dormant
CUS-003195,20,42.83,815.54,One year,Low,6,64,20,1,0,High Value / Loyal
CUS-003196,35,105.62,3703.79,Two year,High,5,65,55,0,0,High Value / Loyal
CUS-003197,17,146.81,2561.22,Month-to-month,Medium,3,21,51,1,3,New / At-Risk
CUS-003198,18,133.38,2294.33,Two year,High,2,26,7,0,3,New / At-Risk
CUS-003199,45,132.04,5895.64,Month-to-month,Medium,5,15,24,0,1,Low Value / Dormant
CUS-003200,53,141.4,7457.44,Two year,Low,3,43,31,1,1,Low Value / Dormant
CUS-003201,68,136.21,9683.08,Two year,Medium,4,89,55,0,1,Low Value / Dormant
CUS-003202,65,120.92,7840.47,Two year,High,1,39,5,0,1,Low Value / Dormant
CUS-003203,1,113.38,116.21,Month-to-month,Low,8,16,49,1,3,New / At-Risk
CUS-003204,58,54.42,3094.13,Two year,Medium,1,35,39,0,2,Mid Value / Moderate
CUS-003205,26,100.77,2693.31,Month-to-month,Medium,3,23,19,0,3,New / At-Risk
CUS-003206,20,87.79,1724.73,Month-to-month,Low,7,12,48,1,3,New / At-Risk
CUS-003207,10,132.05,1311.29,Month-to-month,Medium,6,56,28,1,0,High Value / Loyal
CUS-003208,59,83.92,4941.28,Month-to-month,Low,3,52,4,0,1,Low Value / Dormant
CUS-003209,41,36.61,1564.86,One year,High,7,19,34,1,2,Mid Value / Moderate
CUS-003210,5,20.65,98.62,Month-to-month,High,5,98,18,1,0,High Value / Loyal
CUS-003211,65,108.12,6814.99,Two year,High,7,62,38,0,1,Low Value / Dormant
CUS-003212,17,91.49,1587.3,One year,Medium,3,8,11,0,3,New / At-Risk
CUS-003213,22,63.03,1397.31,Two year,Low,4,87,32,1,0,High Value / Loyal
CUS-003214,41,41.97,1677.87,Two year,Medium,3,11,34,1,2,Mid Value / Moderate
CUS-003215,68,80.67,5370.12,One year,Medium,6,43,41,1,1,Low Value / Dormant
CUS-003216,69,33.04,2249.32,Month-to-month,High,3,98,37,1,2,Mid Value / Moderate
CUS-003217,11,63.69,697.16,One year,High,4,69,47,0,0,High Value / Loyal
CUS-003218,56,69.3,4004.08,Month-to-month,Medium,8,37,45,0,2,Mid Value / Moderate
CUS-003219,51,80.53,3907.37,Month-to-month,High,7,25,7,1,2,Mid Value / Moderate
CUS-003220,21,80.66,1761.29,Month-to-month,High,1,88,37,0,0,High Value / Loyal
CUS-003221,26,53.41,1376.6,One year,High,6,24,30,0,3,New / At-Risk
CUS-003222,19,130.53,2413.18,Month-to-month,Medium,1,34,10,1,3,New / At-Risk
CUS-003223,60,66.22,3976.58,Month-to-month,Medium,9,82,3,0,2,Mid Value / Moderate
CUS-003224,71,49.85,3595.6,Month-to-month,Medium,2,12,39,1,2,Mid Value / Moderate
CUS-003225,47,42.86,1922.5,Month-to-month,High,0,42,57,0,2,Mid Value / Moderate
CUS-003226,71,61.94,4492.28,One year,High,1,79,4,0,2,Mid Value / Moderate
CUS-003227,26,28.78,767.84,One year,Medium,2,12,41,0,3,New / At-Risk
CUS-003228,40,24.28,938.7,Two year,Medium,4,29,21,0,2,Mid Value / Moderate
CUS-003229,5,98.67,476.96,Month-to-month,High,5,93,43,1,0,High Value / Loyal
CUS-003230,21,100.49,2047.76,Month-to-month,Medium,6,20,16,1,3,New / At-Risk
CUS-003231,4,88.85,365.93,Month-to-month,Medium,4,79,19,0,0,High Value / Loyal
CUS-003232,23,119.1,2676.78,Two year,Medium,4,3,42,0,3,New / At-Risk
CUS-003233,15,25.09,387.48,Month-to-month,Medium,7,80,51,1,0,High Value / Loyal
CUS-003234,8,141.68,1138.01,Month-to-month,Medium,0,61,59,0,0,High Value / Loyal
CUS-003235,41,32.36,1362.14,Month-to-month,Medium,8,83,11,1,2,Mid Value / Moderate
CUS-003236,19,107.62,2055.81,Month-to-month,High,2,71,52,0,0,High Value / Loyal
CUS-003237,46,37.34,1689.5,Month-to-month,Medium,5,22,43,0,2,Mid Value / Moderate
CUS-003238,28,134.39,3917.4,One year,High,3,79,16,0,0,High Value / Loyal
CUS-003239,68,86.39,6001.19,One year,Low,1,73,51,1,1,Low Value / Dormant
CUS-003240,15,30.7,459.74,Month-to-month,High,5,17,26,1,3,New / At-Risk
CUS-003241,37,100.17,3757.38,Month-to-month,Medium,9,97,22,1,0,High Value / Loyal
CUS-003242,1,21.18,21.43,Month-to-month,Medium,7,2,53,1,3,New / At-Risk
CUS-003243,67,120.88,7984.24,One year,Low,3,7,57,0,1,Low Value / Dormant
CUS-003244,24,104.58,2490.69,Two year,Medium,7,95,4,0,0,High Value / Loyal
CUS-003245,27,47.64,1262.94,Two year,Medium,6,14,58,1,3,New / At-Risk
CUS-003246,40,68.72,2886.01,Month-to-month,Low,0,4,48,0,3,New / At-Risk
CUS-003247,63,21.01,1334.54,One year,Medium,4,45,55,1,2,Mid Value / Moderate
CUS-003248,61,110.18,6446.74,Two year,Medium,7,63,27,0,1,Low Value / Dormant
CUS-003249,36,61.95,2234.35,One year,High,5,10,36,0,3,New / At-Risk
CUS-003250,24,94.31,2161.5,Month-to-month,Medium,8,45,29,0,3,New / At-Risk
CUS-003251,24,144.37,3391.76,One year,Medium,6,86,44,0,0,High Value / Loyal
CUS-003252,4,58.93,234.45,One year,Medium,1,88,28,0,0,High Value / Loyal
CUS-003253,67,148.73,9999.12,Month-to-month,High,0,44,13,0,1,Low Value / Dormant
CUS-003254,34,102.25,3642.21,Month-to-month,High,8,55,7,1,0,High Value / Loyal
CUS-003255,57,51.47,3075.35,One year,Medium,4,18,45,1,2,Mid Value / Moderate
CUS-003256,49,76.78,3611.06,Two year,Medium,1,11,26,0,2,Mid Value / Moderate
CUS-003257,53,116.26,6185.22,Two year,High,3,54,5,1,1,Low Value / Dormant
CUS-003258,23,78.04,1851.89,Month-to-month,High,9,1,6,1,3,New / At-Risk
CUS-003259,69,28.91,1942.2,One year,Low,5,53,25,0,2,Mid Value / Moderate
CUS-003260,53,41.92,2277.35,Month-to-month,Medium,8,96,41,1,2,Mid Value / Moderate
CUS-003261,62,122.87,7906.29,Two year,High,7,80,29,1,1,Low Value / Dormant
CUS-003262,41,104.29,4345.31,Month-to-month,Low,5,78,16,1,1,Low Value / Dormant
CUS-003263,57,94.08,5270.01,Month-to-month,High,3,33,5,0,1,Low Value / Dormant
CUS-003264,60,41.79,2613.55,Month-to-month,Medium,9,7,2,1,2,Mid Value / Moderate
CUS-003265,54,128.91,7228.03,One year,Medium,4,83,18,0,1,Low Value / Dormant
CUS-003266,70,144.9,10361.64,Month-to-month,Medium,3,25,18,1,1,Low Value / Dormant
CUS-003267,57,25.32,1423.3,One year,Medium,3,69,53,0,2,Mid Value / Moderate
CUS-003268,10,30.14,310.24,Month-to-month,Low,7,49,23,1,0,High Value / Loyal
CUS-003269,40,135.01,5301.26,Month-to-month,High,3,74,27,1,1,Low Value / Dormant
CUS-003270,7,126.02,860.36,Month-to-month,Medium,2,4,34,0,3,New / At-Risk
CUS-003271,38,100.33,3818.32,Month-to-month,Low,1,24,34,1,3,New / At-Risk
CUS-003272,61,142.85,9146.76,Month-to-month,Low,9,46,4,1,1,Low Value / Dormant
CUS-003273,3,104.04,321.61,One year,Medium,0,70,37,0,0,High Value / Loyal
CUS-003274,51,48.08,2508.33,Month-to-month,Medium,4,12,5,1,2,Mid Value / Moderate
CUS-003275,47,114.72,5366.13,Month-to-month,High,3,62,54,0,1,Low Value / Dormant
CUS-003276,68,103.94,6935.16,One year,High,9,84,28,0,1,Low Value / Dormant
CUS-003277,38,148.15,5829.94,Month-to-month,Medium,8,90,22,1,1,Low Value / Dormant
CUS-003278,36,47.81,1732.69,One year,Medium,8,76,44,1,0,High Value / Loyal
CUS-003279,41,97.73,4132.24,Two year,Medium,4,62,58,0,1,Low Value / Dormant
CUS-003280,69,121.42,8367.84,Month-to-month,Medium,4,97,50,0,1,Low Value / Dormant
CUS-003281,13,64.07,854.03,One year,Medium,5,62,36,1,0,High Value / Loyal
CUS-003282,58,69.36,4170.72,One year,Medium,3,76,31,0,2,Mid Value / Moderate
CUS-003283,50,135.43,6697.82,Month-to-month,Medium,5,58,0,0,1,Low Value / Dormant
CUS-003284,30,72.55,2070.5,One year,Low,7,38,48,0,3,New / At-Risk
CUS-003285,62,101.22,6121.55,Month-to-month,Medium,4,68,33,1,1,Low Value / Dormant
CUS-003286,25,135.6,3530.68,Month-to-month,Low,7,17,43,1,3,New / At-Risk
CUS-003287,27,47.28,1300.43,One year,Low,7,10,27,0,3,New / At-Risk
CUS-003288,51,147.64,7708.47,One year,Medium,2,83,49,0,1,Low Value / Dormant
CUS-003289,57,111.25,6230.68,Two year,Medium,5,43,6,0,1,Low Value / Dormant
CUS-003290,47,84.5,4051.24,One year,Low,0,33,36,0,2,Mid Value / Moderate
CUS-003291,39,76.02,3008.14,Month-to-month,Medium,4,37,28,0,2,Mid Value / Moderate
CUS-003292,16,144.07,2230.94,One year,Medium,6,28,18,0,3,New / At-Risk
CUS-003293,22,46.74,1076.57,One year,Low,4,46,47,0,3,New / At-Risk
CUS-003294,54,60.52,3220.31,One year,High,2,2,54,0,2,Mid Value / Moderate
CUS-003295,21,60.01,1238.76,Two year,High,1,46,43,0,3,New / At-Risk
CUS-003296,16,57.57,909.08,Two year,High,1,38,18,1,3,New / At-Risk
CUS-003297,59,80.91,4578.79,Month-to-month,Medium,8,38,50,1,2,Mid Value / Moderate
CUS-003298,31,148.59,4663.96,Month-to-month,High,1,21,19,1,1,Low Value / Dormant
CUS-003299,42,135.54,5543.98,One year,High,6,23,52,1,1,Low Value / Dormant
CUS-003300,32,62.63,2065.06,One year,Medium,8,33,14,0,3,New / At-Risk
CUS-003301,59,74.97,4376.59,One year,Medium,2,90,23,0,2,Mid Value / Moderate
CUS-003302,34,107.03,3624.02,Month-to-month,Medium,6,43,40,1,3,New / At-Risk
CUS-003303,9,22.23,203.0,Month-to-month,Medium,0,94,52,0,0,High Value / Loyal
CUS-003304,11,126.62,1429.29,Month-to-month,High,5,68,7,0,0,High Value / Loyal
CUS-003305,10,134.37,1307.61,One year,Medium,1,70,50,0,0,High Value / Loyal
CUS-003306,17,131.44,2338.6,Month-to-month,High,9,98,58,0,0,High Value / Loyal
CUS-003307,68,68.76,4732.67,One year,Medium,0,64,6,0,2,Mid Value / Moderate
CUS-003308,48,80.06,3652.9,Two year,High,4,84,18,0,2,Mid Value / Moderate
CUS-003309,52,21.61,1114.26,Month-to-month,Low,5,64,27,1,2,Mid Value / Moderate
CUS-003310,25,71.92,1786.67,Month-to-month,High,1,37,11,0,3,New / At-Risk
CUS-003311,21,79.86,1728.81,Month-to-month,Medium,3,79,25,0,0,High Value / Loyal
CUS-003312,65,137.91,8789.26,Month-to-month,Medium,2,23,34,0,1,Low Value / Dormant
CUS-003313,63,136.22,8436.92,Month-to-month,Medium,0,73,3,0,1,Low Value / Dormant
CUS-003314,51,145.59,7106.31,Month-to-month,Medium,0,34,33,0,1,Low Value / Dormant
CUS-003315,36,135.06,4757.05,One year,High,2,34,6,1,1,Low Value / Dormant
CUS-003316,66,21.07,1420.53,Month-to-month,Low,1,27,53,0,2,Mid Value / Moderate
CUS-003317,15,103.39,1571.75,One year,Medium,1,80,26,0,0,High Value / Loyal
CUS-003318,39,28.87,1078.83,Two year,Low,9,4,2,1,2,Mid Value / Moderate
CUS-003319,70,55.44,3731.09,Month-to-month,Medium,4,92,32,0,2,Mid Value / Moderate
CUS-003320,1,95.18,,Two year,Medium,4,81,11,0,0,High Value / Loyal
CUS-003321,23,111.08,2617.11,Month-to-month,Medium,6,76,57,1,0,High Value / Loyal
CUS-003322,39,105.1,4235.45,Month-to-month,High,4,69,18,0,1,Low Value / Dormant
CUS-003323,57,26.38,1430.55,One year,High,2,99,51,1,2,Mid Value / Moderate
CUS-003324,34,33.47,1118.47,Month-to-month,High,9,94,57,1,0,High Value / Loyal
CUS-003325,41,36.72,1493.97,Month-to-month,Medium,5,63,16,1,2,Mid Value / Moderate
CUS-003326,13,31.88,431.53,Month-to-month,Medium,2,78,55,0,0,High Value / Loyal
CUS-003327,70,43.17,3022.36,Two year,Medium,7,14,17,0,2,Mid Value / Moderate
CUS-003328,6,109.5,641.89,Month-to-month,Medium,5,66,2,1,0,High Value / Loyal
CUS-003329,52,128.01,6583.27,One year,Low,6,28,12,1,1,Low Value / Dormant
CUS-003330,3,73.15,218.04,One year,Medium,2,21,31,0,3,New / At-Risk
CUS-003331,63,110.06,7051.75,Month-to-month,High,6,79,4,0,1,Low Value / Dormant
CUS-003332,49,46.0,2150.66,Month-to-month,High,8,87,24,1,2,Mid Value / Moderate
CUS-003333,47,146.53,6810.61,Month-to-month,High,7,10,21,1,1,Low Value / Dormant
CUS-003334,55,65.5,3655.28,Month-to-month,Low,1,26,50,1,2,Mid Value / Moderate
CUS-003335,64,129.96,8137.39,Month-to-month,Medium,9,35,50,1,1,Low Value / Dormant
CUS-003336,65,142.9,9373.57,Month-to-month,High,9,34,7,0,1,Low Value / Dormant
CUS-003337,67,132.41,8745.04,Month-to-month,Medium,1,2,51,1,1,Low Value / Dormant
CUS-003338,15,28.72,441.93,Month-to-month,Medium,6,95,15,0,0,High Value / Loyal
CUS-003339,32,104.54,3198.29,One year,High,9,43,31,0,3,New / At-Risk
CUS-003340,68,35.61,2522.82,Month-to-month,Medium,3,44,4,0,2,Mid Value / Moderate
CUS-003341,18,20.74,360.99,Two year,High,8,44,35,1,3,New / At-Risk
CUS-003342,43,26.73,1110.22,Month-to-month,Medium,5,43,58,1,2,Mid Value / Moderate
CUS-003343,35,139.1,5034.32,One year,High,8,52,24,0,1,Low Value / Dormant
CUS-003344,58,138.1,8305.6,Two year,Medium,2,5,15,0,1,Low Value / Dormant
CUS-003345,33,49.36,1562.49,Month-to-month,Medium,5,19,23,1,3,New / At-Risk
CUS-003346,14,91.12,1327.79,One year,Medium,5,30,13,0,3,New / At-Risk
CUS-003347,34,144.15,4790.11,Month-to-month,Medium,7,49,12,1,1,Low Value / Dormant
CUS-003348,61,84.57,5220.08,Two year,Medium,6,63,22,1,1,Low Value / Dormant
CUS-003349,4,71.17,272.38,One year,High,2,81,51,0,0,High Value / Loyal
CUS-003350,59,82.82,4828.2,Month-to-month,High,0,29,24,1,1,Low Value / Dormant
CUS-003351,29,122.73,3541.58,One year,Medium,1,76,26,0,0,High Value / Loyal
CUS-003352,6,82.05,497.19,One year,Medium,9,72,7,0,0,High Value / Loyal
CUS-003353,49,121.83,5984.56,Month-to-month,Medium,1,79,55,1,1,Low Value / Dormant
CUS-003354,40,76.12,3033.1,One year,Low,0,53,57,0,2,Mid Value / Moderate
CUS-003355,65,52.76,3587.08,One year,High,3,98,17,0,2,Mid Value / Moderate
CUS-003356,69,62.44,4172.75,Month-to-month,Low,5,28,36,1,2,Mid Value / Moderate
CUS-003357,27,30.12,785.35,Two year,High,3,85,5,0,0,High Value / Loyal
CUS-003358,6,84.66,518.8,Month-to-month,Medium,3,53,5,1,0,High Value / Loyal
CUS-003359,13,39.25,488.6,One year,Medium,8,17,24,0,3,New / At-Risk
CUS-003360,64,125.5,8018.33,Month-to-month,High,1,82,19,0,1,Low Value / Dormant
CUS-003361,62,74.68,4622.58,Two year,Low,0,24,22,0,2,Mid Value / Moderate
CUS-003362,19,119.45,2226.44,One year,Medium,6,88,56,1,0,High Value / Loyal
CUS-003363,43,144.08,6462.11,One year,Medium,4,76,52,1,1,Low Value / Dormant
CUS-003364,20,130.43,2551.92,Two year,Medium,4,65,58,0,0,High Value / Loyal
CUS-003365,68,143.69,9564.23,Month-to-month,Medium,1,36,53,0,1,Low Value / Dormant
CUS-003366,44,93.83,4018.9,Month-to-month,Low,5,32,16,0,1,Low Value / Dormant
CUS-003367,23,41.49,920.52,One year,Medium,4,69,31,0,0,High Value / Loyal
CUS-003368,2,141.6,279.35,Month-to-month,Medium,4,26,54,0,3,New / At-Risk
CUS-003369,22,132.91,2976.81,Month-to-month,Medium,5,56,15,1,0,High Value / Loyal
CUS-003370,57,132.37,7728.02,One year,High,1,67,36,0,1,Low Value / Dormant
CUS-003371,7,110.13,795.04,One year,Medium,4,33,19,0,3,New / At-Risk
CUS-003372,56,101.24,5497.92,Month-to-month,Medium,0,39,2,0,1,Low Value / Dormant
CUS-003373,67,21.91,1400.06,Two year,Medium,7,84,0,0,2,Mid Value / Moderate
CUS-003374,16,117.25,1965.0,One year,Medium,0,58,36,1,0,High Value / Loyal
CUS-003375,51,31.9,1547.87,Two year,Medium,6,12,34,0,2,Mid Value / Moderate
CUS-003376,12,53.77,,Two year,High,5,84,55,0,0,High Value / Loyal
CUS-003377,53,91.69,5019.56,Month-to-month,Medium,7,81,59,1,1,Low Value / Dormant
CUS-003378,5,78.73,409.85,One year,Medium,4,43,15,0,3,New / At-Risk
CUS-003379,27,22.05,588.65,Month-to-month,Medium,5,72,47,0,0,High Value / Loyal
CUS-003380,12,127.12,1479.23,Two year,Medium,3,13,3,0,3,New / At-Risk
CUS-003381,17,134.24,2306.45,One year,Low,9,73,2,1,0,High Value / Loyal
CUS-003382,6,108.64,667.59,Month-to-month,Medium,9,83,43,1,0,High Value / Loyal
CUS-003383,5,90.34,435.02,Two year,High,0,90,16,0,0,High Value / Loyal
CUS-003384,57,144.9,8504.88,One year,Low,6,5,43,1,1,Low Value / Dormant
CUS-003385,28,35.59,967.6,Two year,Low,1,45,41,0,2,Mid Value / Moderate
CUS-003386,69,115.93,7992.4,Month-to-month,High,0,89,33,0,1,Low Value / Dormant
CUS-003387,59,36.69,2241.69,Two year,High,0,5,41,0,2,Mid Value / Moderate
CUS-003388,33,69.64,2227.66,One year,Medium,0,23,33,0,3,New / At-Risk
CUS-003389,62,96.11,5805.19,One year,High,1,35,16,0,1,Low Value / Dormant
CUS-003390,50,115.82,5537.87,Two year,High,0,96,23,1,1,Low Value / Dormant
CUS-003391,19,20.48,375.43,One year,Medium,3,54,36,0,0,High Value / Loyal
CUS-003392,69,53.88,3586.16,One year,Medium,9,49,1,0,2,Mid Value / Moderate
CUS-003393,66,89.97,5761.66,Month-to-month,Medium,9,70,55,0,1,Low Value / Dormant
CUS-003394,47,89.27,4106.15,Two year,Medium,6,78,13,0,1,Low Value / Dormant
CUS-003395,39,102.89,4139.16,One year,Low,9,93,9,1,0,High Value / Loyal
CUS-003396,68,59.5,4214.29,Two year,High,2,37,14,0,2,Mid Value / Moderate
CUS-003397,33,90.27,2950.95,Month-to-month,Medium,8,22,36,0,3,New / At-Risk
CUS-003398,13,44.67,559.15,Month-to-month,High,1,84,57,1,0,High Value / Loyal
CUS-003399,54,44.29,2325.78,Month-to-month,High,1,8,45,1,2,Mid Value / Moderate
CUS-003400,7,94.95,680.37,One year,Medium,6,91,52,1,0,High Value / Loyal
CUS-003401,14,109.11,1554.66,Month-to-month,High,8,57,17,1,0,High Value / Loyal
CUS-003402,19,35.65,709.04,Month-to-month,High,5,71,55,1,0,High Value / Loyal
CUS-003403,54,35.96,1847.7,One year,Medium,0,60,44,0,2,Mid Value / Moderate
CUS-003404,20,93.49,1916.67,Month-to-month,High,5,55,12,0,0,High Value / Loyal
CUS-003405,29,55.11,1599.19,Two year,Medium,3,34,34,0,3,New / At-Risk
CUS-003406,24,71.01,1772.92,One year,Medium,4,41,35,0,3,New / At-Risk
CUS-003407,63,72.1,4576.73,Two year,Low,3,28,36,0,2,Mid Value / Moderate
CUS-003408,57,43.21,2449.94,Month-to-month,High,2,31,9,1,2,Mid Value / Moderate
CUS-003409,8,20.17,164.04,Month-to-month,High,1,21,56,0,3,New / At-Risk
CUS-003410,62,130.91,8387.1,Month-to-month,Low,1,74,28,1,1,Low Value / Dormant
CUS-003411,29,112.95,3204.31,One year,Low,9,51,33,1,3,New / At-Risk
CUS-003412,17,109.77,1792.85,Month-to-month,Medium,3,36,23,1,3,New / At-Risk
CUS-003413,66,91.05,5968.76,Month-to-month,Medium,2,77,52,1,1,Low Value / Dormant
CUS-003414,6,111.13,647.72,Two year,Medium,5,26,26,1,3,New / At-Risk
CUS-003415,58,141.64,8157.21,Month-to-month,High,9,98,8,1,1,Low Value / Dormant
CUS-003416,69,106.54,7712.07,One year,High,2,19,8,0,1,Low Value / Dormant
CUS-003417,28,54.46,1536.24,One year,Medium,2,6,9,0,3,New / At-Risk
CUS-003418,62,94.17,5951.75,Month-to-month,Medium,3,48,11,1,1,Low Value / Dormant
CUS-003419,41,77.5,3234.13,One year,High,4,15,14,1,3,New / At-Risk
CUS-003420,69,92.33,6575.4,One year,High,8,49,2,0,1,Low Value / Dormant
CUS-003421,41,87.29,3737.81,Month-to-month,Low,4,18,27,1,3,New / At-Risk
CUS-003422,49,131.64,6552.84,Month-to-month,Medium,0,84,8,0,1,Low Value / Dormant
CUS-003423,49,104.73,5119.7,Two year,High,8,65,38,1,1,Low Value / Dormant
CUS-003424,71,44.54,3104.63,Month-to-month,Medium,1,22,29,0,2,Mid Value / Moderate
CUS-003425,3,28.19,83.39,One year,High,3,60,56,1,0,High Value / Loyal
CUS-003426,10,75.17,739.23,One year,High,9,36,22,1,3,New / At-Risk
CUS-003427,35,22.03,757.49,Month-to-month,Medium,5,82,29,0,0,High Value / Loyal
CUS-003428,2,61.38,125.15,Two year,High,8,10,15,0,3,New / At-Risk
CUS-003429,24,67.84,1642.51,Month-to-month,Low,1,20,55,1,3,New / At-Risk
CUS-003430,38,68.83,2537.47,Month-to-month,Low,8,70,35,0,0,High Value / Loyal
CUS-003431,22,147.32,3393.14,One year,Medium,8,61,29,0,0,High Value / Loyal
CUS-003432,26,59.51,1536.0,Month-to-month,Medium,0,59,45,0,0,High Value / Loyal
CUS-003433,43,54.48,2358.1,One year,Low,5,22,36,1,2,Mid Value / Moderate
CUS-003434,55,36.82,2066.1,Two year,Medium,5,68,15,1,2,Mid Value / Moderate
CUS-003435,39,86.43,3409.13,Month-to-month,Low,8,4,27,1,3,New / At-Risk
CUS-003436,29,39.98,,Month-to-month,Medium,5,83,53,0,0,High Value / Loyal
CUS-003437,20,100.12,2061.98,Month-to-month,High,1,29,19,0,3,New / At-Risk
CUS-003438,41,40.17,1582.79,Two year,Medium,7,58,13,0,2,Mid Value / Moderate
CUS-003439,54,94.97,5163.63,Month-to-month,High,0,58,44,0,1,Low Value / Dormant
CUS-003440,20,127.42,2490.53,Month-to-month,Low,4,54,55,1,3,New / At-Risk
CUS-003441,19,25.53,490.65,One year,Medium,9,28,28,0,3,New / At-Risk
CUS-003442,66,74.57,4782.64,Month-to-month,Low,2,77,45,0,2,Mid Value / Moderate
CUS-003443,30,79.94,2463.37,Month-to-month,Medium,5,39,36,1,3,New / At-Risk
CUS-003444,53,122.84,6333.1,Two year,Medium,4,57,18,0,1,Low Value / Dormant
CUS-003445,34,80.83,2855.47,Month-to-month,Medium,9,64,16,0,0,High Value / Loyal
CUS-003446,22,93.78,2137.75,Month-to-month,Low,3,92,0,1,0,High Value / Loyal
CUS-003447,67,122.86,8118.12,Month-to-month,Low,2,30,28,1,1,Low Value / Dormant
CUS-003448,6,92.77,550.26,Two year,Medium,0,86,28,1,0,High Value / Loyal
CUS-003449,27,66.58,1833.85,Month-to-month,High,7,50,23,0,0,High Value / Loyal
CUS-003450,10,31.16,298.83,Month-to-month,Low,4,54,18,1,0,High Value / Loyal
CUS-003451,48,114.89,5283.56,Month-to-month,Medium,7,23,42,0,1,Low Value / Dormant
CUS-003452,70,133.25,8988.14,Two year,Low,8,18,9,0,1,Low Value / Dormant
CUS-003453,59,146.11,8674.25,Month-to-month,High,7,81,35,1,1,Low Value / Dormant
CUS-003454,59,140.46,7996.15,Month-to-month,Medium,5,54,54,0,1,Low Value / Dormant
CUS-003455,2,123.66,241.83,One year,Low,9,95,16,1,0,High Value / Loyal
CUS-003456,29,103.65,3050.05,Month-to-month,High,7,28,53,1,3,New / At-Risk
CUS-003457,68,121.59,7867.62,One year,Medium,4,8,16,0,1,Low Value / Dormant
CUS-003458,65,76.17,4792.79,One year,High,8,32,31,1,2,Mid Value / Moderate
CUS-003459,26,97.32,2639.13,Month-to-month,Medium,5,6,15,1,3,New / At-Risk
CUS-003460,10,65.33,664.0,One year,Medium,1,72,50,0,0,High Value / Loyal
CUS-003461,53,62.47,3246.64,Month-to-month,High,6,86,51,0,2,Mid Value / Moderate
CUS-003462,59,118.37,6666.27,Month-to-month,Medium,0,40,58,1,1,Low Value / Dormant
CUS-003463,22,79.01,1753.21,One year,High,9,51,45,0,0,High Value / Loyal
CUS-003464,51,47.58,2359.38,Month-to-month,Low,0,47,22,0,2,Mid Value / Moderate
CUS-003465,48,46.25,2322.26,Month-to-month,High,7,95,15,0,2,Mid Value / Moderate
CUS-003466,21,131.69,2817.25,Month-to-month,Medium,4,70,31,0,0,High Value / Loyal
CUS-003467,22,108.11,2491.16,Two year,Medium,9,68,1,0,0,High Value / Loyal
CUS-003468,30,90.99,2824.81,Two year,Medium,8,7,39,0,3,New / At-Risk
CUS-003469,25,72.12,1799.99,Month-to-month,Low,5,98,5,1,0,High Value / Loyal
CUS-003470,28,76.01,2164.26,Month-to-month,Medium,0,27,9,0,3,New / At-Risk
CUS-003471,65,27.47,1841.05,Two year,Medium,5,66,33,0,2,Mid Value / Moderate
CUS-003472,45,79.14,3589.07,One year,Medium,0,54,29,0,2,Mid Value / Moderate
CUS-003473,68,123.41,8023.83,Month-to-month,Low,4,14,50,1,1,Low Value / Dormant
CUS-003474,7,70.44,491.61,One year,Medium,2,93,35,1,0,High Value / Loyal
CUS-003475,49,69.87,3296.94,Month-to-month,Low,9,22,5,1,2,Mid Value / Moderate
CUS-003476,9,22.04,202.65,One year,High,9,69,44,1,0,High Value / Loyal
CUS-003477,36,79.52,2914.38,Two year,Low,8,56,32,1,2,Mid Value / Moderate
CUS-003478,1,23.29,24.44,Month-to-month,Low,0,82,4,0,0,High Value / Loyal
CUS-003479,10,94.15,953.58,One year,Medium,5,60,55,0,0,High Value / Loyal
CUS-003480,36,85.88,3184.54,One year,Low,2,51,27,1,2,Mid Value / Moderate
CUS-003481,46,129.2,5805.54,Two year,High,8,16,6,1,1,Low Value / Dormant
CUS-003482,32,95.63,3011.25,Month-to-month,Medium,1,6,45,0,3,New / At-Risk
CUS-003483,32,62.05,2068.26,Two year,Medium,6,1,58,0,3,New / At-Risk
CUS-003484,6,87.11,536.0,Month-to-month,High,8,12,18,1,3,New / At-Risk
CUS-003485,48,110.96,5408.87,Month-to-month,Low,2,24,42,0,1,Low Value / Dormant
CUS-003486,38,32.22,1194.07,Month-to-month,Low,2,75,49,1,2,Mid Value / Moderate
CUS-003487,17,100.74,1746.58,Two year,Medium,2,43,49,0,3,New / At-Risk
CUS-003488,27,139.16,3902.68,Month-to-month,Medium,0,34,25,1,3,New / At-Risk
CUS-003489,54,58.89,3094.29,Two year,High,8,93,52,0,2,Mid Value / Moderate
CUS-003490,50,101.46,5177.63,Month-to-month,High,8,96,55,1,1,Low Value / Dormant
CUS-003491,35,126.77,4389.88,Two year,High,5,57,37,1,1,Low Value / Dormant
CUS-003492,25,86.53,2080.9,Month-to-month,High,8,21,37,1,3,New / At-Risk
CUS-003493,28,113.34,3257.05,Month-to-month,High,8,40,38,1,3,New / At-Risk
CUS-003494,15,60.43,876.3,One year,High,0,33,16,0,3,New / At-Risk
CUS-003495,4,59.79,233.24,One year,Low,2,33,18,0,3,New / At-Risk
CUS-003496,27,106.79,2964.8,Month-to-month,Medium,2,28,26,1,3,New / At-Risk
CUS-003497,26,111.7,2974.6,One year,Medium,0,65,36,0,0,High Value / Loyal
CUS-003498,19,141.81,2628.18,Month-to-month,Medium,5,76,6,0,0,High Value / Loyal
CUS-003499,17,49.23,873.8,One year,Low,3,46,37,0,3,New / At-Risk
CUS-003500,43,80.87,3378.33,Month-to-month,High,7,33,16,1,2,Mid Value / Moderate
CUS-003501,41,52.57,2261.62,Month-to-month,Medium,5,69,56,0,2,Mid Value / Moderate
CUS-003502,42,30.41,1307.69,Two year,Medium,3,66,28,1,2,Mid Value / Moderate
CUS-003503,50,72.42,3582.08,Month-to-month,Medium,4,36,50,1,2,Mid Value / Moderate
CUS-003504,40,68.63,2643.74,One year,Medium,1,88,43,1,0,High Value / Loyal
CUS-003505,39,55.16,2112.49,Month-to-month,Medium,9,54,38,1,2,Mid Value / Moderate
CUS-003506,23,58.61,1306.73,Month-to-month,Medium,0,50,43,0,0,High Value / Loyal
CUS-003507,52,66.85,3518.74,Month-to-month,High,6,51,16,1,2,Mid Value / Moderate
CUS-003508,47,148.55,6881.86,Month-to-month,High,9,52,14,1,1,Low Value / Dormant
CUS-003509,63,121.78,7515.14,Month-to-month,Medium,2,21,15,1,1,Low Value / Dormant
CUS-003510,69,29.28,2072.42,Month-to-month,Medium,2,30,32,0,2,Mid Value / Moderate
CUS-003511,43,133.41,5582.24,Month-to-month,High,5,15,10,1,1,Low Value / Dormant
CUS-003512,48,102.33,4954.49,Month-to-month,Low,2,9,32,1,1,Low Value / Dormant
CUS-003513,34,135.78,4475.44,Two year,Low,6,32,31,1,1,Low Value / Dormant
CUS-003514,40,64.42,2632.24,Month-to-month,Medium,6,72,44,0,2,Mid Value / Moderate
CUS-003515,61,80.39,4964.99,One year,Medium,4,23,27,0,1,Low Value / Dormant
CUS-003516,50,136.51,7028.98,Month-to-month,High,0,27,19,0,1,Low Value / Dormant
CUS-003517,67,55.43,3553.85,Two year,Medium,8,42,48,0,2,Mid Value / Moderate
CUS-003518,62,139.02,8369.08,Month-to-month,Medium,1,8,28,1,1,Low Value / Dormant
CUS-003519,58,127.7,7150.95,Month-to-month,Medium,3,93,15,1,1,Low Value / Dormant
CUS-003520,33,147.47,4716.0,Month-to-month,High,9,11,29,0,1,Low Value / Dormant
CUS-003521,16,62.15,954.98,Month-to-month,Medium,9,21,16,0,3,New / At-Risk
CUS-003522,48,50.65,2446.19,Two year,Medium,1,44,56,1,2,Mid Value / Moderate
CUS-003523,10,63.01,636.01,Month-to-month,Medium,0,39,13,1,3,New / At-Risk
CUS-003524,38,144.1,5664.06,Two year,High,0,94,23,0,1,Low Value / Dormant
CUS-003525,19,63.3,1192.8,Two year,High,0,33,36,0,3,New / At-Risk
CUS-003526,36,93.48,3376.09,Month-to-month,High,6,67,12,1,0,High Value / Loyal
CUS-003527,59,72.48,4486.31,Month-to-month,Medium,8,55,17,1,2,Mid Value / Moderate
CUS-003528,63,71.51,4519.39,Two year,Low,0,13,6,0,2,Mid Value / Moderate
CUS-003529,46,45.14,2091.68,Month-to-month,High,9,36,59,0,2,Mid Value / Moderate
CUS-003530,3,89.82,282.82,One year,High,5,87,48,0,0,High Value / Loyal
CUS-003531,65,130.42,8896.36,Two year,Medium,4,26,10,0,1,Low Value / Dormant
CUS-003532,8,26.43,209.86,One year,Medium,2,74,56,0,0,High Value / Loyal
CUS-003533,51,135.6,7008.9,One year,Medium,1,38,16,0,1,Low Value / Dormant
CUS-003534,6,106.51,637.84,Two year,Medium,1,23,18,0,3,New / At-Risk
CUS-003535,39,100.18,3993.09,One year,High,1,8,5,0,3,New / At-Risk
CUS-003536,60,101.37,6348.65,Month-to-month,Low,6,14,51,1,1,Low Value / Dormant
CUS-003537,28,58.52,1607.24,Month-to-month,High,3,24,17,1,3,New / At-Risk
CUS-003538,54,73.97,4121.68,One year,Medium,6,82,52,0,2,Mid Value / Moderate
CUS-003539,37,123.91,4655.58,Two year,Low,9,40,9,1,1,Low Value / Dormant
CUS-003540,9,59.83,526.63,One year,Medium,0,25,0,0,3,New / At-Risk
CUS-003541,56,81.1,4676.77,One year,Medium,9,84,0,0,1,Low Value / Dormant
CUS-003542,59,22.55,1320.88,Month-to-month,High,3,25,46,1,2,Mid Value / Moderate
CUS-003543,2,115.36,221.97,Two year,Medium,8,17,58,0,3,New / At-Risk
CUS-003544,61,74.3,4756.01,Month-to-month,Medium,6,4,37,1,2,Mid Value / Moderate
CUS-003545,58,88.3,5083.13,One year,Low,9,85,26,0,1,Low Value / Dormant
CUS-003546,60,34.91,2103.28,Two year,Low,5,84,24,0,2,Mid Value / Moderate
CUS-003547,40,148.92,6140.36,Month-to-month,Low,6,81,25,1,1,Low Value / Dormant
CUS-003548,36,59.32,2233.97,Two year,Low,1,99,38,1,0,High Value / Loyal
CUS-003549,37,102.55,3935.79,Two year,Medium,0,41,9,0,1,Low Value / Dormant
CUS-003550,18,95.56,1724.4,Two year,Medium,9,60,35,1,0,High Value / Loyal
CUS-003551,63,122.06,7725.04,Month-to-month,Low,8,87,45,1,1,Low Value / Dormant
CUS-003552,22,58.2,1252.32,Month-to-month,Medium,1,85,7,0,0,High Value / Loyal
CUS-003553,11,118.27,1296.14,One year,Low,1,43,32,0,3,New / At-Risk
CUS-003554,58,69.73,4224.77,Month-to-month,High,2,54,28,1,2,Mid Value / Moderate
CUS-003555,57,73.45,4281.72,Month-to-month,Medium,2,52,52,1,2,Mid Value / Moderate
CUS-003556,4,107.45,408.83,Two year,Medium,2,21,33,0,3,New / At-Risk
CUS-003557,7,121.96,820.96,One year,Medium,3,24,26,1,3,New / At-Risk
CUS-003558,61,106.69,6784.08,Month-to-month,Medium,0,37,50,1,1,Low Value / Dormant
CUS-003559,54,136.98,7655.11,Month-to-month,High,0,82,41,0,1,Low Value / Dormant
CUS-003560,68,57.07,3875.44,One year,High,3,44,3,0,2,Mid Value / Moderate
CUS-003561,1,137.08,138.68,Two year,Medium,0,83,48,1,0,High Value / Loyal
CUS-003562,55,37.01,1992.85,Month-to-month,Medium,3,5,47,0,2,Mid Value / Moderate
CUS-003563,3,105.74,326.51,Month-to-month,Medium,1,61,4,0,0,High Value / Loyal
CUS-003564,38,91.19,3501.1,One year,Medium,6,44,41,0,2,Mid Value / Moderate
CUS-003565,1,84.3,85.95,Month-to-month,High,5,91,53,1,0,High Value / Loyal
CUS-003566,38,60.42,2267.19,Month-to-month,Medium,1,6,10,1,3,New / At-Risk
CUS-003567,29,85.49,2461.83,One year,Low,1,78,0,0,0,High Value / Loyal
CUS-003568,5,41.03,199.16,Month-to-month,Medium,0,3,12,0,3,New / At-Risk
CUS-003569,21,68.01,1492.24,One year,High,3,65,19,0,0,High Value / Loyal
CUS-003570,71,32.83,2434.91,Two year,High,1,31,33,1,2,Mid Value / Moderate
CUS-003571,67,94.34,6521.63,Month-to-month,High,4,55,32,0,1,Low Value / Dormant
CUS-003572,47,32.45,1591.57,Two year,Low,3,45,13,1,2,Mid Value / Moderate
CUS-003573,35,40.84,1453.2,Two year,High,0,74,52,0,0,High Value / Loyal
CUS-003574,68,31.11,2059.39,One year,Low,4,55,11,0,2,Mid Value / Moderate
CUS-003575,69,69.57,4925.27,Month-to-month,Medium,4,60,10,0,2,Mid Value / Moderate
CUS-003576,1,129.45,127.19,Two year,Medium,4,31,0,0,3,New / At-Risk
CUS-003577,68,137.9,9321.15,Two year,High,1,81,45,1,1,Low Value / Dormant
CUS-003578,12,29.35,344.2,Month-to-month,Low,3,39,7,0,3,New / At-Risk
CUS-003579,60,102.49,6102.52,One year,High,4,48,17,0,1,Low Value / Dormant
CUS-003580,27,108.97,2994.95,Month-to-month,Low,5,80,4,1,0,High Value / Loyal
CUS-003581,56,89.39,4810.92,Month-to-month,High,6,27,30,1,1,Low Value / Dormant
CUS-003582,23,106.71,2357.39,Month-to-month,Medium,9,16,2,1,3,New / At-Risk
CUS-003583,25,50.38,1282.64,Month-to-month,High,2,52,21,1,0,High Value / Loyal
CUS-003584,21,83.65,1805.84,Month-to-month,Medium,2,4,5,0,3,New / At-Risk
CUS-003585,61,70.81,4341.88,Month-to-month,Medium,9,42,23,1,2,Mid Value / Moderate
CUS-003586,63,31.66,1931.2,Two year,Medium,1,91,26,0,2,Mid Value / Moderate
CUS-003587,52,101.32,5232.28,Two year,Medium,8,54,20,1,1,Low Value / Dormant
CUS-003588,25,84.38,2163.91,Two year,Medium,0,9,36,0,3,New / At-Risk
CUS-003589,55,55.77,3124.47,Month-to-month,Low,2,25,52,1,2,Mid Value / Moderate
CUS-003590,46,81.58,3606.23,One year,Medium,2,88,56,0,0,High Value / Loyal
CUS-003591,32,120.79,4046.58,Two year,High,7,58,33,1,1,Low Value / Dormant
CUS-003592,55,124.22,6642.86,One year,Medium,5,92,34,0,1,Low Value / Dormant
CUS-003593,5,104.44,507.59,Month-to-month,Medium,2,18,35,1,3,New / At-Risk
CUS-003594,36,80.81,2897.38,Month-to-month,Medium,0,44,54,0,2,Mid Value / Moderate
CUS-003595,49,94.85,4567.24,Two year,High,2,90,25,0,1,Low Value / Dormant
CUS-003596,58,70.05,4259.66,Month-to-month,High,3,74,59,1,2,Mid Value / Moderate
CUS-003597,39,36.45,1361.43,Month-to-month,Medium,0,49,0,0,2,Mid Value / Moderate
CUS-003598,61,70.13,4195.17,Month-to-month,High,2,44,47,0,2,Mid Value / Moderate
CUS-003599,9,88.94,791.1,Two year,Medium,3,98,18,0,0,High Value / Loyal
CUS-003600,6,97.85,586.71,Month-to-month,Low,6,75,25,1,0,High Value / Loyal
CUS-003601,35,141.65,4718.13,One year,Medium,3,78,22,0,1,Low Value / Dormant
CUS-003602,39,121.05,4523.91,Month-to-month,High,0,38,39,0,1,Low Value / Dormant
CUS-003603,22,39.76,853.51,One year,High,8,65,33,0,0,High Value / Loyal
CUS-003604,41,42.64,1757.83,One year,High,5,81,26,1,2,Mid Value / Moderate
CUS-003605,5,33.06,169.75,Month-to-month,Medium,8,81,2,0,0,High Value / Loyal
CUS-003606,42,115.96,4961.3,Two year,Medium,6,10,45,1,1,Low Value / Dormant
CUS-003607,67,111.8,7540.53,Two year,Low,3,63,38,0,1,Low Value / Dormant
CUS-003608,30,148.23,4401.12,Month-to-month,Low,0,94,12,0,1,Low Value / Dormant
CUS-003609,57,87.86,5193.84,Month-to-month,Medium,6,46,38,1,1,Low Value / Dormant
CUS-003610,29,127.43,3680.72,Month-to-month,High,8,97,15,1,0,High Value / Loyal
CUS-003611,37,94.94,3442.16,Two year,Medium,5,2,2,0,3,New / At-Risk
CUS-003612,13,133.63,1759.67,Month-to-month,Medium,0,20,25,1,3,New / At-Risk
CUS-003613,32,113.73,3709.37,Month-to-month,Medium,8,96,4,0,0,High Value / Loyal
CUS-003614,46,103.57,4716.07,Month-to-month,High,6,3,54,1,1,Low Value / Dormant
CUS-003615,23,93.47,2048.28,Month-to-month,Medium,0,36,2,0,3,New / At-Risk
CUS-003616,45,113.99,4921.19,Month-to-month,Medium,3,5,55,1,1,Low Value / Dormant
CUS-003617,17,74.55,1311.24,One year,Medium,4,20,27,0,3,New / At-Risk
CUS-003618,66,32.55,2053.35,Month-to-month,Medium,1,3,46,1,2,Mid Value / Moderate
CUS-003619,6,25.2,152.58,Two year,Medium,2,3,51,0,3,New / At-Risk
CUS-003620,18,82.27,1434.08,Two year,Medium,1,70,42,1,0,High Value / Loyal
CUS-003621,22,97.91,2095.59,Month-to-month,Medium,3,88,29,0,0,High Value / Loyal
CUS-003622,33,30.25,975.64,One year,Medium,6,47,22,0,2,Mid Value / Moderate
CUS-003623,30,57.3,1639.56,One year,High,4,37,17,1,3,New / At-Risk
CUS-003624,32,61.86,1915.76,One year,High,6,8,4,0,3,New / At-Risk
CUS-003625,42,93.16,3971.75,Month-to-month,Medium,0,80,21,1,0,High Value / Loyal
CUS-003626,10,56.2,561.96,Month-to-month,High,2,1,44,1,3,New / At-Risk
CUS-003627,36,32.43,1202.35,Two year,High,1,78,0,0,2,Mid Value / Moderate
CUS-003628,34,41.43,1346.86,Month-to-month,Medium,0,45,26,1,2,Mid Value / Moderate
CUS-003629,28,42.61,1239.57,One year,Low,4,74,13,1,0,High Value / Loyal
CUS-003630,11,129.55,1495.79,One year,Medium,2,10,40,1,3,New / At-Risk
CUS-003631,39,56.96,2113.92,Month-to-month,High,7,86,8,1,0,High Value / Loyal
CUS-003632,47,112.91,5554.93,One year,Medium,4,95,3,0,1,Low Value / Dormant
CUS-003633,19,93.82,1735.48,Two year,Low,4,68,52,0,0,High Value / Loyal
CUS-003634,15,147.02,2247.69,Month-to-month,Medium,6,43,24,0,3,New / At-Risk
CUS-003635,28,55.47,1520.85,Two year,Medium,7,87,30,1,0,High Value / Loyal
CUS-003636,24,40.59,976.25,Month-to-month,High,0,41,57,1,3,New / At-Risk
CUS-003637,9,26.76,241.14,Two year,High,4,12,58,1,3,New / At-Risk
CUS-003638,47,51.32,2378.76,One year,Medium,8,8,31,0,2,Mid Value / Moderate
CUS-003639,33,108.93,3672.86,One year,Low,8,45,1,0,3,New / At-Risk
CUS-003640,62,31.08,1946.38,Month-to-month,Medium,6,88,47,1,2,Mid Value / Moderate
CUS-003641,19,51.81,985.23,Month-to-month,Low,3,1,36,1,3,New / At-Risk
CUS-003642,67,131.19,9214.14,Two year,Medium,1,26,51,0,1,Low Value / Dormant
CUS-003643,40,95.78,3999.94,Month-to-month,High,4,86,49,0,0,High Value / Loyal
CUS-003644,47,29.04,1426.93,One year,Medium,3,89,1,0,2,Mid Value / Moderate
CUS-003645,65,26.2,1767.86,Two year,Medium,0,31,13,0,2,Mid Value / Moderate
CUS-003646,29,27.95,790.59,Month-to-month,Low,6,56,14,1,2,Mid Value / Moderate
CUS-003647,50,142.44,7015.34,Month-to-month,Medium,2,98,24,1,1,Low Value / Dormant
CUS-003648,13,130.48,1650.66,Two year,Low,5,37,9,0,3,New / At-Risk
CUS-003649,1,129.84,136.15,Two year,Medium,4,75,27,0,0,High Value / Loyal
CUS-003650,34,140.15,4599.53,Month-to-month,Medium,3,4,47,1,1,Low Value / Dormant
CUS-003651,48,85.68,4057.89,One year,High,2,72,7,1,2,Mid Value / Moderate
CUS-003652,48,52.15,2428.09,Two year,Medium,8,44,57,0,2,Mid Value / Moderate
CUS-003653,49,72.18,3438.78,Month-to-month,Medium,4,99,57,0,0,High Value / Loyal
CUS-003654,64,113.45,7077.31,Month-to-month,High,9,89,55,1,1,Low Value / Dormant
CUS-003655,61,133.88,8281.01,One year,Medium,6,95,55,1,1,Low Value / Dormant
CUS-003656,29,76.56,2126.16,Month-to-month,Medium,3,49,52,1,3,New / At-Risk
CUS-003657,39,89.6,3519.73,One year,Low,0,87,13,0,0,High Value / Loyal
CUS-003658,26,141.13,3786.59,One year,High,1,40,19,0,3,New / At-Risk
CUS-003659,17,33.97,592.97,Month-to-month,Medium,9,68,41,1,0,High Value / Loyal
CUS-003660,71,132.1,9051.85,Two year,Low,4,71,12,0,1,Low Value / Dormant
CUS-003661,13,40.71,551.18,Month-to-month,Medium,7,10,18,1,3,New / At-Risk
CUS-003662,69,82.9,5874.73,Month-to-month,Medium,7,70,33,0,1,Low Value / Dormant
CUS-003663,26,48.4,1196.02,Month-to-month,Low,7,95,25,1,0,High Value / Loyal
CUS-003664,49,98.38,4935.21,Two year,High,8,4,36,0,1,Low Value / Dormant
CUS-003665,67,92.61,6352.5,Month-to-month,Medium,1,21,45,1,1,Low Value / Dormant
CUS-003666,7,69.4,485.65,Month-to-month,Medium,3,42,23,0,3,New / At-Risk
CUS-003667,58,132.23,7321.11,Two year,Medium,9,84,52,1,1,Low Value / Dormant
CUS-003668,49,105.78,5224.43,Two year,Medium,5,81,54,1,1,Low Value / Dormant
CUS-003669,53,113.76,6189.32,Month-to-month,Low,5,6,20,1,1,Low Value / Dormant
CUS-003670,65,39.59,2514.12,Month-to-month,Medium,4,11,57,1,2,Mid Value / Moderate
CUS-003671,62,134.81,8497.96,One year,High,1,82,56,0,1,Low Value / Dormant
CUS-003672,17,41.72,698.8,One year,High,7,73,23,1,0,High Value / Loyal
CUS-003673,43,48.96,2120.92,Two year,Medium,0,12,7,1,2,Mid Value / Moderate
CUS-003674,25,36.65,905.6,Month-to-month,Medium,0,31,32,0,3,New / At-Risk
CUS-003675,3,77.25,227.19,Month-to-month,Medium,0,31,4,0,3,New / At-Risk
CUS-003676,29,135.4,4066.42,One year,High,8,43,24,1,1,Low Value / Dormant
CUS-003677,32,52.82,1733.08,One year,High,4,58,42,1,2,Mid Value / Moderate
CUS-003678,26,68.59,1755.73,One year,Low,1,50,39,1,0,High Value / Loyal
CUS-003679,16,129.99,2066.22,Two year,Low,0,98,16,0,0,High Value / Loyal
CUS-003680,25,100.32,2555.98,One year,High,3,80,24,0,0,High Value / Loyal
CUS-003681,54,117.71,6554.08,Month-to-month,Low,1,41,41,0,1,Low Value / Dormant
CUS-003682,28,47.82,1363.64,One year,High,2,76,45,0,0,High Value / Loyal
CUS-003683,56,113.14,6361.98,Month-to-month,High,1,77,32,0,1,Low Value / Dormant
CUS-003684,65,49.59,3369.77,Month-to-month,High,7,36,4,1,2,Mid Value / Moderate
CUS-003685,41,148.35,6249.13,Two year,Low,2,77,14,1,1,Low Value / Dormant
CUS-003686,51,92.79,4550.14,One year,Medium,1,44,41,0,1,Low Value / Dormant
CUS-003687,71,110.43,7886.34,Month-to-month,Medium,5,66,14,1,1,Low Value / Dormant
CUS-003688,29,35.39,1017.09,Month-to-month,High,6,15,0,1,3,New / At-Risk
CUS-003689,19,52.59,1028.59,Month-to-month,Medium,8,77,55,1,0,High Value / Loyal
CUS-003690,66,38.17,2404.28,Month-to-month,Medium,9,34,42,1,2,Mid Value / Moderate
CUS-003691,41,70.72,2873.72,One year,Low,3,90,17,0,0,High Value / Loyal
CUS-003692,45,56.94,2515.63,One year,Medium,4,70,5,0,2,Mid Value / Moderate
CUS-003693,15,115.28,1667.15,Month-to-month,High,5,85,33,0,0,High Value / Loyal
CUS-003694,3,34.13,101.16,Month-to-month,High,2,44,1,0,3,New / At-Risk
CUS-003695,11,117.77,1317.83,Month-to-month,High,2,33,16,1,3,New / At-Risk
CUS-003696,53,25.94,1355.89,Month-to-month,High,2,79,53,0,2,Mid Value / Moderate
CUS-003697,46,46.26,2145.09,Month-to-month,Medium,4,99,4,0,2,Mid Value / Moderate
CUS-003698,30,122.96,3722.9,Two year,Medium,5,92,19,0,0,High Value / Loyal
CUS-003699,57,116.56,6701.85,One year,Medium,8,6,13,1,1,Low Value / Dormant
CUS-003700,18,81.92,1478.96,Two year,Medium,8,40,11,1,3,New / At-Risk
CUS-003701,51,26.5,1299.63,One year,Medium,4,6,3,0,2,Mid Value / Moderate
CUS-003702,48,99.29,4631.56,One year,High,7,75,40,1,1,Low Value / Dormant
CUS-003703,66,72.87,4954.02,Month-to-month,Medium,6,14,58,1,2,Mid Value / Moderate
CUS-003704,8,61.15,489.3,Month-to-month,High,3,85,49,0,0,High Value / Loyal
CUS-003705,22,103.25,2318.39,One year,High,0,84,9,0,0,High Value / Loyal
CUS-003706,6,76.76,463.78,Month-to-month,Low,2,5,38,1,3,New / At-Risk
CUS-003707,57,32.01,1740.66,One year,Low,9,45,29,0,2,Mid Value / Moderate
CUS-003708,36,139.07,5154.95,Month-to-month,High,4,59,36,1,1,Low Value / Dormant
CUS-003709,57,121.2,6607.64,Two year,Medium,9,73,46,1,1,Low Value / Dormant
CUS-003710,49,27.33,1398.48,Month-to-month,High,2,94,25,1,2,Mid Value / Moderate
CUS-003711,45,88.26,3858.58,Month-to-month,Medium,3,43,44,1,2,Mid Value / Moderate
CUS-003712,66,30.84,2037.9,Two year,High,8,53,45,1,2,Mid Value / Moderate
CUS-003713,45,128.85,5545.11,Month-to-month,High,8,27,56,0,1,Low Value / Dormant
CUS-003714,20,99.69,2072.58,Two year,Medium,8,69,3,0,0,High Value / Loyal
CUS-003715,64,42.42,2845.07,Month-to-month,Medium,8,69,5,1,2,Mid Value / Moderate
CUS-003716,67,22.7,1466.87,One year,Medium,0,48,14,0,2,Mid Value / Moderate
CUS-003717,3,24.11,70.84,Month-to-month,Low,8,79,44,1,0,High Value / Loyal
CUS-003718,54,85.96,4416.99,Month-to-month,Medium,1,73,44,0,1,Low Value / Dormant
CUS-003719,64,115.47,7602.05,One year,Medium,7,25,17,0,1,Low Value / Dormant
CUS-003720,40,35.71,1401.44,Month-to-month,High,8,8,16,1,2,Mid Value / Moderate
CUS-003721,59,48.77,2902.81,Month-to-month,High,7,78,59,1,2,Mid Value / Moderate
CUS-003722,55,62.54,3281.4,Two year,High,8,32,32,0,2,Mid Value / Moderate
CUS-003723,62,48.35,3062.29,Two year,Low,4,95,35,0,2,Mid Value / Moderate
CUS-003724,4,70.87,284.33,Month-to-month,Low,9,61,42,1,0,High Value / Loyal
CUS-003725,60,92.75,5690.2,Month-to-month,High,6,87,24,0,1,Low Value / Dormant
CUS-003726,30,109.04,3365.98,One year,High,2,1,50,0,3,New / At-Risk
CUS-003727,2,145.29,278.65,Two year,Medium,3,31,27,0,3,New / At-Risk
CUS-003728,62,141.01,8810.87,Two year,Medium,3,71,12,0,1,Low Value / Dormant
CUS-003729,49,94.12,4680.86,Month-to-month,Medium,9,15,31,1,1,Low Value / Dormant
CUS-003730,9,115.44,1040.69,One year,High,3,70,47,1,0,High Value / Loyal
CUS-003731,31,143.61,4310.62,Month-to-month,High,7,16,18,1,1,Low Value / Dormant
CUS-003732,61,30.85,1937.56,Month-to-month,Low,1,78,30,0,2,Mid Value / Moderate
CUS-003733,48,20.73,1044.67,Month-to-month,Medium,1,81,14,0,2,Mid Value / Moderate
CUS-003734,25,23.87,624.86,Month-to-month,Low,4,74,59,0,0,High Value / Loyal
CUS-003735,36,93.24,3449.63,One year,High,5,93,43,1,0,High Value / Loyal
CUS-003736,8,119.17,945.54,Month-to-month,High,3,72,22,0,0,High Value / Loyal
CUS-003737,58,67.72,3863.84,Two year,High,6,57,39,0,2,Mid Value / Moderate
CUS-003738,45,90.88,3913.2,One year,Medium,9,11,26,1,3,New / At-Risk
CUS-003739,62,87.13,5356.69,Month-to-month,Low,3,18,53,1,1,Low Value / Dormant
CUS-003740,39,32.32,1217.13,Two year,High,7,45,0,0,2,Mid Value / Moderate
CUS-003741,58,61.81,3496.71,Two year,High,1,20,21,0,2,Mid Value / Moderate
CUS-003742,64,22.53,1498.2,One year,Medium,9,80,7,0,2,Mid Value / Moderate
CUS-003743,44,34.39,1584.14,Month-to-month,Medium,3,91,4,1,2,Mid Value / Moderate
CUS-003744,29,125.54,3804.01,Month-to-month,Low,6,87,23,1,0,High Value / Loyal
CUS-003745,59,127.82,7310.34,Month-to-month,Medium,4,14,59,1,1,Low Value / Dormant
CUS-003746,71,124.25,9175.63,Month-to-month,Low,9,76,32,1,1,Low Value / Dormant
CUS-003747,9,114.49,993.44,Month-to-month,Low,1,27,11,1,3,New / At-Risk
CUS-003748,6,123.13,739.35,One year,Medium,2,77,3,0,0,High Value / Loyal
CUS-003749,29,107.23,3154.28,Month-to-month,High,3,80,14,0,0,High Value / Loyal
CUS-003750,58,107.08,6187.23,Month-to-month,Medium,4,97,59,1,1,Low Value / Dormant
CUS-003751,17,106.76,1896.87,Month-to-month,Medium,6,88,8,0,0,High Value / Loyal
CUS-003752,16,86.83,1366.04,Month-to-month,Low,2,76,41,1,0,High Value / Loyal
CUS-003753,3,67.24,202.26,Month-to-month,High,8,9,52,0,3,New / At-Risk
CUS-003754,21,114.93,2310.97,Month-to-month,Medium,9,13,12,0,3,New / At-Risk
CUS-003755,64,58.82,3897.34,Two year,High,2,45,9,0,2,Mid Value / Moderate
CUS-003756,36,90.58,3232.53,One year,High,4,8,59,1,3,New / At-Risk
CUS-003757,62,76.34,4827.76,Month-to-month,Low,4,56,41,1,2,Mid Value / Moderate
CUS-003758,42,55.96,2393.19,Two year,High,6,82,13,1,2,Mid Value / Moderate
CUS-003759,42,146.71,6270.42,One year,Medium,5,91,50,1,1,Low Value / Dormant
CUS-003760,61,53.64,3274.17,Month-to-month,Medium,2,97,50,0,2,Mid Value / Moderate
CUS-003761,13,60.21,765.29,Month-to-month,High,0,7,56,1,3,New / At-Risk
CUS-003762,11,41.01,456.71,Month-to-month,High,5,77,0,1,0,High Value / Loyal
CUS-003763,54,126.99,7173.99,Month-to-month,High,5,15,26,0,1,Low Value / Dormant
CUS-003764,16,96.26,1591.54,Month-to-month,High,3,98,21,1,0,High Value / Loyal
CUS-003765,8,99.7,766.36,One year,Medium,1,56,21,0,0,High Value / Loyal
CUS-003766,59,126.67,7117.35,Two year,Medium,8,84,25,0,1,Low Value / Dormant
CUS-003767,57,64.58,3680.66,Month-to-month,High,5,56,23,0,2,Mid Value / Moderate
CUS-003768,40,45.17,1856.73,Month-to-month,Medium,0,37,29,1,2,Mid Value / Moderate
CUS-003769,59,45.79,2651.49,Month-to-month,Low,7,64,39,1,2,Mid Value / Moderate
CUS-003770,2,115.24,235.12,Two year,Medium,9,17,16,0,3,New / At-Risk
CUS-003771,10,99.83,1041.47,Month-to-month,Low,6,93,22,1,0,High Value / Loyal
CUS-003772,44,46.82,2051.81,Month-to-month,Low,5,21,9,1,2,Mid Value / Moderate
CUS-003773,11,38.86,416.51,Month-to-month,Medium,0,78,32,1,0,High Value / Loyal
CUS-003774,2,35.69,74.36,One year,Low,9,93,7,1,0,High Value / Loyal
CUS-003775,50,101.61,5066.6,Month-to-month,Low,4,86,4,0,1,Low Value / Dormant
CUS-003776,12,20.02,237.97,One year,Medium,3,52,33,0,0,High Value / Loyal
CUS-003777,23,22.38,507.23,Month-to-month,Medium,6,33,50,1,3,New / At-Risk
CUS-003778,18,70.64,1261.77,Month-to-month,Low,1,77,26,0,0,High Value / Loyal
CUS-003779,62,109.88,6930.58,Month-to-month,Medium,0,95,30,0,1,Low Value / Dormant
CUS-003780,62,110.36,6796.67,Two year,High,6,12,24,0,1,Low Value / Dormant
CUS-003781,38,75.92,2834.08,Month-to-month,High,7,96,1,0,0,High Value / Loyal
CUS-003782,67,109.84,7538.55,Two year,Medium,4,46,19,0,1,Low Value / Dormant
CUS-003783,38,87.74,3235.18,Month-to-month,High,7,70,54,1,0,High Value / Loyal
CUS-003784,67,147.0,9555.51,Month-to-month,Medium,3,75,55,0,1,Low Value / Dormant
CUS-003785,61,41.12,2557.58,One year,Medium,7,87,42,1,2,Mid Value / Moderate
CUS-003786,1,98.09,101.68,Month-to-month,High,2,71,2,0,0,High Value / Loyal
CUS-003787,45,83.86,3676.09,Month-to-month,High,6,57,57,0,2,Mid Value / Moderate
CUS-003788,28,45.28,1228.7,Month-to-month,Medium,5,20,57,1,3,New / At-Risk
CUS-003789,21,117.5,2509.5,Month-to-month,Medium,0,68,40,1,0,High Value / Loyal
CUS-003790,13,55.82,734.37,Month-to-month,Low,4,85,39,1,0,High Value / Loyal
CUS-003791,27,69.62,1869.89,Month-to-month,Medium,3,44,37,1,3,New / At-Risk
CUS-003792,7,68.73,461.65,Month-to-month,Medium,5,30,45,1,3,New / At-Risk
CUS-003793,22,51.75,1091.95,Month-to-month,Medium,8,25,59,1,3,New / At-Risk
CUS-003794,53,75.99,4139.26,One year,Medium,3,31,39,1,2,Mid Value / Moderate
CUS-003795,4,81.53,324.57,Month-to-month,Medium,1,2,14,0,3,New / At-Risk
CUS-003796,23,116.75,2781.34,One year,Medium,7,84,26,0,0,High Value / Loyal
CUS-003797,70,119.46,8424.62,Month-to-month,Medium,0,54,57,1,1,Low Value / Dormant
CUS-003798,33,40.61,1356.12,One year,Low,5,14,23,0,3,New / At-Risk
CUS-003799,28,97.06,2835.69,One year,Medium,3,23,34,1,3,New / At-Risk
CUS-003800,8,136.51,1055.42,One year,High,5,69,22,1,0,High Value / Loyal
CUS-003801,1,34.14,34.29,One year,Medium,2,52,7,1,0,High Value / Loyal
CUS-003802,37,81.48,2881.51,Month-to-month,Medium,8,83,59,0,0,High Value / Loyal
CUS-003803,63,117.55,7300.92,Month-to-month,Low,2,50,21,0,1,Low Value / Dormant
CUS-003804,22,99.49,2111.84,One year,Medium,2,71,15,0,0,High Value / Loyal
CUS-003805,70,33.08,2243.05,Month-to-month,Medium,4,85,5,0,2,Mid Value / Moderate
CUS-003806,21,71.56,1568.07,Month-to-month,Medium,6,33,38,1,3,New / At-Risk
CUS-003807,35,85.94,3041.23,Month-to-month,Low,5,84,44,0,0,High Value / Loyal
CUS-003808,5,149.46,776.61,Month-to-month,Low,6,9,51,1,3,New / At-Risk
CUS-003809,60,43.22,2578.5,One year,Medium,8,95,57,0,2,Mid Value / Moderate
CUS-003810,46,147.72,6861.24,Month-to-month,Low,2,8,28,1,1,Low Value / Dormant
CUS-003811,50,68.9,3283.78,Month-to-month,High,4,75,25,1,2,Mid Value / Moderate
CUS-003812,48,46.04,2203.26,Two year,Low,4,7,8,1,2,Mid Value / Moderate
CUS-003813,6,73.83,445.84,Month-to-month,High,2,21,18,0,3,New / At-Risk
CUS-003814,56,99.82,5319.77,Month-to-month,Medium,9,92,6,0,1,Low Value / Dormant
CUS-003815,59,47.75,2899.09,Two year,Medium,8,53,47,1,2,Mid Value / Moderate
CUS-003816,29,57.89,1644.38,Month-to-month,Medium,8,15,24,0,3,New / At-Risk
CUS-003817,71,131.09,9263.24,Two year,Medium,5,72,23,0,1,Low Value / Dormant
CUS-003818,18,149.87,2707.29,Month-to-month,Medium,4,52,38,1,3,New / At-Risk
CUS-003819,2,61.36,128.77,Month-to-month,Low,3,76,46,0,0,High Value / Loyal
CUS-003820,8,39.35,302.19,Month-to-month,Low,3,69,36,1,0,High Value / Loyal
CUS-003821,54,123.11,6684.81,One year,Medium,4,72,33,0,1,Low Value / Dormant
CUS-003822,38,98.06,3737.65,Two year,Low,1,37,28,0,3,New / At-Risk
CUS-003823,48,33.05,1518.11,Two year,Medium,7,78,33,0,2,Mid Value / Moderate
CUS-003824,27,143.08,3914.91,One year,High,6,4,19,0,3,New / At-Risk
CUS-003825,20,30.15,590.08,Month-to-month,High,6,91,4,0,0,High Value / Loyal
CUS-003826,12,101.3,1167.39,Two year,High,0,79,43,0,0,High Value / Loyal
CUS-003827,43,75.11,3126.02,One year,Medium,7,84,35,0,0,High Value / Loyal
CUS-003828,61,92.36,5816.35,Month-to-month,Low,0,61,29,0,1,Low Value / Dormant
CUS-003829,31,47.72,1420.69,Two year,Low,8,22,58,1,3,New / At-Risk
CUS-003830,61,109.45,6654.63,Two year,High,5,49,49,0,1,Low Value / Dormant
CUS-003831,67,144.76,9403.6,One year,High,7,36,19,1,1,Low Value / Dormant
CUS-003832,35,79.6,2691.77,Month-to-month,Medium,0,94,10,0,0,High Value / Loyal
CUS-003833,15,87.98,1280.93,Two year,High,5,97,20,0,0,High Value / Loyal
CUS-003834,16,51.18,818.22,Month-to-month,High,0,63,19,1,0,High Value / Loyal
CUS-003835,13,135.94,1720.92,One year,Medium,2,92,5,0,0,High Value / Loyal
CUS-003836,35,146.25,4912.42,Month-to-month,High,1,38,44,0,1,Low Value / Dormant
CUS-003837,59,122.22,7428.23,Two year,Medium,1,40,25,0,1,Low Value / Dormant
CUS-003838,21,90.56,1909.34,Month-to-month,Medium,3,64,22,0,0,High Value / Loyal
CUS-003839,54,144.38,7529.17,One year,Medium,6,68,4,0,1,Low Value / Dormant
CUS-003840,30,40.0,1196.59,Month-to-month,Medium,2,56,24,0,2,Mid Value / Moderate
CUS-003841,48,82.2,3775.47,One year,High,6,14,28,0,2,Mid Value / Moderate
CUS-003842,35,89.89,3171.41,Two year,High,8,2,3,0,3,New / At-Risk
CUS-003843,38,83.95,3139.12,Two year,Low,3,63,26,0,0,High Value / Loyal
CUS-003844,31,124.31,3700.96,Month-to-month,Low,6,19,9,1,3,New / At-Risk
CUS-003845,24,107.15,2490.3,Month-to-month,Medium,0,78,33,0,0,High Value / Loyal
CUS-003846,49,36.47,1759.24,Month-to-month,Medium,1,71,26,0,2,Mid Value / Moderate
CUS-003847,32,65.04,2145.01,Month-to-month,Low,7,9,57,1,3,New / At-Risk
CUS-003848,55,64.08,3409.42,Two year,Medium,2,33,7,0,2,Mid Value / Moderate
CUS-003849,58,93.53,5213.11,One year,Medium,4,88,51,1,1,Low Value / Dormant
CUS-003850,3,57.89,173.95,Month-to-month,High,7,61,51,1,0,High Value / Loyal
CUS-003851,69,35.25,2446.2,Month-to-month,Medium,4,85,34,0,2,Mid Value / Moderate
CUS-003852,10,104.98,1006.77,One year,Medium,0,44,27,0,3,New / At-Risk
CUS-003853,25,130.63,3195.49,Month-to-month,Low,1,65,8,0,0,High Value / Loyal
CUS-003854,68,141.11,9367.78,Month-to-month,Medium,9,85,51,0,1,Low Value / Dormant
CUS-003855,61,146.44,8652.26,Month-to-month,High,2,57,33,0,1,Low Value / Dormant
CUS-003856,29,121.55,3459.83,Month-to-month,Low,9,24,58,1,3,New / At-Risk
CUS-003857,19,38.16,691.5,Month-to-month,Medium,1,44,29,0,3,New / At-Risk
CUS-003858,43,130.9,5714.2,Two year,Low,8,68,16,1,1,Low Value / Dormant
CUS-003859,66,71.99,4983.77,Month-to-month,High,4,6,59,1,2,Mid Value / Moderate
CUS-003860,61,114.89,7102.14,Two year,Medium,0,67,32,0,1,Low Value / Dormant
CUS-003861,43,89.06,3776.58,One year,Low,7,34,55,0,2,Mid Value / Moderate
CUS-003862,25,127.72,3246.58,One year,Low,2,25,28,0,3,New / At-Risk
CUS-003863,20,75.32,1517.09,Month-to-month,High,8,27,48,1,3,New / At-Risk
CUS-003864,48,28.03,1392.25,Month-to-month,Low,8,18,36,0,2,Mid Value / Moderate
CUS-003865,24,92.39,2244.31,Month-to-month,Low,5,5,12,1,3,New / At-Risk
CUS-003866,11,42.27,471.18,One year,Low,3,88,28,0,0,High Value / Loyal
CUS-003867,55,145.52,7780.69,One year,Medium,8,96,39,1,1,Low Value / Dormant
CUS-003868,28,88.51,2457.24,Two year,Medium,8,85,38,1,0,High Value / Loyal
CUS-003869,69,91.96,6246.7,Month-to-month,Medium,1,44,54,1,1,Low Value / Dormant
CUS-003870,63,137.94,8265.91,Month-to-month,Medium,9,98,13,0,1,Low Value / Dormant
CUS-003871,59,101.2,5859.09,Month-to-month,High,5,93,7,1,1,Low Value / Dormant
CUS-003872,5,59.35,296.36,Month-to-month,High,3,5,31,0,3,New / At-Risk
CUS-003873,51,58.49,3012.89,Month-to-month,Medium,2,61,10,0,2,Mid Value / Moderate
CUS-003874,21,85.21,1867.07,Two year,Low,9,92,34,0,0,High Value / Loyal
CUS-003875,12,132.66,1550.38,Month-to-month,High,5,6,4,1,3,New / At-Risk
CUS-003876,50,123.31,5951.44,Two year,Medium,7,75,49,1,1,Low Value / Dormant
CUS-003877,4,145.16,602.08,Month-to-month,High,8,39,36,1,3,New / At-Risk
CUS-003878,42,29.35,1286.96,Month-to-month,High,8,8,44,1,2,Mid Value / Moderate
CUS-003879,38,54.88,2083.02,One year,Medium,1,99,4,0,0,High Value / Loyal
CUS-003880,25,30.43,731.41,Month-to-month,Low,7,75,1,1,0,High Value / Loyal
CUS-003881,14,117.64,1644.56,Two year,Low,7,84,25,1,0,High Value / Loyal
CUS-003882,32,38.31,1177.99,Two year,High,4,43,29,0,2,Mid Value / Moderate
CUS-003883,11,32.99,376.74,One year,Medium,3,86,12,0,0,High Value / Loyal
CUS-003884,61,93.02,5792.17,Two year,Medium,8,41,59,1,1,Low Value / Dormant
CUS-003885,18,73.49,1288.63,Month-to-month,Medium,3,76,37,0,0,High Value / Loyal
CUS-003886,27,112.96,3167.95,Month-to-month,Medium,9,69,48,1,0,High Value / Loyal
CUS-003887,55,83.31,4645.35,Two year,Medium,3,98,39,0,1,Low Value / Dormant
CUS-003888,54,75.29,4250.14,Month-to-month,Medium,2,98,26,1,2,Mid Value / Moderate
CUS-003889,21,75.32,1657.61,Month-to-month,Medium,9,30,16,0,3,New / At-Risk
CUS-003890,44,133.34,5575.7,Month-to-month,Low,2,59,50,1,1,Low Value / Dormant
CUS-003891,5,71.38,343.34,Month-to-month,Medium,2,23,14,0,3,New / At-Risk
CUS-003892,41,63.34,2609.19,One year,Medium,6,57,32,1,2,Mid Value / Moderate
CUS-003893,59,64.01,3948.72,Month-to-month,Medium,4,25,29,0,2,Mid Value / Moderate
CUS-003894,54,45.56,2581.73,Month-to-month,High,8,48,31,1,2,Mid Value / Moderate
CUS-003895,22,131.89,2921.13,Month-to-month,Medium,1,70,49,0,0,High Value / Loyal
CUS-003896,65,39.06,2456.21,Month-to-month,Medium,3,42,6,1,2,Mid Value / Moderate
CUS-003897,64,138.12,8541.79,Two year,Medium,1,29,38,1,1,Low Value / Dormant
CUS-003898,71,56.85,4142.91,One year,Medium,7,85,15,1,2,Mid Value / Moderate
CUS-003899,4,136.93,552.74,Month-to-month,High,3,71,10,0,0,High Value / Loyal
CUS-003900,65,122.81,8021.37,Month-to-month,Medium,0,45,36,1,1,Low Value / Dormant
CUS-003901,15,95.66,1429.96,Month-to-month,Medium,9,41,52,1,3,New / At-Risk
CUS-003902,22,107.03,2407.7,Month-to-month,Medium,2,73,13,0,0,High Value / Loyal
CUS-003903,47,62.36,3035.85,One year,High,6,63,22,1,2,Mid Value / Moderate
CUS-003904,46,94.65,4268.1,Month-to-month,Medium,2,47,57,1,1,Low Value / Dormant
CUS-003905,14,58.01,789.51,Month-to-month,Medium,4,1,58,1,3,New / At-Risk
CUS-003906,50,72.3,3676.3,One year,Medium,1,95,30,0,2,Mid Value / Moderate
CUS-003907,20,119.41,2487.17,One year,Low,7,20,27,1,3,New / At-Risk
CUS-003908,50,51.71,2546.3,One year,Medium,3,92,41,0,2,Mid Value / Moderate
CUS-003909,33,129.05,4161.74,One year,Medium,0,19,4,0,3,New / At-Risk
CUS-003910,59,68.86,3951.74,Month-to-month,Medium,3,65,23,0,2,Mid Value / Moderate
CUS-003911,43,89.18,3740.68,Month-to-month,Low,7,93,50,1,0,High Value / Loyal
CUS-003912,12,142.45,1647.05,One year,Medium,8,74,17,0,0,High Value / Loyal
CUS-003913,40,108.56,4384.56,Month-to-month,Medium,0,36,57,0,1,Low Value / Dormant
CUS-003914,20,103.93,2033.01,Month-to-month,Low,5,23,3,1,3,New / At-Risk
CUS-003915,38,112.51,4324.48,One year,Medium,3,82,22,0,1,Low Value / Dormant
CUS-003916,3,139.35,400.63,One year,Low,7,29,8,1,3,New / At-Risk
CUS-003917,28,52.31,1408.27,Month-to-month,High,0,92,50,1,0,High Value / Loyal
CUS-003918,56,99.72,5604.58,Month-to-month,High,4,44,10,1,1,Low Value / Dormant
CUS-003919,13,72.05,937.75,One year,High,0,7,34,0,3,New / At-Risk
CUS-003920,66,21.54,1389.23,Month-to-month,Medium,3,31,10,0,2,Mid Value / Moderate
CUS-003921,37,36.29,1386.62,Month-to-month,Medium,1,38,6,1,2,Mid Value / Moderate
CUS-003922,49,62.25,2954.74,One year,Medium,9,66,16,0,2,Mid Value / Moderate
CUS-003923,66,93.45,6081.76,Month-to-month,High,8,79,54,1,1,Low Value / Dormant
CUS-003924,36,134.59,4872.2,Month-to-month,High,1,22,17,1,1,Low Value / Dormant
CUS-003925,54,122.84,6877.22,Month-to-month,Medium,3,75,25,0,1,Low Value / Dormant
CUS-003926,26,91.93,2370.8,Two year,Medium,2,54,46,1,0,High Value / Loyal
CUS-003927,40,29.6,1172.12,Two year,Low,0,54,48,0,2,Mid Value / Moderate
CUS-003928,43,57.17,2477.77,Two year,Medium,0,83,25,0,2,Mid Value / Moderate
CUS-003929,22,67.67,1461.5,Month-to-month,High,1,6,56,1,3,New / At-Risk
CUS-003930,20,100.82,2058.64,One year,High,7,73,16,0,0,High Value / Loyal
CUS-003931,8,28.44,221.8,Two year,High,1,62,55,1,0,High Value / Loyal
CUS-003932,29,88.93,2662.18,Month-to-month,Medium,0,29,9,1,3,New / At-Risk
CUS-003933,40,137.19,5362.69,Month-to-month,High,5,43,29,0,1,Low Value / Dormant
CUS-003934,30,111.71,3516.3,One year,High,0,67,14,0,0,High Value / Loyal
CUS-003935,55,123.62,6674.31,Two year,High,9,62,54,0,1,Low Value / Dormant
CUS-003936,16,108.62,1803.72,Two year,Medium,8,13,47,0,3,New / At-Risk
CUS-003937,46,46.86,2133.28,Month-to-month,Medium,5,64,46,0,2,Mid Value / Moderate
CUS-003938,62,34.36,2076.4,Two year,Medium,9,47,25,1,2,Mid Value / Moderate
CUS-003939,7,127.83,870.33,Month-to-month,Medium,5,60,40,0,0,High Value / Loyal
CUS-003940,45,110.42,5142.7,Month-to-month,Medium,0,15,27,1,1,Low Value / Dormant
CUS-003941,59,94.76,5483.8,Two year,Medium,6,5,52,0,1,Low Value / Dormant
CUS-003942,56,44.61,2457.65,Two year,High,2,69,18,0,2,Mid Value / Moderate
CUS-003943,48,98.43,4581.71,One year,Medium,0,2,0,1,1,Low Value / Dormant
CUS-003944,27,24.07,679.92,Two year,High,8,38,33,1,2,Mid Value / Moderate
CUS-003945,53,35.45,1830.84,One year,Medium,7,94,37,0,2,Mid Value / Moderate
CUS-003946,35,60.55,2065.58,Month-to-month,Medium,3,54,23,1,2,Mid Value / Moderate
CUS-003947,51,77.69,4137.86,Two year,Low,2,92,40,0,2,Mid Value / Moderate
CUS-003948,37,35.67,1372.83,Two year,Medium,1,39,23,1,2,Mid Value / Moderate
CUS-003949,57,35.59,1977.82,Month-to-month,High,1,96,17,0,2,Mid Value / Moderate
CUS-003950,8,114.37,948.3,Month-to-month,Medium,2,20,0,0,3,New / At-Risk
CUS-003951,20,94.06,1834.21,Month-to-month,Medium,0,20,9,0,3,New / At-Risk
CUS-003952,53,89.39,4540.62,Two year,Medium,9,29,3,0,1,Low Value / Dormant
CUS-003953,12,78.82,976.1,One year,High,6,35,13,0,3,New / At-Risk
CUS-003954,49,146.95,7396.12,Two year,Low,1,32,20,0,1,Low Value / Dormant
CUS-003955,17,26.47,440.82,Month-to-month,High,5,17,25,1,3,New / At-Risk
CUS-003956,64,43.48,2668.76,One year,Medium,5,51,37,0,2,Mid Value / Moderate
CUS-003957,42,104.18,4246.95,Two year,High,3,8,51,0,3,New / At-Risk
CUS-003958,29,37.73,1123.75,Month-to-month,Medium,3,21,4,0,3,New / At-Risk
CUS-003959,19,96.62,1921.09,One year,Medium,0,23,14,0,3,New / At-Risk
CUS-003960,11,93.81,1007.03,One year,Medium,5,51,23,0,3,New / At-Risk
CUS-003961,50,146.23,7544.23,One year,Low,7,91,9,0,1,Low Value / Dormant
CUS-003962,71,134.84,9313.19,One year,High,9,6,34,0,1,Low Value / Dormant
CUS-003963,58,142.92,8438.35,Two year,Medium,3,52,16,0,1,Low Value / Dormant
CUS-003964,34,34.77,1132.9,Month-to-month,Medium,0,8,31,1,3,New / At-Risk
CUS-003965,20,132.86,2679.85,Month-to-month,Medium,3,99,8,1,0,High Value / Loyal
CUS-003966,50,36.78,1796.64,Two year,High,1,69,30,0,2,Mid Value / Moderate
CUS-003967,10,102.28,1066.37,Month-to-month,High,3,33,40,0,3,New / At-Risk
CUS-003968,32,113.61,3559.09,Month-to-month,High,7,62,14,0,0,High Value / Loyal
CUS-003969,52,40.91,2105.76,Month-to-month,Medium,2,65,49,0,2,Mid Value / Moderate
CUS-003970,15,102.25,1585.94,Month-to-month,High,4,63,2,0,0,High Value / Loyal
CUS-003971,3,26.82,79.96,One year,Medium,9,88,39,1,0,High Value / Loyal
CUS-003972,37,58.12,2094.35,One year,Low,1,32,34,0,2,Mid Value / Moderate
CUS-003973,40,139.75,5616.6,One year,Medium,8,55,50,1,1,Low Value / Dormant
CUS-003974,40,42.33,1750.56,One year,High,2,33,53,0,2,Mid Value / Moderate
CUS-003975,56,28.49,1584.51,Month-to-month,Medium,0,38,12,1,2,Mid Value / Moderate
CUS-003976,23,77.68,1721.01,Month-to-month,Medium,6,2,21,1,3,New / At-Risk
CUS-003977,11,130.58,1419.59,Two year,Medium,4,81,47,0,0,High Value / Loyal
CUS-003978,64,29.97,2005.08,Month-to-month,High,8,10,6,1,2,Mid Value / Moderate
CUS-003979,8,66.22,507.08,Month-to-month,Medium,2,66,57,0,0,High Value / Loyal
CUS-003980,56,136.97,7600.13,One year,High,0,76,19,0,1,Low Value / Dormant
CUS-003981,60,35.36,2153.02,Month-to-month,Medium,6,94,36,1,2,Mid Value / Moderate
CUS-003982,10,60.39,578.42,Month-to-month,Low,7,15,25,0,3,New / At-Risk
CUS-003983,39,121.19,4653.31,Month-to-month,High,1,87,18,0,1,Low Value / Dormant
CUS-003984,28,90.62,2649.08,Two year,Low,1,82,29,0,0,High Value / Loyal
CUS-003985,49,128.2,5987.11,Month-to-month,High,8,61,33,1,1,Low Value / Dormant
CUS-003986,36,34.51,1273.54,Month-to-month,Medium,3,31,34,1,2,Mid Value / Moderate
CUS-003987,13,139.67,1877.72,One year,High,0,38,27,0,3,New / At-Risk
CUS-003988,36,141.54,4981.79,Two year,High,8,29,34,1,1,Low Value / Dormant
CUS-003989,26,40.19,1015.15,One year,Medium,8,78,33,1,0,High Value / Loyal
CUS-003990,4,24.4,101.66,Month-to-month,Medium,5,43,47,0,3,New / At-Risk
CUS-003991,64,148.68,9766.69,Month-to-month,High,5,23,48,0,1,Low Value / Dormant
CUS-003992,38,82.69,3020.83,Month-to-month,Low,8,25,58,0,3,New / At-Risk
CUS-003993,22,94.37,2016.38,One year,Low,1,28,15,0,3,New / At-Risk
CUS-003994,2,100.07,202.56,One year,Medium,8,99,47,1,0,High Value / Loyal
CUS-003995,31,122.66,3771.72,Month-to-month,Low,3,94,50,1,0,High Value / Loyal
CUS-003996,11,125.56,1381.72,One year,Medium,3,91,31,0,0,High Value / Loyal
CUS-003997,46,45.21,2173.58,One year,High,8,72,16,0,2,Mid Value / Moderate
CUS-003998,62,50.76,3122.19,Two year,Medium,6,83,23,0,2,Mid Value / Moderate
CUS-003999,69,133.99,9598.06,One year,High,9,1,4,0,1,Low Value / Dormant
CUS-004000,64,126.54,8228.56,One year,High,4,20,11,0,1,Low Value / Dormant
CUS-004001,10,100.29,964.96,Two year,Low,7,94,21,0,0,High Value / Loyal
CUS-004002,40,149.31,6118.47,Month-to-month,High,0,29,11,0,1,Low Value / Dormant
CUS-004003,24,115.57,2779.38,Month-to-month,High,6,8,28,1,3,New / At-Risk
CUS-004004,44,48.06,2056.46,One year,Low,3,62,57,0,2,Mid Value / Moderate
CUS-004005,60,130.06,7639.59,Month-to-month,High,1,14,38,0,1,Low Value / Dormant
CUS-004006,62,73.92,4609.02,Month-to-month,Medium,1,38,38,1,2,Mid Value / Moderate
CUS-004007,17,24.7,424.17,Two year,High,8,3,35,1,3,New / At-Risk
CUS-004008,65,61.78,4204.03,One year,High,5,3,5,1,2,Mid Value / Moderate
CUS-004009,57,119.26,7039.05,Two year,Medium,3,55,47,0,1,Low Value / Dormant
CUS-004010,55,144.83,7731.16,Two year,Medium,1,78,7,1,1,Low Value / Dormant
CUS-004011,53,55.9,3043.75,Month-to-month,Medium,6,21,5,1,2,Mid Value / Moderate
CUS-004012,56,52.05,2771.32,One year,Medium,8,35,54,0,2,Mid Value / Moderate
CUS-004013,9,93.27,808.36,Two year,Low,1,44,29,0,3,New / At-Risk
CUS-004014,22,125.52,2678.49,Month-to-month,High,3,44,18,0,3,New / At-Risk
CUS-004015,13,117.05,1536.42,One year,High,0,43,29,0,3,New / At-Risk
CUS-004016,48,92.79,4318.15,One year,High,0,41,24,0,1,Low Value / Dormant
CUS-004017,18,102.08,1812.7,Month-to-month,Medium,2,27,9,1,3,New / At-Risk
CUS-004018,40,51.47,2005.96,Month-to-month,Low,0,92,47,0,0,High Value / Loyal
CUS-004019,17,76.23,1274.92,Month-to-month,Medium,3,28,1,1,3,New / At-Risk
CUS-004020,15,53.2,833.27,Month-to-month,Medium,5,5,45,1,3,New / At-Risk
CUS-004021,15,134.97,2125.31,One year,Low,4,43,42,1,3,New / At-Risk
CUS-004022,63,34.63,2222.34,Two year,Medium,8,63,23,0,2,Mid Value / Moderate
CUS-004023,39,108.37,4256.84,Month-to-month,High,1,39,55,0,1,Low Value / Dormant
CUS-004024,13,53.84,714.47,Month-to-month,High,1,10,27,0,3,New / At-Risk
CUS-004025,32,81.83,2689.53,One year,Medium,2,63,33,0,0,High Value / Loyal
CUS-004026,9,58.92,542.99,Two year,High,3,9,56,0,3,New / At-Risk
CUS-004027,40,62.02,2377.15,One year,Medium,8,84,2,0,0,High Value / Loyal
CUS-004028,20,53.85,1056.59,One year,Medium,5,93,25,0,0,High Value / Loyal
CUS-004029,63,117.86,7309.12,One year,High,8,29,21,0,1,Low Value / Dormant
CUS-004030,44,67.54,2933.04,One year,Low,4,28,31,1,2,Mid Value / Moderate
CUS-004031,38,114.43,4280.51,Month-to-month,Low,8,11,42,1,3,New / At-Risk
CUS-004032,60,79.29,4893.93,Month-to-month,Medium,8,85,35,1,1,Low Value / Dormant
CUS-004033,71,91.14,6631.31,Month-to-month,Low,0,99,13,0,1,Low Value / Dormant
CUS-004034,48,90.63,4134.61,Month-to-month,Low,8,87,36,1,1,Low Value / Dormant
CUS-004035,18,146.86,2589.67,Month-to-month,Medium,6,93,2,0,0,High Value / Loyal
CUS-004036,16,67.72,1096.89,One year,High,7,15,27,0,3,New / At-Risk
CUS-004037,55,47.0,2486.78,Month-to-month,Medium,2,81,25,1,2,Mid Value / Moderate
CUS-004038,39,138.53,5171.11,Month-to-month,Low,0,24,39,1,1,Low Value / Dormant
CUS-004039,68,42.73,3001.0,One year,High,3,35,9,0,2,Mid Value / Moderate
CUS-004040,59,128.47,7544.16,Month-to-month,High,0,61,43,0,1,Low Value / Dormant
CUS-004041,62,39.53,2537.9,Month-to-month,Medium,0,20,25,0,2,Mid Value / Moderate
CUS-004042,13,105.63,1417.68,Two year,Medium,3,58,39,0,0,High Value / Loyal
CUS-004043,6,39.57,246.76,Month-to-month,Medium,7,63,22,1,0,High Value / Loyal
CUS-004044,60,140.0,8020.62,Month-to-month,Medium,0,75,6,0,1,Low Value / Dormant
CUS-004045,14,93.45,1267.25,Month-to-month,High,9,94,33,1,0,High Value / Loyal
CUS-004046,54,62.81,3322.36,Two year,High,9,60,57,1,2,Mid Value / Moderate
CUS-004047,4,38.24,147.4,One year,Medium,8,39,11,1,3,New / At-Risk
CUS-004048,39,68.25,2658.08,Month-to-month,Low,5,20,21,1,3,New / At-Risk
CUS-004049,25,111.65,2874.77,One year,Medium,4,86,51,0,0,High Value / Loyal
CUS-004050,32,70.04,2342.52,Month-to-month,Medium,8,88,10,0,0,High Value / Loyal
CUS-004051,59,51.99,3187.05,Month-to-month,Medium,8,58,8,1,2,Mid Value / Moderate
CUS-004052,63,95.06,5963.43,One year,High,8,64,4,0,1,Low Value / Dormant
CUS-004053,38,74.32,2862.59,Month-to-month,Medium,2,14,5,1,3,New / At-Risk
CUS-004054,53,41.55,2143.09,Month-to-month,Medium,7,36,6,1,2,Mid Value / Moderate
CUS-004055,67,40.02,2655.23,Month-to-month,Medium,9,13,45,1,2,Mid Value / Moderate
CUS-004056,28,111.97,3251.53,Two year,High,3,1,17,0,3,New / At-Risk
CUS-004057,3,146.71,419.4,Two year,High,3,91,14,1,0,High Value / Loyal
CUS-004058,22,50.3,1110.27,One year,High,6,13,0,0,3,New / At-Risk
CUS-004059,38,120.51,4750.07,Two year,Medium,7,35,47,1,1,Low Value / Dormant
CUS-004060,62,31.39,1872.55,One year,Medium,3,8,14,0,2,Mid Value / Moderate
CUS-004061,57,69.6,4158.93,Two year,Medium,9,18,53,0,2,Mid Value / Moderate
CUS-004062,6,85.87,490.09,Month-to-month,High,5,34,8,1,3,New / At-Risk
CUS-004063,32,54.94,1825.87,One year,Low,0,52,6,0,2,Mid Value / Moderate
CUS-004064,10,88.85,875.45,Two year,High,1,70,43,0,0,High Value / Loyal
CUS-004065,3,134.74,389.37,Two year,High,4,58,59,0,0,High Value / Loyal
CUS-004066,59,142.78,8135.2,Month-to-month,Low,3,27,8,0,1,Low Value / Dormant
CUS-004067,49,33.07,1653.15,Month-to-month,Medium,2,18,43,0,2,Mid Value / Moderate
CUS-004068,59,55.34,3386.1,Two year,Medium,5,57,10,1,2,Mid Value / Moderate
CUS-004069,31,147.29,4630.32,One year,Medium,9,9,2,1,1,Low Value / Dormant
CUS-004070,69,55.15,3968.81,Two year,Low,5,64,12,0,2,Mid Value / Moderate
CUS-004071,62,110.05,7056.9,One year,Medium,9,79,4,1,1,Low Value / Dormant
CUS-004072,52,52.95,2618.17,Two year,High,7,23,31,1,2,Mid Value / Moderate
CUS-004073,41,66.33,2765.5,Month-to-month,High,1,59,21,0,2,Mid Value / Moderate
CUS-004074,31,44.87,1363.68,Month-to-month,Low,6,67,53,1,0,High Value / Loyal
CUS-004075,22,131.32,2875.87,One year,High,6,73,52,0,0,High Value / Loyal
CUS-004076,4,134.74,517.1,Two year,Medium,1,22,49,0,3,New / At-Risk
CUS-004077,13,58.6,745.18,One year,Medium,5,50,42,0,0,High Value / Loyal
CUS-004078,45,127.07,5793.87,Month-to-month,Medium,4,23,25,0,1,Low Value / Dormant
CUS-004079,42,66.57,2717.26,One year,High,1,84,2,0,0,High Value / Loyal
CUS-004080,49,32.87,1634.52,One year,Medium,8,52,53,0,2,Mid Value / Moderate
CUS-004081,20,118.55,2471.3,Two year,Medium,7,7,40,1,3,New / At-Risk
CUS-004082,54,97.54,5006.3,Month-to-month,Medium,6,17,57,0,1,Low Value / Dormant
CUS-004083,36,55.67,2061.38,Month-to-month,Low,5,3,7,0,3,New / At-Risk
CUS-004084,1,52.89,53.64,Month-to-month,High,4,7,23,1,3,New / At-Risk
CUS-004085,15,146.83,2102.61,Month-to-month,Medium,8,77,39,1,0,High Value / Loyal
CUS-004086,17,132.13,2311.3,Two year,High,4,41,12,0,3,New / At-Risk
CUS-004087,24,125.27,2923.75,Month-to-month,Medium,5,23,10,0,3,New / At-Risk
CUS-004088,58,36.64,2075.48,Two year,High,2,37,37,0,2,Mid Value / Moderate
CUS-004089,23,118.17,2607.53,Two year,Medium,8,68,44,0,0,High Value / Loyal
CUS-004090,46,47.89,2210.52,Month-to-month,Low,7,73,59,1,2,Mid Value / Moderate
CUS-004091,8,147.06,1176.28,Two year,High,8,70,42,1,0,High Value / Loyal
CUS-004092,59,26.77,1555.38,Month-to-month,High,0,64,13,1,2,Mid Value / Moderate
CUS-004093,59,65.78,3752.35,One year,Low,0,18,45,0,2,Mid Value / Moderate
CUS-004094,13,75.72,1017.68,Month-to-month,Medium,1,35,50,1,3,New / At-Risk
CUS-004095,39,127.15,5145.34,Two year,Medium,3,23,4,0,1,Low Value / Dormant
CUS-004096,28,119.61,3362.64,One year,High,9,95,46,0,0,High Value / Loyal
CUS-004097,61,68.75,4086.42,Two year,High,4,84,12,0,2,Mid Value / Moderate
CUS-004098,16,93.52,1435.93,One year,Medium,6,7,23,1,3,New / At-Risk
CUS-004099,2,128.63,266.74,One year,Medium,3,61,15,0,0,High Value / Loyal
CUS-004100,17,22.37,364.86,Month-to-month,Medium,0,76,28,0,0,High Value / Loyal
CUS-004101,30,124.28,3546.98,Month-to-month,High,7,49,18,1,3,New / At-Risk
CUS-004102,13,143.1,1854.56,Month-to-month,Low,2,57,16,1,0,High Value / Loyal
CUS-004103,13,24.17,321.46,Two year,Medium,8,68,59,1,0,High Value / Loyal
CUS-004104,43,25.93,1110.06,Month-to-month,Medium,1,12,30,1,2,Mid Value / Moderate
CUS-004105,21,64.79,1299.49,Two year,High,0,15,47,1,3,New / At-Risk
CUS-004106,55,31.41,1760.38,Two year,Medium,9,2,28,0,2,Mid Value / Moderate
CUS-004107,40,82.31,3339.09,Month-to-month,High,7,47,31,1,2,Mid Value / Moderate
CUS-004108,15,114.73,1752.23,Month-to-month,High,2,75,45,0,0,High Value / Loyal
CUS-004109,52,93.7,4731.53,Two year,High,0,56,16,0,1,Low Value / Dormant
CUS-004110,53,45.54,2484.78,Month-to-month,Medium,2,97,6,0,2,Mid Value / Moderate
CUS-004111,52,105.13,5455.14,Month-to-month,Medium,7,14,37,1,1,Low Value / Dormant
CUS-004112,30,109.03,3282.82,Month-to-month,Low,3,27,4,0,3,New / At-Risk
CUS-004113,33,141.22,4681.55,Two year,Medium,9,4,23,1,1,Low Value / Dormant
CUS-004114,57,39.08,2180.27,One year,High,6,38,55,1,2,Mid Value / Moderate
CUS-004115,52,110.0,5577.26,Month-to-month,High,7,84,58,0,1,Low Value / Dormant
CUS-004116,9,138.49,1184.65,Month-to-month,Medium,6,2,32,1,3,New / At-Risk
CUS-004117,54,85.2,4553.41,Month-to-month,Medium,0,4,47,1,1,Low Value / Dormant
CUS-004118,1,67.03,66.93,Month-to-month,Medium,3,24,22,0,3,New / At-Risk
CUS-004119,44,42.2,1901.77,Two year,Medium,9,9,13,1,2,Mid Value / Moderate
CUS-004120,9,132.68,1142.39,One year,Medium,8,19,58,1,3,New / At-Risk
CUS-004121,32,71.25,2376.74,One year,Medium,6,62,33,1,0,High Value / Loyal
CUS-004122,15,140.23,2053.87,Month-to-month,High,0,72,3,0,0,High Value / Loyal
CUS-004123,12,130.21,1541.68,One year,High,7,41,0,0,3,New / At-Risk
CUS-004124,57,68.96,3753.37,Month-to-month,Medium,3,92,1,0,2,Mid Value / Moderate
CUS-004125,8,94.61,768.46,Two year,Low,6,77,28,1,0,High Value / Loyal
CUS-004126,27,23.53,648.66,One year,Medium,5,72,57,0,0,High Value / Loyal
CUS-004127,62,54.22,3505.71,Month-to-month,Medium,6,78,8,1,2,Mid Value / Moderate
CUS-004128,12,112.34,1326.03,Month-to-month,High,9,50,27,0,3,New / At-Risk
CUS-004129,65,108.13,6857.82,Two year,Low,9,74,32,1,1,Low Value / Dormant
CUS-004130,42,65.94,2832.01,Month-to-month,Medium,0,84,22,0,0,High Value / Loyal
CUS-004131,62,125.12,7917.8,One year,Medium,5,65,19,1,1,Low Value / Dormant
CUS-004132,11,50.66,581.6,One year,Medium,2,76,54,0,0,High Value / Loyal
CUS-004133,43,79.97,3337.18,Month-to-month,Medium,9,99,30,1,0,High Value / Loyal
CUS-004134,17,81.43,1412.71,One year,Medium,3,84,47,0,0,High Value / Loyal
CUS-004135,32,64.31,1968.67,One year,High,0,76,45,0,0,High Value / Loyal
CUS-004136,40,144.11,5752.95,One year,Medium,9,12,54,1,1,Low Value / Dormant
CUS-004137,23,110.57,2446.29,Month-to-month,Medium,7,39,58,1,3,New / At-Risk
CUS-004138,56,90.1,5122.64,Two year,Medium,1,29,44,1,1,Low Value / Dormant
CUS-004139,6,86.37,523.46,Month-to-month,Medium,2,58,25,1,0,High Value / Loyal
CUS-004140,50,40.71,1943.59,Month-to-month,Medium,6,67,30,0,2,Mid Value / Moderate
CUS-004141,37,68.38,2484.58,Month-to-month,Medium,1,71,31,0,0,High Value / Loyal
CUS-004142,64,107.46,6805.28,Two year,Medium,3,87,50,0,1,Low Value / Dormant
CUS-004143,54,140.19,7379.75,Month-to-month,Medium,6,77,46,1,1,Low Value / Dormant
CUS-004144,49,126.14,5895.73,One year,High,2,75,49,1,1,Low Value / Dormant
CUS-004145,11,59.05,637.79,One year,High,1,25,34,0,3,New / At-Risk
CUS-004146,49,76.41,3853.87,Two year,High,7,84,14,0,2,Mid Value / Moderate
CUS-004147,21,30.78,637.32,One year,Medium,1,49,14,0,0,High Value / Loyal
CUS-004148,66,33.28,2157.84,One year,Medium,9,63,36,1,2,Mid Value / Moderate
CUS-004149,63,81.13,5336.98,Two year,Low,6,27,44,1,1,Low Value / Dormant
CUS-004150,28,88.93,2375.86,One year,Low,2,70,55,0,0,High Value / Loyal
CUS-004151,17,54.32,948.18,Two year,High,3,70,58,0,0,High Value / Loyal
CUS-004152,6,103.56,620.32,Month-to-month,Medium,5,58,24,1,0,High Value / Loyal
CUS-004153,19,111.44,2211.46,Month-to-month,High,2,9,19,0,3,New / At-Risk
CUS-004154,56,58.89,3262.44,Two year,Medium,0,85,47,1,2,Mid Value / Moderate
CUS-004155,28,118.6,3389.75,Two year,Medium,7,82,21,1,0,High Value / Loyal
CUS-004156,66,46.73,2951.45,Two year,Medium,3,1,19,0,2,Mid Value / Moderate
CUS-004157,38,90.75,3596.47,One year,High,0,76,14,0,0,High Value / Loyal
CUS-004158,37,124.56,4536.95,Two year,Medium,1,65,29,0,1,Low Value / Dormant
CUS-004159,68,89.81,6121.82,Month-to-month,Low,5,92,13,1,1,Low Value / Dormant
CUS-004160,49,138.04,6519.2,Month-to-month,Medium,0,24,40,1,1,Low Value / Dormant
CUS-004161,43,27.61,1239.91,Month-to-month,Medium,8,19,20,1,2,Mid Value / Moderate
CUS-004162,36,96.48,3533.39,Two year,Low,6,14,49,1,3,New / At-Risk
CUS-004163,58,93.03,5154.96,Month-to-month,Low,7,14,16,0,1,Low Value / Dormant
CUS-004164,13,105.85,1328.55,One year,Medium,7,90,4,1,0,High Value / Loyal
CUS-004165,52,128.34,6606.98,Month-to-month,Low,5,80,14,1,1,Low Value / Dormant
CUS-004166,58,114.36,6445.07,Month-to-month,Medium,7,88,55,1,1,Low Value / Dormant
CUS-004167,32,122.74,3850.84,One year,Medium,6,32,42,0,3,New / At-Risk
CUS-004168,60,57.55,3624.54,One year,Medium,0,6,26,0,2,Mid Value / Moderate
CUS-004169,58,70.37,4146.49,Month-to-month,Medium,2,94,53,1,2,Mid Value / Moderate
CUS-004170,56,101.48,5922.88,Month-to-month,Low,8,23,58,0,1,Low Value / Dormant
CUS-004171,28,91.95,2558.07,Month-to-month,Medium,7,19,43,1,3,New / At-Risk
CUS-004172,1,144.94,147.99,One year,Medium,4,89,38,1,0,High Value / Loyal
CUS-004173,42,44.29,1852.62,Month-to-month,High,0,89,56,0,2,Mid Value / Moderate
CUS-004174,48,65.67,3097.83,One year,Medium,1,2,19,1,2,Mid Value / Moderate
CUS-004175,40,94.46,3785.57,Month-to-month,High,9,74,52,1,0,High Value / Loyal
CUS-004176,63,132.84,8307.79,One year,Medium,9,41,40,0,1,Low Value / Dormant
CUS-004177,4,140.82,590.33,Month-to-month,Low,8,53,34,1,3,New / At-Risk
CUS-004178,38,63.68,2419.09,Month-to-month,Medium,9,27,16,1,2,Mid Value / Moderate
CUS-004179,27,28.72,799.68,Month-to-month,High,7,8,55,1,3,New / At-Risk
CUS-004180,9,74.81,684.53,One year,High,8,43,8,1,3,New / At-Risk
CUS-004181,16,71.26,1137.91,One year,Low,1,33,42,0,3,New / At-Risk
CUS-004182,56,148.24,8280.17,Two year,Medium,2,43,45,1,1,Low Value / Dormant
CUS-004183,31,76.04,2319.91,Two year,High,2,83,57,0,0,High Value / Loyal
CUS-004184,14,59.74,803.54,One year,Medium,0,30,58,0,3,New / At-Risk
CUS-004185,25,67.5,1731.6,One year,Medium,1,34,59,0,3,New / At-Risk
CUS-004186,34,71.6,2536.2,One year,Medium,9,78,41,0,0,High Value / Loyal
CUS-004187,67,126.8,8256.0,One year,Low,4,20,3,1,1,Low Value / Dormant
CUS-004188,24,30.53,763.96,One year,Medium,6,87,15,0,0,High Value / Loyal
CUS-004189,26,61.15,1547.24,Month-to-month,High,5,62,15,1,0,High Value / Loyal
CUS-004190,20,145.62,2921.19,Month-to-month,High,1,79,28,0,0,High Value / Loyal
CUS-004191,64,39.9,2513.88,One year,Low,7,2,43,1,2,Mid Value / Moderate
CUS-004192,10,116.54,1120.46,One year,High,3,88,31,0,0,High Value / Loyal
CUS-004193,67,66.33,4245.46,Month-to-month,Low,1,88,31,1,2,Mid Value / Moderate
CUS-004194,24,95.63,2264.27,Month-to-month,High,3,95,37,1,0,High Value / Loyal
CUS-004195,5,32.94,157.25,Month-to-month,Medium,7,80,38,1,0,High Value / Loyal
CUS-004196,67,59.83,3850.18,Two year,High,0,68,54,0,2,Mid Value / Moderate
CUS-004197,58,85.11,4759.94,Month-to-month,Medium,8,98,39,0,1,Low Value / Dormant
CUS-004198,27,50.12,1285.87,One year,High,7,79,37,0,0,High Value / Loyal
CUS-004199,15,90.44,1309.6,Two year,High,7,83,38,0,0,High Value / Loyal
CUS-004200,35,48.57,1713.04,Month-to-month,Medium,9,19,40,1,3,New / At-Risk
CUS-004201,53,104.51,5716.18,Two year,Medium,8,35,15,0,1,Low Value / Dormant
CUS-004202,44,137.57,5867.34,Two year,Medium,6,20,53,0,1,Low Value / Dormant
CUS-004203,26,31.11,775.05,Month-to-month,Low,8,41,44,1,2,Mid Value / Moderate
CUS-004204,47,48.16,2315.48,Month-to-month,High,0,29,14,1,2,Mid Value / Moderate
CUS-004205,34,129.77,4195.33,Month-to-month,Medium,0,15,17,1,3,New / At-Risk
CUS-004206,50,102.1,5224.64,Month-to-month,Low,3,84,3,1,1,Low Value / Dormant
CUS-004207,12,30.23,349.4,Two year,Low,1,32,36,1,3,New / At-Risk
CUS-004208,4,83.23,323.86,Month-to-month,Medium,7,13,39,0,3,New / At-Risk
CUS-004209,48,47.27,2182.69,Two year,High,0,7,3,1,2,Mid Value / Moderate
CUS-004210,55,45.88,2459.78,Month-to-month,Medium,3,54,16,0,2,Mid Value / Moderate
CUS-004211,1,142.28,146.53,Two year,Medium,8,16,16,1,3,New / At-Risk
CUS-004212,66,119.0,7565.43,Month-to-month,Medium,1,10,33,0,1,Low Value / Dormant
CUS-004213,30,110.51,3479.13,One year,High,5,56,55,1,0,High Value / Loyal
CUS-004214,3,51.06,150.53,Month-to-month,Low,3,66,47,0,0,High Value / Loyal
CUS-004215,21,35.41,775.09,Month-to-month,High,3,38,18,1,3,New / At-Risk
CUS-004216,49,133.21,6324.88,Month-to-month,High,5,53,21,1,1,Low Value / Dormant
CUS-004217,62,20.76,1247.21,Month-to-month,Medium,9,82,38,0,2,Mid Value / Moderate
CUS-004218,38,70.45,2694.69,Month-to-month,High,3,34,42,1,2,Mid Value / Moderate
CUS-004219,15,56.09,803.53,One year,Low,8,85,0,0,0,High Value / Loyal
CUS-004220,52,94.15,5043.11,Month-to-month,High,7,85,52,0,1,Low Value / Dormant
CUS-004221,46,52.57,2403.44,One year,Medium,7,1,17,1,2,Mid Value / Moderate
CUS-004222,25,60.46,1541.52,One year,Medium,4,79,38,0,0,High Value / Loyal
CUS-004223,21,130.51,2651.44,One year,Medium,5,74,59,1,0,High Value / Loyal
CUS-004224,5,98.41,499.08,Two year,Medium,0,59,27,0,0,High Value / Loyal
CUS-004225,70,38.94,2751.35,Two year,Medium,0,99,12,1,2,Mid Value / Moderate
CUS-004226,47,114.44,5516.25,Month-to-month,High,8,25,34,0,1,Low Value / Dormant
CUS-004227,68,46.97,3129.23,Month-to-month,High,3,32,8,0,2,Mid Value / Moderate
CUS-004228,18,76.29,1432.72,One year,High,2,31,16,0,3,New / At-Risk
CUS-004229,21,104.06,2286.04,One year,Medium,4,74,33,0,0,High Value / Loyal
CUS-004230,23,55.35,1319.93,Month-to-month,Medium,8,3,14,1,3,New / At-Risk
CUS-004231,64,69.93,4508.01,One year,High,8,86,8,1,2,Mid Value / Moderate
CUS-004232,67,115.44,7672.79,Month-to-month,High,2,66,38,1,1,Low Value / Dormant
CUS-004233,40,141.93,5426.2,Month-to-month,Medium,6,87,18,0,1,Low Value / Dormant
CUS-004234,10,88.8,927.73,One year,High,2,41,10,0,3,New / At-Risk
CUS-004235,52,21.3,1157.43,Month-to-month,Medium,2,62,23,1,2,Mid Value / Moderate
CUS-004236,61,64.0,3716.11,Month-to-month,Medium,3,53,20,1,2,Mid Value / Moderate
CUS-004237,64,71.82,4530.85,Month-to-month,High,1,88,17,0,2,Mid Value / Moderate
CUS-004238,5,64.09,332.64,Month-to-month,High,5,96,25,0,0,High Value / Loyal
CUS-004239,53,76.71,3895.47,Month-to-month,Medium,4,33,48,1,2,Mid Value / Moderate
CUS-004240,55,102.25,5452.93,Month-to-month,Low,9,91,53,1,1,Low Value / Dormant
CUS-004241,37,35.75,1385.94,Month-to-month,Medium,9,13,3,1,2,Mid Value / Moderate
CUS-004242,56,55.44,3212.57,Month-to-month,High,1,39,1,0,2,Mid Value / Moderate
CUS-004243,59,85.99,5282.73,Month-to-month,Medium,9,29,16,1,1,Low Value / Dormant
CUS-004244,69,61.02,4060.01,Month-to-month,High,1,25,54,0,2,Mid Value / Moderate
CUS-004245,59,148.84,8528.11,Month-to-month,Medium,1,19,51,0,1,Low Value / Dormant
CUS-004246,2,76.09,153.78,One year,Medium,3,65,0,0,0,High Value / Loyal
CUS-004247,65,133.07,8651.31,One year,Low,2,99,12,0,1,Low Value / Dormant
CUS-004248,60,136.55,8027.7,One year,High,8,16,9,1,1,Low Value / Dormant
CUS-004249,51,128.68,6814.63,One year,Medium,4,72,16,0,1,Low Value / Dormant
CUS-004250,30,26.1,814.33,Month-to-month,Medium,0,71,54,1,0,High Value / Loyal
CUS-004251,11,143.21,1542.46,Two year,Medium,1,85,20,0,0,High Value / Loyal
CUS-004252,39,36.74,1383.4,Month-to-month,Medium,6,75,48,1,2,Mid Value / Moderate
CUS-004253,63,24.47,1487.66,Month-to-month,Low,7,90,42,1,2,Mid Value / Moderate
CUS-004254,64,73.87,4720.19,Month-to-month,Medium,5,60,8,0,2,Mid Value / Moderate
CUS-004255,61,45.3,2662.01,Two year,Medium,6,79,30,0,2,Mid Value / Moderate
CUS-004256,54,43.95,2366.73,Two year,Medium,1,57,34,1,2,Mid Value / Moderate
CUS-004257,58,57.42,3317.48,Two year,Low,5,45,9,0,2,Mid Value / Moderate
CUS-004258,56,52.29,3040.88,Month-to-month,High,5,52,48,0,2,Mid Value / Moderate
CUS-004259,34,109.02,3631.26,Two year,Medium,3,6,47,0,3,New / At-Risk
CUS-004260,31,44.28,1381.04,Month-to-month,High,3,60,47,1,2,Mid Value / Moderate
CUS-004261,52,90.61,4826.2,One year,Medium,1,37,14,0,1,Low Value / Dormant
CUS-004262,1,148.24,149.66,Two year,High,2,54,44,0,3,New / At-Risk
CUS-004263,55,76.21,4381.86,One year,Medium,9,4,1,0,2,Mid Value / Moderate
CUS-004264,22,103.44,2299.03,Month-to-month,Medium,5,83,57,0,0,High Value / Loyal
CUS-004265,40,146.02,6075.45,One year,Medium,3,47,37,0,1,Low Value / Dormant
CUS-004266,1,37.89,36.93,Month-to-month,Medium,2,85,2,0,0,High Value / Loyal
CUS-004267,65,74.42,4866.62,Month-to-month,Medium,0,37,25,0,2,Mid Value / Moderate
CUS-004268,63,130.53,8258.69,One year,Medium,2,82,55,0,1,Low Value / Dormant
CUS-004269,54,141.2,7997.98,Month-to-month,High,0,42,32,1,1,Low Value / Dormant
CUS-004270,42,98.16,4000.92,Month-to-month,Medium,3,48,48,1,1,Low Value / Dormant
CUS-004271,21,38.64,782.4,One year,Medium,3,61,23,0,0,High Value / Loyal
CUS-004272,22,137.19,3051.91,One year,High,0,62,58,1,0,High Value / Loyal
CUS-004273,38,42.68,1576.96,Month-to-month,Medium,6,55,32,1,2,Mid Value / Moderate
CUS-004274,8,65.87,534.33,Month-to-month,Medium,4,37,29,1,3,New / At-Risk
CUS-004275,62,68.82,4468.19,Two year,High,0,15,42,0,2,Mid Value / Moderate
CUS-004276,47,78.15,3836.95,Month-to-month,High,4,59,3,0,2,Mid Value / Moderate
CUS-004277,17,122.72,2030.17,One year,Low,6,63,42,1,0,High Value / Loyal
CUS-004278,17,124.28,2043.21,Two year,Low,5,66,44,0,0,High Value / Loyal
CUS-004279,13,113.56,1485.18,One year,Low,9,42,21,1,3,New / At-Risk
CUS-004280,17,22.88,392.28,Month-to-month,Medium,4,31,48,0,3,New / At-Risk
CUS-004281,38,93.43,3607.94,Month-to-month,High,7,6,19,1,3,New / At-Risk
CUS-004282,45,117.17,5400.17,One year,High,8,19,28,1,1,Low Value / Dormant
CUS-004283,6,77.8,471.52,One year,Medium,0,38,20,1,3,New / At-Risk
CUS-004284,35,142.84,4805.36,One year,Medium,5,79,44,1,1,Low Value / Dormant
CUS-004285,14,127.1,1830.96,Month-to-month,Low,1,33,16,0,3,New / At-Risk
CUS-004286,61,102.96,6016.48,Month-to-month,High,7,90,1,0,1,Low Value / Dormant
CUS-004287,15,28.12,401.49,Month-to-month,High,4,53,33,1,0,High Value / Loyal
CUS-004288,54,104.81,5812.08,One year,Medium,0,30,21,0,1,Low Value / Dormant
CUS-004289,27,138.51,3757.73,One year,Low,4,75,49,1,0,High Value / Loyal
CUS-004290,13,69.33,919.16,Month-to-month,Medium,9,65,5,0,0,High Value / Loyal
CUS-004291,31,128.96,3950.8,One year,Low,4,14,24,0,3,New / At-Risk
CUS-004292,35,60.71,2021.0,One year,Low,1,10,1,0,3,New / At-Risk
CUS-004293,60,94.11,5551.38,Two year,Medium,3,17,54,1,1,Low Value / Dormant
CUS-004294,6,104.3,632.54,Month-to-month,Medium,5,75,42,1,0,High Value / Loyal
CUS-004295,69,108.14,7256.95,Month-to-month,High,0,15,16,1,1,Low Value / Dormant
CUS-004296,58,134.73,7961.18,Month-to-month,High,8,76,8,0,1,Low Value / Dormant
CUS-004297,49,50.5,2547.39,One year,High,6,3,19,0,2,Mid Value / Moderate
CUS-004298,23,54.11,1238.79,One year,Medium,5,22,36,1,3,New / At-Risk
CUS-004299,34,111.53,3934.33,One year,High,0,56,51,1,1,Low Value / Dormant
CUS-004300,26,43.04,1158.62,Month-to-month,Medium,7,59,14,0,0,High Value / Loyal
CUS-004301,47,80.36,3919.47,One year,Low,7,26,25,1,2,Mid Value / Moderate
CUS-004302,5,22.6,114.84,Month-to-month,Medium,3,50,24,0,0,High Value / Loyal
CUS-004303,20,38.33,751.58,Two year,Medium,3,87,30,0,0,High Value / Loyal
CUS-004304,6,108.25,648.28,Month-to-month,Low,0,80,29,0,0,High Value / Loyal
CUS-004305,70,117.17,8374.56,Month-to-month,Medium,8,61,48,1,1,Low Value / Dormant
CUS-004306,59,34.99,2004.74,Month-to-month,Low,7,55,9,0,2,Mid Value / Moderate
CUS-004307,64,49.6,3250.37,Month-to-month,High,9,64,37,1,2,Mid Value / Moderate
CUS-004308,18,32.86,594.28,Month-to-month,High,6,3,44,1,3,New / At-Risk
CUS-004309,4,76.34,293.04,Month-to-month,Low,1,30,59,1,3,New / At-Risk
CUS-004310,17,36.4,622.26,Month-to-month,Low,6,58,20,1,0,High Value / Loyal
CUS-004311,14,76.85,1029.27,Month-to-month,Low,3,13,47,1,3,New / At-Risk
CUS-004312,13,115.17,1424.53,Two year,High,2,72,23,0,0,High Value / Loyal
CUS-004313,7,108.84,791.57,Month-to-month,Low,9,24,33,1,3,New / At-Risk
CUS-004314,44,56.46,2481.73,Two year,Medium,3,69,27,1,2,Mid Value / Moderate
CUS-004315,15,107.59,1620.82,Two year,Low,9,7,51,1,3,New / At-Risk
CUS-004316,19,140.6,2612.66,Month-to-month,Medium,5,51,36,1,3,New / At-Risk
CUS-004317,63,65.18,4123.78,Month-to-month,High,6,54,23,0,2,Mid Value / Moderate
CUS-004318,35,62.79,2124.73,Month-to-month,Medium,1,51,28,0,2,Mid Value / Moderate
CUS-004319,35,94.29,3381.11,One year,High,6,27,16,1,3,New / At-Risk
CUS-004320,19,51.92,1018.28,One year,Medium,9,12,38,0,3,New / At-Risk
CUS-004321,20,104.71,2168.63,Month-to-month,Medium,1,41,23,0,3,New / At-Risk
CUS-004322,35,128.19,4310.3,Month-to-month,High,1,89,16,0,1,Low Value / Dormant
CUS-004323,32,79.71,2565.5,One year,High,0,33,36,0,3,New / At-Risk
CUS-004324,48,108.34,5360.68,Month-to-month,High,6,79,5,1,1,Low Value / Dormant
CUS-004325,44,104.75,4437.44,Two year,Medium,0,31,41,0,1,Low Value / Dormant
CUS-004326,24,25.03,576.58,Month-to-month,High,2,11,36,0,3,New / At-Risk
CUS-004327,61,43.84,2759.26,Month-to-month,Low,7,36,45,1,2,Mid Value / Moderate
CUS-004328,17,136.16,2383.39,Month-to-month,High,0,6,30,1,3,New / At-Risk
CUS-004329,71,142.06,10034.23,One year,Medium,5,45,56,0,1,Low Value / Dormant
CUS-004330,50,121.46,5835.84,Month-to-month,Medium,1,60,19,0,1,Low Value / Dormant
CUS-004331,65,139.76,9099.19,Month-to-month,Medium,8,90,45,1,1,Low Value / Dormant
CUS-004332,32,59.8,1893.45,Month-to-month,Low,1,72,1,0,0,High Value / Loyal
CUS-004333,36,52.2,1882.77,Month-to-month,Medium,5,37,40,1,2,Mid Value / Moderate
CUS-004334,13,69.96,904.0,One year,Low,3,30,17,0,3,New / At-Risk
CUS-004335,70,27.19,1916.65,Month-to-month,High,8,38,49,1,2,Mid Value / Moderate
CUS-004336,58,125.28,7431.47,One year,High,0,16,59,0,1,Low Value / Dormant
CUS-004337,14,147.94,2128.13,Month-to-month,Medium,0,79,21,1,0,High Value / Loyal
CUS-004338,37,127.12,4773.66,Month-to-month,Medium,9,38,40,1,1,Low Value / Dormant
CUS-004339,68,92.15,6077.34,One year,Low,2,53,36,0,1,Low Value / Dormant
CUS-004340,40,58.39,2311.44,One year,High,5,8,25,0,3,New / At-Risk
CUS-004341,59,45.7,2580.73,One year,Medium,2,99,49,0,2,Mid Value / Moderate
CUS-004342,16,67.33,1072.04,Month-to-month,Medium,6,9,11,1,3,New / At-Risk
CUS-004343,62,106.71,6926.94,Two year,High,8,21,5,0,1,Low Value / Dormant
CUS-004344,4,78.12,316.9,Month-to-month,Medium,9,41,16,1,3,New / At-Risk
CUS-004345,45,141.43,6144.44,Month-to-month,Low,1,69,13,0,1,Low Value / Dormant
CUS-004346,28,131.05,3584.44,Month-to-month,High,3,19,9,1,3,New / At-Risk
CUS-004347,66,33.31,2102.86,Month-to-month,High,2,80,25,0,2,Mid Value / Moderate
CUS-004348,31,37.1,1113.52,One year,Medium,5,18,50,1,3,New / At-Risk
CUS-004349,3,107.91,323.34,Month-to-month,Low,4,76,2,0,0,High Value / Loyal
CUS-004350,8,50.0,393.79,Two year,Medium,2,80,41,0,0,High Value / Loyal
CUS-004351,24,122.83,2860.74,Month-to-month,High,8,5,45,0,3,New / At-Risk
CUS-004352,15,96.88,1401.79,One year,Low,7,67,14,1,0,High Value / Loyal
CUS-004353,43,49.88,2178.23,One year,Low,2,71,15,0,2,Mid Value / Moderate
CUS-004354,31,82.23,2563.92,Two year,Medium,9,32,37,0,3,New / At-Risk
CUS-004355,45,72.79,3387.78,Month-to-month,Medium,4,95,13,1,0,High Value / Loyal
CUS-004356,66,133.51,8532.6,Two year,High,4,78,35,0,1,Low Value / Dormant
CUS-004357,8,24.18,200.18,Two year,High,4,88,12,0,0,High Value / Loyal
CUS-004358,71,136.46,9764.12,Two year,High,7,48,58,0,1,Low Value / Dormant
CUS-004359,57,104.77,5832.32,Two year,Medium,2,33,26,0,1,Low Value / Dormant
CUS-004360,30,115.88,3397.68,Two year,High,2,69,7,0,0,High Value / Loyal
CUS-004361,18,20.34,362.09,One year,Low,7,72,22,1,0,High Value / Loyal
CUS-004362,69,101.67,6987.34,Two year,Medium,8,2,40,1,1,Low Value / Dormant
CUS-004363,39,96.5,3606.5,One year,Medium,4,54,52,0,2,Mid Value / Moderate
CUS-004364,60,89.84,5574.55,One year,High,9,42,10,1,1,Low Value / Dormant
CUS-004365,43,122.16,5054.19,One year,Medium,7,35,4,0,1,Low Value / Dormant
CUS-004366,45,92.26,4144.98,Two year,Medium,4,61,4,1,1,Low Value / Dormant
CUS-004367,23,131.42,2987.35,Month-to-month,Medium,3,60,24,1,0,High Value / Loyal
CUS-004368,69,50.24,3470.96,Two year,Low,1,98,17,0,2,Mid Value / Moderate
CUS-004369,6,124.78,777.68,Month-to-month,High,3,94,47,1,0,High Value / Loyal
CUS-004370,56,43.31,2544.02,Month-to-month,Low,1,49,54,1,2,Mid Value / Moderate
CUS-004371,4,125.71,478.7,Month-to-month,Medium,6,23,57,1,3,New / At-Risk
CUS-004372,23,142.26,3237.05,Month-to-month,High,6,68,50,0,0,High Value / Loyal
CUS-004373,6,63.64,393.97,Two year,Low,8,35,23,0,3,New / At-Risk
CUS-004374,32,88.89,2795.01,Month-to-month,Low,3,14,8,1,3,New / At-Risk
CUS-004375,18,105.58,1928.81,One year,Medium,4,22,42,1,3,New / At-Risk
CUS-004376,15,30.33,477.37,Month-to-month,Medium,3,30,10,0,3,New / At-Risk
CUS-004377,40,84.23,3418.67,Two year,Medium,3,3,13,0,3,New / At-Risk
CUS-004378,6,66.88,385.66,Two year,Medium,4,75,41,1,0,High Value / Loyal
CUS-004379,63,133.42,8693.66,Month-to-month,Medium,2,10,8,0,1,Low Value / Dormant
CUS-004380,67,133.97,9394.74,Month-to-month,High,8,67,4,1,1,Low Value / Dormant
CUS-004381,11,111.1,1248.09,Month-to-month,High,6,41,57,0,3,New / At-Risk
CUS-004382,43,105.24,4488.87,Month-to-month,High,0,48,26,0,1,Low Value / Dormant
CUS-004383,17,115.38,2049.4,Month-to-month,Medium,0,50,10,0,3,New / At-Risk
CUS-004384,4,67.58,282.98,Two year,Medium,0,69,27,0,0,High Value / Loyal
CUS-004385,63,72.59,4771.99,Two year,Medium,2,58,8,0,2,Mid Value / Moderate
CUS-004386,68,91.98,6199.59,Month-to-month,Medium,8,15,12,1,1,Low Value / Dormant
CUS-004387,41,141.94,5988.29,Two year,Medium,7,48,18,1,1,Low Value / Dormant
CUS-004388,5,114.12,579.4,Month-to-month,Low,8,6,7,1,3,New / At-Risk
CUS-004389,32,91.63,2838.2,Month-to-month,Low,4,4,54,1,3,New / At-Risk
CUS-004390,70,120.15,8440.63,One year,High,6,23,3,1,1,Low Value / Dormant
CUS-004391,35,68.22,2446.69,Month-to-month,Medium,9,45,43,1,2,Mid Value / Moderate
CUS-004392,22,114.96,2629.27,Month-to-month,High,8,65,24,1,0,High Value / Loyal
CUS-004393,65,73.39,4943.18,Month-to-month,Medium,4,56,6,0,2,Mid Value / Moderate
CUS-004394,22,56.36,1197.02,One year,High,7,98,55,0,0,High Value / Loyal
CUS-004395,11,99.26,1090.6,Two year,Medium,7,63,26,1,0,High Value / Loyal
CUS-004396,3,109.29,327.17,One year,Medium,2,15,39,0,3,New / At-Risk
CUS-004397,9,79.71,745.98,One year,Medium,4,4,50,1,3,New / At-Risk
CUS-004398,60,93.52,5331.45,One year,High,7,91,22,0,1,Low Value / Dormant
CUS-004399,14,110.23,1580.04,Month-to-month,Medium,9,77,39,1,0,High Value / Loyal
CUS-004400,18,119.8,2182.03,Two year,Low,2,32,50,0,3,New / At-Risk
CUS-004401,23,136.42,3270.04,One year,Medium,2,9,56,0,3,New / At-Risk
CUS-004402,47,66.09,3092.88,Month-to-month,Medium,5,89,28,0,2,Mid Value / Moderate
CUS-004403,69,143.69,10071.08,Month-to-month,Medium,6,57,57,1,1,Low Value / Dormant
CUS-004404,47,102.85,5062.3,Two year,Medium,6,67,35,0,1,Low Value / Dormant
CUS-004405,30,122.4,3761.6,Month-to-month,High,5,39,9,0,3,New / At-Risk
CUS-004406,25,110.97,2654.23,Two year,Medium,6,40,31,0,3,New / At-Risk
CUS-004407,28,46.72,1264.79,Month-to-month,High,6,16,46,0,3,New / At-Risk
CUS-004408,25,29.29,755.71,One year,Medium,3,81,22,0,0,High Value / Loyal
CUS-004409,58,114.42,6526.57,Month-to-month,Medium,7,91,39,0,1,Low Value / Dormant
CUS-004410,41,86.44,3616.89,Two year,Low,7,10,46,1,3,New / At-Risk
CUS-004411,25,111.29,2837.79,One year,High,1,53,47,1,3,New / At-Risk
CUS-004412,48,81.99,4129.79,Month-to-month,Medium,9,65,23,1,2,Mid Value / Moderate
CUS-004413,10,60.59,604.08,Month-to-month,High,4,50,20,0,0,High Value / Loyal
CUS-004414,11,57.05,642.5,Month-to-month,Medium,1,29,38,1,3,New / At-Risk
CUS-004415,21,114.97,2305.41,Two year,Low,2,18,39,0,3,New / At-Risk
CUS-004416,45,55.98,2509.74,One year,Medium,2,52,28,0,2,Mid Value / Moderate
CUS-004417,7,112.91,765.59,Two year,High,4,32,44,0,3,New / At-Risk
CUS-004418,64,69.91,4626.94,Month-to-month,Low,7,33,44,0,2,Mid Value / Moderate
CUS-004419,64,120.22,7955.4,One year,Medium,2,86,26,0,1,Low Value / Dormant
CUS-004420,2,38.57,75.1,Two year,Medium,6,11,33,0,3,New / At-Risk
CUS-004421,42,46.65,1923.59,One year,Medium,4,29,25,0,2,Mid Value / Moderate
CUS-004422,54,109.17,6014.46,Month-to-month,High,9,20,51,1,1,Low Value / Dormant
CUS-004423,16,92.83,1520.67,One year,Low,9,22,14,0,3,New / At-Risk
CUS-004424,18,46.5,850.27,One year,Medium,9,96,5,0,0,High Value / Loyal
CUS-004425,59,137.37,8507.24,One year,Medium,3,72,24,0,1,Low Value / Dormant
CUS-004426,16,55.87,926.92,Month-to-month,Low,1,86,17,0,0,High Value / Loyal
CUS-004427,6,74.74,444.72,Month-to-month,Low,5,15,6,0,3,New / At-Risk
CUS-004428,57,46.3,2593.29,Two year,Medium,3,35,1,0,2,Mid Value / Moderate
CUS-004429,47,70.44,3342.91,Month-to-month,Medium,3,80,57,0,2,Mid Value / Moderate
CUS-004430,48,83.91,4155.82,Month-to-month,Low,4,93,33,1,0,High Value / Loyal
CUS-004431,42,58.38,2446.0,One year,Low,8,34,0,0,2,Mid Value / Moderate
CUS-004432,60,119.98,7370.04,One year,Low,0,20,56,1,1,Low Value / Dormant
CUS-004433,4,71.21,271.15,Two year,Medium,4,77,53,0,0,High Value / Loyal
CUS-004434,2,114.84,239.45,Month-to-month,Low,4,56,45,1,0,High Value / Loyal
CUS-004435,59,46.92,2844.05,One year,High,1,51,1,0,2,Mid Value / Moderate
CUS-004436,27,69.01,1843.68,Month-to-month,Low,2,77,41,0,0,High Value / Loyal
CUS-004437,27,21.05,561.69,Month-to-month,High,3,95,35,0,0,High Value / Loyal
CUS-004438,7,118.62,797.39,Month-to-month,Medium,0,85,3,1,0,High Value / Loyal
CUS-004439,63,101.37,6587.91,One year,Medium,9,50,27,1,1,Low Value / Dormant
CUS-004440,46,126.32,5966.67,One year,Medium,2,30,22,0,1,Low Value / Dormant
CUS-004441,63,79.23,5056.47,Month-to-month,Medium,0,25,38,0,1,Low Value / Dormant
CUS-004442,12,123.97,1428.31,Month-to-month,Low,0,94,19,1,0,High Value / Loyal
CUS-004443,13,104.19,1322.23,One year,High,8,74,36,0,0,High Value / Loyal
CUS-004444,43,20.47,876.58,Month-to-month,Medium,3,71,58,0,2,Mid Value / Moderate
CUS-004445,17,52.98,879.59,Month-to-month,Low,3,98,43,0,0,High Value / Loyal
CUS-004446,63,84.21,5269.94,One year,Low,3,4,11,1,1,Low Value / Dormant
CUS-004447,36,100.43,3516.38,Month-to-month,High,8,63,31,1,0,High Value / Loyal
CUS-004448,8,28.53,224.78,Month-to-month,Low,7,22,56,1,3,New / At-Risk
CUS-004449,69,111.66,7821.91,One year,Medium,3,57,37,0,1,Low Value / Dormant
CUS-004450,36,90.66,3391.81,Month-to-month,Low,5,93,30,0,0,High Value / Loyal
CUS-004451,28,88.35,2445.4,Two year,High,1,54,17,1,0,High Value / Loyal
CUS-004452,47,57.97,2776.68,One year,Medium,5,4,28,0,2,Mid Value / Moderate
CUS-004453,30,97.33,2813.18,Month-to-month,Medium,0,65,33,0,0,High Value / Loyal
CUS-004454,23,23.57,544.42,One year,High,4,48,50,0,2,Mid Value / Moderate
CUS-004455,16,28.41,473.75,Month-to-month,Medium,7,23,28,1,3,New / At-Risk
CUS-004456,14,115.4,1539.37,One year,High,0,23,26,0,3,New / At-Risk
CUS-004457,71,61.85,4288.99,One year,Medium,1,6,30,0,2,Mid Value / Moderate
CUS-004458,52,65.11,3261.08,Two year,Medium,2,69,47,0,2,Mid Value / Moderate
CUS-004459,37,47.09,1748.1,Two year,Low,6,64,54,1,2,Mid Value / Moderate
CUS-004460,29,77.93,2300.59,One year,High,7,87,33,1,0,High Value / Loyal
CUS-004461,67,26.76,1713.58,One year,Medium,3,71,16,1,2,Mid Value / Moderate
CUS-004462,15,59.05,847.65,Month-to-month,Medium,7,5,19,0,3,New / At-Risk
CUS-004463,47,88.53,4314.52,Two year,High,0,33,30,0,1,Low Value / Dormant
CUS-004464,46,80.53,3688.27,Month-to-month,Low,2,26,30,1,2,Mid Value / Moderate
CUS-004465,52,149.96,7768.88,One year,High,3,59,57,1,1,Low Value / Dormant
CUS-004466,19,70.54,1399.83,Month-to-month,Medium,4,85,38,1,0,High Value / Loyal
CUS-004467,21,70.31,1449.96,Month-to-month,Low,8,34,20,1,3,New / At-Risk
CUS-004468,64,85.47,5686.96,Month-to-month,Medium,1,26,6,0,1,Low Value / Dormant
CUS-004469,37,44.74,1733.86,Month-to-month,Medium,6,74,31,1,2,Mid Value / Moderate
CUS-004470,27,133.92,3522.43,Month-to-month,High,2,66,54,0,0,High Value / Loyal
CUS-004471,55,94.39,5199.0,Month-to-month,Medium,9,20,11,0,1,Low Value / Dormant
CUS-004472,29,44.97,1308.73,Month-to-month,High,1,14,22,0,3,New / At-Risk
CUS-004473,20,123.15,2553.13,Month-to-month,Medium,8,71,42,1,0,High Value / Loyal
CUS-004474,25,24.46,599.59,Month-to-month,Medium,2,74,48,0,0,High Value / Loyal
CUS-004475,70,147.73,10649.55,One year,Medium,7,95,42,1,1,Low Value / Dormant
CUS-004476,63,132.47,8738.66,Two year,Low,0,8,39,0,1,Low Value / Dormant
CUS-004477,36,95.35,3549.54,One year,Medium,4,58,5,1,0,High Value / Loyal
CUS-004478,2,34.47,71.76,Month-to-month,Medium,4,1,31,0,3,New / At-Risk
CUS-004479,22,47.99,1077.68,Month-to-month,High,5,93,37,0,0,High Value / Loyal
CUS-004480,16,56.33,937.63,Month-to-month,Medium,6,31,14,1,3,New / At-Risk
CUS-004481,18,51.33,893.05,Two year,Medium,2,8,25,0,3,New / At-Risk
CUS-004482,69,84.68,5966.83,Month-to-month,Low,4,80,19,0,1,Low Value / Dormant
CUS-004483,54,142.79,7889.61,One year,Medium,7,83,11,1,1,Low Value / Dormant
CUS-004484,30,77.74,2318.09,Month-to-month,High,5,90,40,1,0,High Value / Loyal
CUS-004485,45,106.0,4569.68,Month-to-month,Medium,1,60,44,1,1,Low Value / Dormant
CUS-004486,19,109.52,2106.28,One year,Low,6,62,46,0,0,High Value / Loyal
CUS-004487,34,133.31,4329.28,Month-to-month,Medium,2,10,46,1,3,New / At-Risk
CUS-004488,13,24.4,,Month-to-month,Low,9,18,25,1,3,New / At-Risk
CUS-004489,43,72.56,3087.03,Two year,Medium,8,66,29,0,2,Mid Value / Moderate
CUS-004490,62,122.02,7942.4,Month-to-month,Medium,3,93,28,1,1,Low Value / Dormant
CUS-004491,22,125.93,2715.05,One year,Medium,3,66,29,1,0,High Value / Loyal
CUS-004492,52,140.55,7542.98,Month-to-month,Medium,3,52,12,0,1,Low Value / Dormant
CUS-004493,52,111.36,5532.14,Two year,High,9,67,40,0,1,Low Value / Dormant
CUS-004494,36,51.87,1872.88,One year,Medium,9,88,42,0,0,High Value / Loyal
CUS-004495,19,85.74,1634.97,Month-to-month,Low,7,9,21,0,3,New / At-Risk
CUS-004496,38,24.2,931.63,Two year,Medium,0,48,42,1,2,Mid Value / Moderate
CUS-004497,70,104.1,7512.95,Month-to-month,Low,2,60,40,0,1,Low Value / Dormant
CUS-004498,57,92.06,5384.77,Month-to-month,Medium,7,78,16,1,1,Low Value / Dormant
CUS-004499,20,106.69,2189.47,One year,High,6,52,22,0,3,New / At-Risk
CUS-004500,9,140.92,1259.68,One year,Low,5,43,24,0,3,New / At-Risk
CUS-004501,32,109.35,3578.66,One year,Medium,6,75,52,1,0,High Value / Loyal
CUS-004502,4,61.66,246.42,One year,Medium,0,50,5,0,0,High Value / Loyal
CUS-004503,50,45.84,2192.54,Month-to-month,Medium,7,88,53,0,2,Mid Value / Moderate
CUS-004504,5,131.1,681.09,Two year,High,3,14,36,0,3,New / At-Risk
CUS-004505,20,45.26,940.58,Two year,Medium,0,18,25,0,3,New / At-Risk
CUS-004506,37,41.01,1490.47,One year,Low,3,77,56,0,2,Mid Value / Moderate
CUS-004507,22,46.86,1073.58,Month-to-month,High,1,34,20,0,3,New / At-Risk
CUS-004508,58,86.15,5125.57,Two year,High,4,83,34,0,1,Low Value / Dormant
CUS-004509,68,36.14,2433.44,One year,High,0,41,5,0,2,Mid Value / Moderate
CUS-004510,44,141.96,6140.79,Two year,Medium,0,75,21,0,1,Low Value / Dormant
CUS-004511,34,145.61,5186.08,Month-to-month,Medium,4,49,16,0,1,Low Value / Dormant
CUS-004512,42,146.59,6287.87,One year,Medium,1,90,10,0,1,Low Value / Dormant
CUS-004513,9,25.09,223.04,Two year,Medium,8,69,3,1,0,High Value / Loyal
CUS-004514,7,143.01,1015.25,Month-to-month,Medium,9,85,57,1,0,High Value / Loyal
CUS-004515,68,149.66,10249.94,One year,High,6,9,43,1,1,Low Value / Dormant
CUS-004516,19,142.52,2714.44,Two year,Low,3,48,9,0,3,New / At-Risk
CUS-004517,31,107.22,3371.98,One year,Medium,6,12,16,1,3,New / At-Risk
CUS-004518,35,111.16,3905.24,One year,Medium,7,65,37,1,1,Low Value / Dormant
CUS-004519,57,35.89,2077.56,Month-to-month,Medium,7,14,17,0,2,Mid Value / Moderate
CUS-004520,61,133.66,8485.47,One year,Medium,7,64,52,1,1,Low Value / Dormant
CUS-004521,31,27.75,902.79,Month-to-month,High,4,26,18,1,2,Mid Value / Moderate
CUS-004522,53,61.3,3317.16,Month-to-month,High,6,7,21,0,2,Mid Value / Moderate
CUS-004523,32,148.85,4966.97,One year,Low,6,55,56,1,1,Low Value / Dormant
CUS-004524,66,74.9,5120.76,Month-to-month,High,1,59,14,0,1,Low Value / Dormant
CUS-004525,59,37.05,2141.16,Two year,Medium,2,80,43,0,2,Mid Value / Moderate
CUS-004526,10,146.01,1523.29,One year,Medium,1,79,18,0,0,High Value / Loyal
CUS-004527,2,147.94,283.18,One year,Low,2,56,24,0,0,High Value / Loyal
CUS-004528,66,44.32,2875.08,Month-to-month,Low,8,68,36,1,2,Mid Value / Moderate
CUS-004529,60,132.42,8056.66,Month-to-month,High,6,30,17,1,1,Low Value / Dormant
CUS-004530,17,70.76,1206.07,Month-to-month,Medium,3,23,57,0,3,New / At-Risk
CUS-004531,16,69.58,1117.97,Month-to-month,Medium,7,86,11,0,0,High Value / Loyal
CUS-004532,16,54.15,891.96,Two year,High,6,79,31,1,0,High Value / Loyal
CUS-004533,46,25.81,1151.12,One year,Low,9,17,25,0,2,Mid Value / Moderate
CUS-004534,39,54.84,2241.91,Two year,Medium,5,2,25,1,3,New / At-Risk
CUS-004535,31,26.99,831.49,One year,Medium,3,72,46,0,0,High Value / Loyal
CUS-004536,1,140.17,146.47,One year,Medium,4,70,41,0,0,High Value / Loyal
CUS-004537,11,106.02,1152.63,One year,Medium,9,39,27,0,3,New / At-Risk
CUS-004538,4,135.26,546.55,Month-to-month,High,7,92,24,1,0,High Value / Loyal
CUS-004539,71,113.25,8000.64,One year,Medium,2,48,29,0,1,Low Value / Dormant
CUS-004540,26,37.07,980.71,Month-to-month,Low,2,5,50,1,3,New / At-Risk
CUS-004541,50,142.28,6888.72,One year,Medium,4,21,40,0,1,Low Value / Dormant
CUS-004542,12,136.99,1627.5,Month-to-month,Medium,8,50,37,1,3,New / At-Risk
CUS-004543,65,65.25,4058.18,One year,High,4,20,13,1,2,Mid Value / Moderate
CUS-004544,47,34.5,1637.38,Month-to-month,High,0,98,0,0,2,Mid Value / Moderate
CUS-004545,53,111.54,6185.15,Month-to-month,Medium,4,71,32,0,1,Low Value / Dormant
CUS-004546,71,114.69,7773.02,One year,Medium,8,94,10,0,1,Low Value / Dormant
CUS-004547,2,136.59,277.54,Month-to-month,High,6,94,34,1,0,High Value / Loyal
CUS-004548,24,26.85,662.01,Month-to-month,Medium,8,79,20,0,0,High Value / Loyal
CUS-004549,4,38.42,149.28,Month-to-month,Low,9,91,21,1,0,High Value / Loyal
CUS-004550,19,97.77,1815.52,Month-to-month,Medium,9,73,4,1,0,High Value / Loyal
CUS-004551,26,100.49,2534.7,Two year,Medium,4,27,39,0,3,New / At-Risk
CUS-004552,40,24.37,955.02,One year,Medium,2,2,53,0,2,Mid Value / Moderate
CUS-004553,50,71.6,3440.47,Two year,Medium,1,91,17,0,2,Mid Value / Moderate
CUS-004554,43,95.94,4071.98,Month-to-month,Medium,8,47,36,1,1,Low Value / Dormant
CUS-004555,67,115.93,7665.4,Month-to-month,Medium,4,40,43,0,1,Low Value / Dormant
CUS-004556,12,61.1,755.72,One year,Low,0,89,54,0,0,High Value / Loyal
CUS-004557,67,82.91,5721.98,Month-to-month,Low,1,36,28,0,1,Low Value / Dormant
CUS-004558,27,125.83,3498.14,Month-to-month,High,1,71,17,1,0,High Value / Loyal
CUS-004559,54,144.01,7828.47,One year,High,3,13,52,1,1,Low Value / Dormant
CUS-004560,66,49.94,3238.71,One year,Low,5,84,11,1,2,Mid Value / Moderate
CUS-004561,49,52.9,2568.8,Month-to-month,Medium,7,22,20,0,2,Mid Value / Moderate
CUS-004562,16,142.18,2233.36,Month-to-month,High,2,18,39,0,3,New / At-Risk
CUS-004563,2,71.47,144.11,One year,Medium,9,75,29,0,0,High Value / Loyal
CUS-004564,60,113.39,7101.08,Month-to-month,High,9,6,40,1,1,Low Value / Dormant
CUS-004565,54,99.59,5262.2,Two year,High,5,68,14,0,1,Low Value / Dormant
CUS-004566,30,57.13,1706.74,Two year,Medium,3,67,34,0,0,High Value / Loyal
CUS-004567,38,104.96,4050.47,Two year,Low,7,52,46,0,1,Low Value / Dormant
CUS-004568,28,105.22,3047.82,Month-to-month,High,8,70,27,1,0,High Value / Loyal
CUS-004569,25,97.02,2365.61,Month-to-month,Medium,8,79,3,1,0,High Value / Loyal
CUS-004570,10,32.96,322.32,Two year,Low,5,3,27,1,3,New / At-Risk
CUS-004571,60,149.37,9307.54,Month-to-month,Medium,1,17,29,0,1,Low Value / Dormant
CUS-004572,42,72.05,2899.25,Month-to-month,Low,1,94,47,1,0,High Value / Loyal
CUS-004573,40,102.97,4162.34,Month-to-month,High,9,86,56,1,0,High Value / Loyal
CUS-004574,42,135.15,5880.86,Month-to-month,Low,8,66,56,1,1,Low Value / Dormant
CUS-004575,47,75.03,3675.01,One year,Medium,4,57,50,0,2,Mid Value / Moderate
CUS-004576,37,120.61,4245.11,Two year,High,6,80,49,1,1,Low Value / Dormant
CUS-004577,22,146.34,3177.46,One year,High,5,22,26,0,3,New / At-Risk
CUS-004578,57,66.66,3707.47,One year,High,8,11,15,0,2,Mid Value / Moderate
CUS-004579,27,72.69,1975.85,Month-to-month,Medium,4,36,31,1,3,New / At-Risk
CUS-004580,41,137.72,5721.74,One year,High,7,53,11,1,1,Low Value / Dormant
CUS-004581,34,40.75,1454.87,Month-to-month,Medium,3,76,43,1,0,High Value / Loyal
CUS-004582,32,23.72,759.92,Month-to-month,High,6,40,54,1,2,Mid Value / Moderate
CUS-004583,66,138.16,9165.2,Month-to-month,Medium,8,35,35,1,1,Low Value / Dormant
CUS-004584,12,126.81,1508.64,One year,High,1,43,14,1,3,New / At-Risk
CUS-004585,40,146.44,5651.06,Month-to-month,Medium,8,45,18,1,1,Low Value / Dormant
CUS-004586,10,27.57,270.29,Two year,Low,7,41,17,1,3,New / At-Risk
CUS-004587,48,40.3,1885.6,Two year,Low,9,64,25,1,2,Mid Value / Moderate
CUS-004588,20,33.69,694.11,Month-to-month,High,0,15,10,0,3,New / At-Risk
CUS-004589,39,108.84,4264.37,Month-to-month,High,9,44,29,1,1,Low Value / Dormant
CUS-004590,60,98.78,5806.09,One year,Medium,6,42,27,0,1,Low Value / Dormant
CUS-004591,66,66.71,4398.29,Two year,Medium,4,59,55,0,2,Mid Value / Moderate
CUS-004592,65,27.47,1735.04,Two year,High,4,85,22,1,2,Mid Value / Moderate
CUS-004593,51,103.16,5095.31,Month-to-month,Low,6,4,14,0,1,Low Value / Dormant
CUS-004594,36,94.12,3510.12,Month-to-month,Low,9,71,47,1,0,High Value / Loyal
CUS-004595,24,34.68,869.28,Month-to-month,High,3,29,10,0,3,New / At-Risk
CUS-004596,27,138.16,3573.61,Month-to-month,Low,0,41,42,0,3,New / At-Risk
CUS-004597,2,45.86,94.16,Month-to-month,Medium,5,6,20,0,3,New / At-Risk
CUS-004598,31,116.66,3599.46,One year,Medium,0,39,44,0,3,New / At-Risk
CUS-004599,57,135.06,7612.94,Month-to-month,High,0,81,38,0,1,Low Value / Dormant
CUS-004600,66,95.33,6411.07,Two year,Low,7,66,30,1,1,Low Value / Dormant
CUS-004601,29,52.09,1475.31,Month-to-month,Low,3,81,14,0,0,High Value / Loyal
CUS-004602,15,60.2,859.74,Month-to-month,Low,4,93,16,1,0,High Value / Loyal
CUS-004603,12,135.15,1575.38,Month-to-month,Medium,9,27,24,1,3,New / At-Risk
CUS-004604,28,58.77,1593.81,Month-to-month,Medium,9,7,23,1,3,New / At-Risk
CUS-004605,24,117.0,2677.27,One year,Medium,0,11,58,1,3,New / At-Risk
CUS-004606,21,148.72,3067.35,Month-to-month,Medium,9,90,44,1,0,High Value / Loyal
CUS-004607,10,149.98,1495.94,Two year,Medium,6,32,35,0,3,New / At-Risk
CUS-004608,18,89.35,1646.27,Two year,Low,1,87,32,1,0,High Value / Loyal
CUS-004609,14,127.45,1753.22,Two year,Medium,5,51,43,0,3,New / At-Risk
CUS-004610,34,148.73,4902.44,One year,High,8,40,3,1,1,Low Value / Dormant
CUS-004611,58,68.71,3877.68,One year,Medium,1,7,0,1,2,Mid Value / Moderate
CUS-004612,22,52.81,1207.34,Month-to-month,High,5,1,37,0,3,New / At-Risk
CUS-004613,70,34.85,2367.49,One year,High,4,25,55,0,2,Mid Value / Moderate
CUS-004614,36,38.32,1431.72,Two year,Low,1,95,10,0,0,High Value / Loyal
CUS-004615,45,130.96,5862.13,Month-to-month,Medium,8,6,20,0,1,Low Value / Dormant
CUS-004616,36,96.53,3626.19,One year,Medium,1,92,24,0,0,High Value / Loyal
CUS-004617,22,133.58,2911.8,Two year,Medium,0,95,57,1,0,High Value / Loyal
CUS-004618,61,122.63,7239.27,Two year,Medium,8,16,49,1,1,Low Value / Dormant
CUS-004619,56,107.59,6054.4,Month-to-month,Medium,8,15,27,1,1,Low Value / Dormant
CUS-004620,33,99.21,3302.66,Month-to-month,High,8,22,49,1,3,New / At-Risk
CUS-004621,45,26.28,1198.81,Month-to-month,High,7,18,51,1,2,Mid Value / Moderate
CUS-004622,36,133.4,4759.75,One year,Low,3,50,5,1,1,Low Value / Dormant
CUS-004623,20,74.32,1419.29,Month-to-month,Low,8,72,45,0,0,High Value / Loyal
CUS-004624,18,92.77,1691.06,Month-to-month,Medium,1,10,5,0,3,New / At-Risk
CUS-004625,38,22.85,906.06,Month-to-month,Medium,0,49,21,0,2,Mid Value / Moderate
CUS-004626,67,141.69,9927.57,Month-to-month,Medium,9,70,14,1,1,Low Value / Dormant
CUS-004627,23,137.36,3189.8,Month-to-month,Medium,6,10,53,1,3,New / At-Risk
CUS-004628,16,90.63,1380.4,One year,High,5,39,32,0,3,New / At-Risk
CUS-004629,59,95.05,5387.05,Two year,Low,2,58,16,0,1,Low Value / Dormant
CUS-004630,69,111.65,7961.31,Month-to-month,Medium,1,71,11,0,1,Low Value / Dormant
CUS-004631,68,54.41,3821.91,One year,High,7,42,30,1,2,Mid Value / Moderate
CUS-004632,21,48.85,1071.58,One year,Medium,3,45,34,0,3,New / At-Risk
CUS-004633,70,107.62,7581.65,Month-to-month,Medium,5,99,33,0,1,Low Value / Dormant
CUS-004634,12,33.57,417.56,Two year,Medium,3,28,31,1,3,New / At-Risk
CUS-004635,16,79.03,1305.53,Month-to-month,Medium,8,89,22,1,0,High Value / Loyal
CUS-004636,14,84.06,1187.35,One year,High,4,92,37,0,0,High Value / Loyal
CUS-004637,61,69.57,4364.38,One year,Medium,5,73,4,0,2,Mid Value / Moderate
CUS-004638,71,44.08,3012.87,One year,Low,8,5,39,0,2,Mid Value / Moderate
CUS-004639,46,66.19,3087.18,Month-to-month,Low,5,57,1,1,2,Mid Value / Moderate
CUS-004640,32,63.88,2136.93,One year,High,1,80,58,0,0,High Value / Loyal
CUS-004641,15,84.9,1230.52,One year,Medium,0,29,30,1,3,New / At-Risk
CUS-004642,44,107.71,4854.83,One year,High,8,55,11,1,1,Low Value / Dormant
CUS-004643,17,145.87,2435.36,Two year,Medium,1,23,38,1,3,New / At-Risk
CUS-004644,41,38.74,1638.76,One year,Medium,1,57,45,0,2,Mid Value / Moderate
CUS-004645,54,133.49,7350.74,Month-to-month,Low,3,18,41,1,1,Low Value / Dormant
CUS-004646,44,56.94,2612.28,Month-to-month,High,9,26,19,1,2,Mid Value / Moderate
CUS-004647,5,96.88,494.66,One year,Medium,9,5,13,0,3,New / At-Risk
CUS-004648,27,91.08,2436.99,One year,Medium,2,8,10,0,3,New / At-Risk
CUS-004649,43,92.4,3779.0,Month-to-month,Medium,6,19,59,0,3,New / At-Risk
CUS-004650,31,114.04,3638.69,Month-to-month,Medium,6,28,30,1,3,New / At-Risk
CUS-004651,17,69.62,1172.7,Month-to-month,Low,2,68,50,1,0,High Value / Loyal
CUS-004652,54,61.48,3376.73,One year,Medium,2,84,32,0,2,Mid Value / Moderate
CUS-004653,62,130.87,7793.4,One year,Medium,8,50,25,0,1,Low Value / Dormant
CUS-004654,32,48.61,1616.41,One year,Low,6,86,1,0,0,High Value / Loyal
CUS-004655,40,43.43,1726.1,Month-to-month,High,2,76,30,0,2,Mid Value / Moderate
CUS-004656,13,22.03,298.4,Month-to-month,High,2,65,54,1,0,High Value / Loyal
CUS-004657,35,47.38,1692.46,One year,Medium,2,8,34,0,3,New / At-Risk
CUS-004658,5,87.41,420.5,Month-to-month,Low,8,60,26,0,0,High Value / Loyal
CUS-004659,29,90.01,2630.85,Month-to-month,Medium,7,58,4,1,0,High Value / Loyal
CUS-004660,70,53.07,3867.53,One year,Low,6,27,10,1,2,Mid Value / Moderate
CUS-004661,25,29.4,756.94,Two year,High,7,85,50,0,0,High Value / Loyal
CUS-004662,22,116.8,2548.6,Month-to-month,Medium,0,33,38,0,3,New / At-Risk
CUS-004663,66,118.54,8179.44,Two year,High,8,97,27,0,1,Low Value / Dormant
CUS-004664,45,149.72,6581.42,Month-to-month,Medium,4,46,15,1,1,Low Value / Dormant
CUS-004665,69,137.0,9335.2,Month-to-month,Medium,4,37,51,0,1,Low Value / Dormant
CUS-004666,1,140.39,143.89,Month-to-month,Medium,4,69,39,0,0,High Value / Loyal
CUS-004667,44,123.77,5300.27,One year,Medium,8,15,25,1,1,Low Value / Dormant
CUS-004668,39,100.02,3906.6,Month-to-month,High,4,94,23,1,0,High Value / Loyal
CUS-004669,54,36.71,2027.75,One year,High,1,67,3,0,2,Mid Value / Moderate
CUS-004670,29,100.9,2968.25,Month-to-month,Medium,5,28,11,1,3,New / At-Risk
CUS-004671,54,27.27,1422.05,Month-to-month,Medium,6,63,17,1,2,Mid Value / Moderate
CUS-004672,16,135.09,2189.45,Month-to-month,Medium,6,94,54,1,0,High Value / Loyal
CUS-004673,20,82.64,1664.75,One year,Low,6,3,13,1,3,New / At-Risk
CUS-004674,46,110.67,5120.34,One year,Medium,1,52,16,0,1,Low Value / Dormant
CUS-004675,67,26.79,1853.57,One year,Medium,5,44,43,0,2,Mid Value / Moderate
CUS-004676,65,89.45,5630.6,One year,Low,8,60,40,1,1,Low Value / Dormant
CUS-004677,58,59.16,3517.85,One year,High,0,58,15,0,2,Mid Value / Moderate
CUS-004678,53,57.05,3102.32,One year,Low,2,95,52,0,2,Mid Value / Moderate
CUS-004679,1,70.66,72.23,Two year,Medium,5,14,41,0,3,New / At-Risk
CUS-004680,66,20.08,1326.28,One year,Medium,6,6,19,1,2,Mid Value / Moderate
CUS-004681,29,80.67,2314.87,One year,High,1,19,51,1,3,New / At-Risk
CUS-004682,70,83.25,5766.38,One year,High,9,62,42,1,1,Low Value / Dormant
CUS-004683,8,132.21,1082.39,One year,High,7,5,27,1,3,New / At-Risk
CUS-004684,29,78.31,2270.46,Month-to-month,Medium,5,49,59,0,3,New / At-Risk
CUS-004685,51,67.26,3374.95,One year,High,8,51,40,0,2,Mid Value / Moderate
CUS-004686,33,149.32,4989.29,Month-to-month,Low,8,26,0,1,1,Low Value / Dormant
CUS-004687,3,94.26,292.3,Month-to-month,Medium,8,56,15,0,0,High Value / Loyal
CUS-004688,60,81.44,4672.12,One year,High,8,18,3,0,2,Mid Value / Moderate
CUS-004689,35,84.47,3096.1,Month-to-month,High,1,45,53,0,3,New / At-Risk
CUS-004690,69,125.19,8289.93,Two year,Low,9,95,31,1,1,Low Value / Dormant
CUS-004691,20,64.29,1287.27,One year,Medium,9,82,28,0,0,High Value / Loyal
CUS-004692,39,70.59,2769.62,One year,Medium,6,9,7,0,3,New / At-Risk
CUS-004693,4,118.26,455.94,Month-to-month,High,4,90,1,0,0,High Value / Loyal
CUS-004694,19,29.49,583.55,One year,High,8,2,45,1,3,New / At-Risk
CUS-004695,45,132.47,5944.23,Month-to-month,Low,0,96,23,1,1,Low Value / Dormant
CUS-004696,43,75.93,3148.32,Month-to-month,High,9,42,40,1,2,Mid Value / Moderate
CUS-004697,13,95.57,1268.68,Two year,Medium,6,70,55,0,0,High Value / Loyal
CUS-004698,13,118.47,1565.3,Month-to-month,High,9,84,45,1,0,High Value / Loyal
CUS-004699,60,54.59,3426.8,One year,High,4,72,13,1,2,Mid Value / Moderate
CUS-004700,57,135.74,7691.98,Two year,Low,8,68,52,1,1,Low Value / Dormant
CUS-004701,52,147.3,7481.7,Two year,Medium,6,89,43,0,1,Low Value / Dormant
CUS-004702,53,84.26,4269.06,One year,Medium,3,31,42,1,2,Mid Value / Moderate
CUS-004703,43,141.8,6239.63,One year,Low,7,19,0,1,1,Low Value / Dormant
CUS-004704,42,20.15,856.09,Two year,High,8,71,53,0,2,Mid Value / Moderate
CUS-004705,26,136.25,3709.95,Two year,Low,8,47,32,0,3,New / At-Risk
CUS-004706,23,60.44,1419.52,One year,Medium,9,37,10,1,3,New / At-Risk
CUS-004707,43,60.49,2713.94,One year,High,3,94,19,0,0,High Value / Loyal
CUS-004708,28,49.65,1458.58,Month-to-month,Low,5,91,56,1,0,High Value / Loyal
CUS-004709,9,61.21,546.96,Month-to-month,Medium,3,81,14,1,0,High Value / Loyal
CUS-004710,20,47.75,921.66,Month-to-month,Medium,0,96,27,0,0,High Value / Loyal
CUS-004711,56,137.76,7480.08,One year,High,5,19,20,0,1,Low Value / Dormant
CUS-004712,39,136.87,5241.1,Month-to-month,High,7,89,22,1,1,Low Value / Dormant
CUS-004713,51,33.29,1699.17,One year,Medium,5,93,8,0,2,Mid Value / Moderate
CUS-004714,12,38.57,445.38,One year,High,2,25,19,0,3,New / At-Risk
CUS-004715,55,132.06,7119.41,Month-to-month,High,7,53,52,1,1,Low Value / Dormant
CUS-004716,11,71.86,775.29,Month-to-month,High,9,96,53,1,0,High Value / Loyal
CUS-004717,26,42.01,1037.98,One year,Medium,8,75,16,0,0,High Value / Loyal
CUS-004718,42,86.39,3575.34,Two year,Medium,0,4,41,0,3,New / At-Risk
CUS-004719,27,74.17,1925.64,One year,Medium,5,46,14,0,3,New / At-Risk
CUS-004720,11,48.49,529.65,Month-to-month,High,9,31,43,0,3,New / At-Risk
CUS-004721,38,113.7,4189.4,One year,Medium,7,36,4,0,1,Low Value / Dormant
CUS-004722,43,102.07,4530.28,Two year,Low,1,4,45,1,1,Low Value / Dormant
CUS-004723,19,32.96,599.9,One year,Medium,3,2,41,1,3,New / At-Risk
CUS-004724,64,140.3,9307.55,Month-to-month,High,0,39,51,0,1,Low Value / Dormant
CUS-004725,6,92.6,560.08,Month-to-month,Medium,3,97,32,1,0,High Value / Loyal
CUS-004726,46,52.53,2406.23,Month-to-month,High,1,44,29,0,2,Mid Value / Moderate
CUS-004727,42,46.82,1976.13,Month-to-month,Medium,2,91,15,1,0,High Value / Loyal
CUS-004728,65,37.67,2418.42,Month-to-month,Low,3,90,35,1,2,Mid Value / Moderate
CUS-004729,59,75.2,4271.74,One year,Low,2,19,36,1,2,Mid Value / Moderate
CUS-004730,52,37.62,2008.27,One year,Medium,5,41,40,0,2,Mid Value / Moderate
CUS-004731,47,74.06,3629.58,One year,Medium,6,97,48,1,0,High Value / Loyal
CUS-004732,7,39.34,287.78,Month-to-month,High,6,38,37,1,3,New / At-Risk
CUS-004733,11,105.38,1179.02,Month-to-month,Low,0,74,23,0,0,High Value / Loyal
CUS-004734,61,122.08,7380.21,One year,Medium,4,65,24,0,1,Low Value / Dormant
CUS-004735,68,91.44,6204.33,Two year,Low,2,35,26,0,1,Low Value / Dormant
CUS-004736,25,108.41,2752.73,Month-to-month,Medium,0,11,4,1,3,New / At-Risk
CUS-004737,12,141.99,1758.92,Month-to-month,Medium,0,59,49,0,0,High Value / Loyal
CUS-004738,26,102.99,2644.11,Month-to-month,High,1,78,48,1,0,High Value / Loyal
CUS-004739,12,67.34,841.77,One year,Medium,9,70,20,1,0,High Value / Loyal
CUS-004740,43,78.43,3313.33,Two year,Low,7,43,42,1,2,Mid Value / Moderate
CUS-004741,51,131.87,6746.04,One year,Medium,3,89,34,0,1,Low Value / Dormant
CUS-004742,37,36.99,1431.91,Two year,Medium,9,87,5,1,0,High Value / Loyal
CUS-004743,46,62.35,2993.58,Month-to-month,Medium,2,5,8,0,2,Mid Value / Moderate
CUS-004744,53,95.05,5136.07,Month-to-month,Low,7,26,44,0,1,Low Value / Dormant
CUS-004745,13,107.93,1378.48,Two year,High,1,82,26,0,0,High Value / Loyal
CUS-004746,54,119.25,6258.83,Month-to-month,Medium,8,32,0,0,1,Low Value / Dormant
CUS-004747,57,61.37,3351.05,Month-to-month,High,3,47,29,0,2,Mid Value / Moderate
CUS-004748,4,38.96,159.1,Two year,Medium,8,56,14,0,0,High Value / Loyal
CUS-004749,49,144.13,7064.76,Month-to-month,Medium,0,85,31,0,1,Low Value / Dormant
CUS-004750,7,29.93,211.03,Month-to-month,Medium,4,90,19,0,0,High Value / Loyal
CUS-004751,11,32.45,356.02,Month-to-month,Medium,9,50,3,1,0,High Value / Loyal
CUS-004752,54,84.34,4546.73,One year,Medium,6,99,59,0,1,Low Value / Dormant
CUS-004753,45,126.51,5733.31,Month-to-month,Low,3,74,54,1,1,Low Value / Dormant
CUS-004754,23,120.69,2890.76,Month-to-month,Medium,4,58,33,1,0,High Value / Loyal
CUS-004755,28,141.9,3786.23,One year,Low,8,28,47,1,3,New / At-Risk
CUS-004756,57,38.41,2255.31,Two year,Medium,5,95,55,1,2,Mid Value / Moderate
CUS-004757,26,68.84,1770.36,Month-to-month,High,5,79,37,1,0,High Value / Loyal
CUS-004758,25,56.68,1451.67,One year,Medium,1,55,19,0,0,High Value / Loyal
CUS-004759,54,131.91,7442.81,One year,Medium,0,58,46,1,1,Low Value / Dormant
CUS-004760,29,83.49,2374.2,Month-to-month,Low,3,40,50,1,3,New / At-Risk
CUS-004761,36,23.49,810.94,Month-to-month,Medium,9,58,57,1,2,Mid Value / Moderate
CUS-004762,14,112.04,1526.51,One year,Low,2,72,27,1,0,High Value / Loyal
CUS-004763,35,70.53,2399.97,One year,Low,6,46,38,1,2,Mid Value / Moderate
CUS-004764,30,89.05,2736.08,Month-to-month,Low,6,74,24,0,0,High Value / Loyal
CUS-004765,17,136.19,2213.83,Month-to-month,High,5,45,10,1,3,New / At-Risk
CUS-004766,67,53.38,3415.59,Month-to-month,High,4,10,49,1,2,Mid Value / Moderate
CUS-004767,30,51.23,1566.79,One year,High,2,82,7,0,0,High Value / Loyal
CUS-004768,45,54.22,2453.51,One year,High,3,48,33,1,2,Mid Value / Moderate
CUS-004769,51,63.95,3234.83,One year,High,4,92,26,0,2,Mid Value / Moderate
CUS-004770,47,33.96,1607.96,One year,Low,3,62,43,0,2,Mid Value / Moderate
CUS-004771,53,110.64,6001.79,Two year,Medium,2,28,21,0,1,Low Value / Dormant
CUS-004772,64,46.96,2886.38,Two year,High,1,20,7,1,2,Mid Value / Moderate
CUS-004773,38,140.4,5363.59,One year,Medium,4,88,32,0,1,Low Value / Dormant
CUS-004774,64,48.04,3174.25,One year,Medium,1,70,38,0,2,Mid Value / Moderate
CUS-004775,7,53.23,367.51,Month-to-month,Medium,1,41,8,1,3,New / At-Risk
CUS-004776,22,58.61,1323.39,Month-to-month,Medium,1,96,53,1,0,High Value / Loyal
CUS-004777,41,119.91,5086.13,One year,Medium,1,6,21,0,1,Low Value / Dormant
CUS-004778,10,75.59,780.15,Two year,Medium,7,11,8,0,3,New / At-Risk
CUS-004779,57,126.51,7319.7,Month-to-month,Low,6,30,30,1,1,Low Value / Dormant
CUS-004780,7,122.03,872.78,One year,Low,8,3,33,1,3,New / At-Risk
CUS-004781,50,140.83,7244.26,Two year,High,2,72,3,0,1,Low Value / Dormant
CUS-004782,52,118.36,6298.48,Two year,Medium,0,33,45,0,1,Low Value / Dormant
CUS-004783,33,26.75,878.43,One year,High,5,54,13,0,2,Mid Value / Moderate
CUS-004784,1,128.85,124.45,Month-to-month,High,8,47,58,1,3,New / At-Risk
CUS-004785,53,141.95,7380.17,Month-to-month,Medium,0,83,7,0,1,Low Value / Dormant
CUS-004786,60,149.18,8688.74,Month-to-month,High,0,10,52,0,1,Low Value / Dormant
CUS-004787,34,36.28,1216.59,One year,Low,3,19,40,1,2,Mid Value / Moderate
CUS-004788,4,99.73,398.48,Month-to-month,High,9,9,34,1,3,New / At-Risk
CUS-004789,17,45.93,816.65,Month-to-month,Medium,0,7,21,1,3,New / At-Risk
CUS-004790,4,54.13,226.45,One year,High,8,61,53,0,0,High Value / Loyal
CUS-004791,43,116.93,5163.36,One year,High,5,14,50,1,1,Low Value / Dormant
CUS-004792,4,147.1,616.64,One year,Medium,4,2,5,1,3,New / At-Risk
CUS-004793,1,97.33,102.18,Two year,High,4,22,32,0,3,New / At-Risk
CUS-004794,71,130.58,9628.06,Month-to-month,Medium,1,60,52,0,1,Low Value / Dormant
CUS-004795,50,21.15,1013.27,Month-to-month,Low,2,45,17,0,2,Mid Value / Moderate
CUS-004796,61,24.76,1499.32,One year,High,6,20,7,0,2,Mid Value / Moderate
CUS-004797,35,97.57,3426.75,Month-to-month,High,3,26,6,0,3,New / At-Risk
CUS-004798,8,70.57,543.32,One year,Low,5,59,31,1,0,High Value / Loyal
CUS-004799,24,135.67,3356.54,One year,High,7,68,6,0,0,High Value / Loyal
CUS-004800,36,59.26,2058.33,One year,Medium,0,39,9,0,2,Mid Value / Moderate
CUS-004801,50,76.17,3763.9,Month-to-month,Low,5,23,35,1,2,Mid Value / Moderate
CUS-004802,43,88.63,3646.72,Two year,Medium,0,80,49,0,0,High Value / Loyal
CUS-004803,27,55.5,1502.05,Two year,High,7,25,50,0,3,New / At-Risk
CUS-004804,32,138.1,4462.22,Month-to-month,Medium,3,73,30,0,1,Low Value / Dormant
CUS-004805,18,80.39,1481.04,Month-to-month,High,4,53,30,1,0,High Value / Loyal
CUS-004806,28,75.14,2070.15,One year,High,9,11,9,1,3,New / At-Risk
CUS-004807,29,130.47,3817.82,Month-to-month,High,1,25,19,0,3,New / At-Risk
CUS-004808,16,60.56,991.6,One year,Low,2,31,50,1,3,New / At-Risk
CUS-004809,47,126.27,6090.22,Month-to-month,Medium,6,46,34,1,1,Low Value / Dormant
CUS-004810,59,35.9,2075.82,Two year,Low,6,27,28,0,2,Mid Value / Moderate
CUS-004811,31,43.76,1297.99,Month-to-month,Medium,7,63,29,1,0,High Value / Loyal
CUS-004812,4,143.61,547.88,Two year,High,2,47,48,0,3,New / At-Risk
CUS-004813,37,129.52,4920.63,Month-to-month,Low,1,14,30,0,1,Low Value / Dormant
CUS-004814,17,70.43,1183.54,Month-to-month,Medium,1,23,32,1,3,New / At-Risk
CUS-004815,39,103.0,3869.93,Month-to-month,High,5,16,55,1,3,New / At-Risk
CUS-004816,48,142.59,6628.19,Two year,High,1,20,39,0,1,Low Value / Dormant
CUS-004817,46,47.54,2245.12,One year,Low,3,3,48,0,2,Mid Value / Moderate
CUS-004818,48,27.67,1341.36,One year,Medium,8,6,3,0,2,Mid Value / Moderate
CUS-004819,39,89.87,3505.45,Month-to-month,High,9,29,33,1,3,New / At-Risk
CUS-004820,4,38.54,156.05,Month-to-month,Medium,2,4,16,0,3,New / At-Risk
CUS-004821,30,44.35,1282.31,One year,Medium,0,65,33,0,0,High Value / Loyal
CUS-004822,30,135.9,4003.23,One year,High,1,8,31,0,3,New / At-Risk
CUS-004823,22,20.96,455.37,Month-to-month,Medium,9,48,32,0,2,Mid Value / Moderate
CUS-004824,66,126.19,8173.82,Month-to-month,Medium,9,84,36,0,1,Low Value / Dormant
CUS-004825,12,87.2,1084.58,Month-to-month,Low,6,16,30,1,3,New / At-Risk
CUS-004826,36,92.71,3364.67,Month-to-month,High,8,47,25,0,3,New / At-Risk
CUS-004827,18,107.33,1976.24,One year,High,8,31,30,0,3,New / At-Risk
CUS-004828,53,76.09,3926.48,Month-to-month,High,3,96,30,1,2,Mid Value / Moderate
CUS-004829,71,35.03,2428.42,One year,Medium,7,98,27,0,2,Mid Value / Moderate
CUS-004830,1,33.37,32.45,One year,Medium,0,29,37,1,3,New / At-Risk
CUS-004831,58,118.07,6976.62,One year,Medium,5,76,43,1,1,Low Value / Dormant
CUS-004832,6,48.73,287.99,One year,Low,7,68,55,1,0,High Value / Loyal
CUS-004833,70,23.65,1640.01,Two year,High,1,43,9,1,2,Mid Value / Moderate
CUS-004834,44,147.35,6618.97,One year,Low,7,34,7,1,1,Low Value / Dormant
CUS-004835,24,147.45,3705.78,Two year,Medium,3,6,45,1,3,New / At-Risk
CUS-004836,19,69.16,1269.58,One year,High,1,49,35,0,3,New / At-Risk
CUS-004837,18,23.32,401.37,Month-to-month,High,3,60,18,1,0,High Value / Loyal
CUS-004838,30,114.54,3331.47,Month-to-month,Medium,7,51,27,0,3,New / At-Risk
CUS-004839,42,128.03,5503.67,Month-to-month,High,3,9,4,0,1,Low Value / Dormant
CUS-004840,33,36.25,1159.78,Month-to-month,Medium,7,5,23,0,3,New / At-Risk
CUS-004841,12,37.61,455.12,One year,Low,6,64,52,1,0,High Value / Loyal
CUS-004842,27,126.89,3456.95,One year,High,4,16,57,0,3,New / At-Risk
CUS-004843,39,139.85,5341.95,One year,High,7,59,6,0,1,Low Value / Dormant
CUS-004844,9,122.8,1057.52,Month-to-month,Medium,1,56,19,1,0,High Value / Loyal
CUS-004845,21,46.1,958.28,One year,Medium,2,65,1,0,0,High Value / Loyal
CUS-004846,29,73.5,2064.68,Month-to-month,Medium,3,84,56,1,0,High Value / Loyal
CUS-004847,33,98.11,3135.46,Month-to-month,Medium,9,35,42,1,3,New / At-Risk
CUS-004848,62,40.84,2537.68,One year,High,4,10,9,1,2,Mid Value / Moderate
CUS-004849,15,47.38,722.98,Month-to-month,Medium,4,89,17,0,0,High Value / Loyal
CUS-004850,2,56.78,108.73,Month-to-month,Medium,0,47,33,0,3,New / At-Risk
CUS-004851,52,86.24,4519.43,Month-to-month,Medium,0,92,13,0,1,Low Value / Dormant
CUS-004852,44,86.4,3705.31,Month-to-month,High,0,35,55,0,2,Mid Value / Moderate
CUS-004853,54,125.86,6914.13,Month-to-month,Medium,4,62,9,1,1,Low Value / Dormant
CUS-004854,18,117.89,2187.87,Month-to-month,High,1,33,37,1,3,New / At-Risk
CUS-004855,3,138.79,429.14,Month-to-month,Medium,2,15,31,0,3,New / At-Risk
CUS-004856,7,128.28,886.25,Month-to-month,Low,7,85,52,1,0,High Value / Loyal
CUS-004857,43,53.0,2294.51,One year,High,9,35,2,1,2,Mid Value / Moderate
CUS-004858,38,63.07,2466.99,Month-to-month,Medium,7,10,54,1,3,New / At-Risk
CUS-004859,37,85.06,3008.82,One year,Medium,9,80,47,1,0,High Value / Loyal
CUS-004860,58,21.86,1280.99,Month-to-month,Medium,1,20,7,1,2,Mid Value / Moderate
CUS-004861,33,137.51,4690.44,Two year,High,7,8,8,1,1,Low Value / Dormant
CUS-004862,59,25.76,1500.72,One year,High,8,95,10,0,2,Mid Value / Moderate
CUS-004863,11,61.92,678.05,Month-to-month,High,9,8,15,1,3,New / At-Risk
CUS-004864,68,93.99,6518.52,Month-to-month,Medium,9,13,33,1,1,Low Value / Dormant
CUS-004865,68,87.32,5681.14,Month-to-month,High,5,88,23,1,1,Low Value / Dormant
CUS-004866,22,105.08,2285.32,One year,Medium,0,76,30,1,0,High Value / Loyal
CUS-004867,66,88.58,5726.69,Month-to-month,Low,2,59,4,1,1,Low Value / Dormant
CUS-004868,44,49.77,2084.12,Month-to-month,Low,4,81,32,1,2,Mid Value / Moderate
CUS-004869,6,46.14,268.42,Two year,High,2,47,29,0,3,New / At-Risk
CUS-004870,42,137.94,5733.25,Month-to-month,Medium,2,60,57,1,1,Low Value / Dormant
CUS-004871,25,54.32,1316.81,One year,Medium,8,41,54,1,3,New / At-Risk
CUS-004872,57,56.53,3255.03,Two year,Medium,4,52,29,0,2,Mid Value / Moderate
CUS-004873,55,73.68,4031.8,Two year,High,7,76,14,0,2,Mid Value / Moderate
CUS-004874,16,38.13,581.94,One year,Medium,6,54,38,0,0,High Value / Loyal
CUS-004875,14,85.95,1176.17,Two year,High,3,36,15,0,3,New / At-Risk
CUS-004876,39,106.45,3952.21,Two year,High,2,77,25,0,1,Low Value / Dormant
CUS-004877,28,122.18,3372.51,Two year,High,2,99,11,0,0,High Value / Loyal
CUS-004878,51,112.49,5598.74,Month-to-month,Medium,1,69,18,0,1,Low Value / Dormant
CUS-004879,49,39.19,1956.58,Month-to-month,High,4,13,46,0,2,Mid Value / Moderate
CUS-004880,9,79.29,699.86,Month-to-month,Medium,1,72,58,0,0,High Value / Loyal
CUS-004881,58,25.02,1432.83,Two year,Medium,1,11,34,0,2,Mid Value / Moderate
CUS-004882,45,22.31,1026.74,Month-to-month,High,3,8,19,1,2,Mid Value / Moderate
CUS-004883,22,77.22,1695.53,Month-to-month,Medium,5,31,20,0,3,New / At-Risk
CUS-004884,32,52.88,1701.87,Month-to-month,High,5,62,52,1,0,High Value / Loyal
CUS-004885,69,108.84,7766.09,One year,High,7,12,36,0,1,Low Value / Dormant
CUS-004886,69,114.15,7645.57,One year,High,5,11,14,1,1,Low Value / Dormant
CUS-004887,42,136.4,6009.15,Month-to-month,Medium,5,17,53,0,1,Low Value / Dormant
CUS-004888,53,118.89,6553.21,One year,High,3,27,48,1,1,Low Value / Dormant
CUS-004889,59,26.27,1516.95,Month-to-month,Medium,4,77,15,0,2,Mid Value / Moderate
CUS-004890,39,68.31,2768.81,Month-to-month,Medium,6,13,15,0,3,New / At-Risk
CUS-004891,15,55.49,853.53,Two year,High,9,86,22,1,0,High Value / Loyal
CUS-004892,71,70.2,5198.69,One year,High,8,44,43,0,2,Mid Value / Moderate
CUS-004893,29,40.81,1206.11,Month-to-month,Low,3,58,3,0,0,High Value / Loyal
CUS-004894,3,32.7,99.82,Two year,High,9,88,28,1,0,High Value / Loyal
CUS-004895,10,87.73,833.72,Month-to-month,High,0,30,36,1,3,New / At-Risk
CUS-004896,29,113.65,3287.47,One year,High,5,13,23,0,3,New / At-Risk
CUS-004897,35,111.25,3776.99,One year,Low,1,8,7,0,3,New / At-Risk
CUS-004898,6,78.62,463.44,Month-to-month,High,6,69,43,1,0,High Value / Loyal
CUS-004899,12,87.9,1105.26,One year,Medium,5,64,4,0,0,High Value / Loyal
CUS-004900,38,87.12,3173.44,Month-to-month,Low,8,52,42,1,2,Mid Value / Moderate
CUS-004901,19,109.9,2134.64,Month-to-month,High,5,6,28,1,3,New / At-Risk
CUS-004902,67,26.23,1699.95,Month-to-month,Low,5,71,50,0,2,Mid Value / Moderate
CUS-004903,8,112.29,854.04,One year,Medium,3,54,9,1,0,High Value / Loyal
CUS-004904,8,95.69,765.6,One year,Low,8,22,55,1,3,New / At-Risk
CUS-004905,47,45.75,2077.59,One year,Medium,2,63,49,0,2,Mid Value / Moderate
CUS-004906,4,26.38,110.42,One year,Medium,0,94,43,0,0,High Value / Loyal
CUS-004907,51,34.11,1688.0,Month-to-month,High,9,79,8,1,2,Mid Value / Moderate
CUS-004908,67,88.21,5728.05,Month-to-month,High,7,37,21,0,1,Low Value / Dormant
CUS-004909,45,118.59,5087.02,Month-to-month,Medium,7,56,9,0,1,Low Value / Dormant
CUS-004910,8,63.51,499.4,Two year,Medium,0,41,19,0,3,New / At-Risk
CUS-004911,16,69.29,1055.82,Two year,Low,8,60,19,0,0,High Value / Loyal
CUS-004912,67,141.44,9475.36,Two year,Medium,1,20,50,0,1,Low Value / Dormant
CUS-004913,9,47.69,429.47,Month-to-month,High,5,95,26,0,0,High Value / Loyal
CUS-004914,60,33.49,1919.48,One year,Low,8,69,52,1,2,Mid Value / Moderate
CUS-004915,71,64.64,4470.37,One year,Medium,5,45,37,0,2,Mid Value / Moderate
CUS-004916,15,116.97,1812.82,One year,High,6,58,9,0,0,High Value / Loyal
CUS-004917,71,101.39,7171.73,One year,Medium,8,76,18,0,1,Low Value / Dormant
CUS-004918,41,74.05,3016.34,Month-to-month,Medium,4,37,40,0,2,Mid Value / Moderate
CUS-004919,22,145.42,3262.78,One year,High,0,94,29,0,0,High Value / Loyal
CUS-004920,24,115.55,2832.78,One year,Low,8,39,15,0,3,New / At-Risk
CUS-004921,44,28.04,1266.17,Month-to-month,High,9,3,39,0,2,Mid Value / Moderate
CUS-004922,1,116.8,120.66,Two year,Medium,6,77,11,0,0,High Value / Loyal
CUS-004923,10,23.13,225.06,One year,High,7,75,53,1,0,High Value / Loyal
CUS-004924,56,104.54,5600.5,One year,Medium,1,74,4,0,1,Low Value / Dormant
CUS-004925,50,47.36,2339.78,One year,Medium,4,94,42,0,2,Mid Value / Moderate
CUS-004926,12,110.54,1373.55,One year,Medium,7,73,50,1,0,High Value / Loyal
CUS-004927,60,60.27,3463.68,Month-to-month,Low,6,94,2,1,2,Mid Value / Moderate
CUS-004928,26,133.49,3497.12,One year,Medium,6,93,23,0,0,High Value / Loyal
CUS-004929,41,63.8,2668.35,Month-to-month,Medium,3,38,53,0,2,Mid Value / Moderate
CUS-004930,36,100.56,3613.45,Two year,Medium,1,46,25,1,3,New / At-Risk
CUS-004931,23,57.17,1282.73,Month-to-month,High,9,49,30,1,0,High Value / Loyal
CUS-004932,43,139.24,5883.28,Month-to-month,Medium,2,34,46,1,1,Low Value / Dormant
CUS-004933,6,121.53,697.94,Two year,Medium,8,26,58,1,3,New / At-Risk
CUS-004934,69,51.63,3488.54,Month-to-month,Medium,3,2,53,0,2,Mid Value / Moderate
CUS-004935,43,143.34,5882.94,Month-to-month,High,0,56,51,0,1,Low Value / Dormant
CUS-004936,25,66.43,1698.35,Two year,Low,9,7,2,1,3,New / At-Risk
CUS-004937,18,104.74,1960.4,Month-to-month,Medium,3,36,53,0,3,New / At-Risk
CUS-004938,62,116.57,7323.89,Month-to-month,Medium,7,40,0,0,1,Low Value / Dormant
CUS-004939,13,22.98,303.39,Month-to-month,Medium,7,78,10,0,0,High Value / Loyal
CUS-004940,43,144.67,6203.3,Two year,Medium,9,91,44,1,1,Low Value / Dormant
CUS-004941,28,64.78,1751.38,Month-to-month,High,9,26,4,0,3,New / At-Risk
CUS-004942,18,44.67,764.5,One year,High,1,84,6,0,0,High Value / Loyal
CUS-004943,59,130.59,7584.71,Month-to-month,Medium,9,99,32,0,1,Low Value / Dormant
CUS-004944,60,111.38,6850.67,Month-to-month,Medium,3,75,12,0,1,Low Value / Dormant
CUS-004945,63,31.28,2061.15,Month-to-month,Medium,6,90,41,0,2,Mid Value / Moderate
CUS-004946,57,35.22,1993.47,Two year,Medium,7,99,30,1,2,Mid Value / Moderate
CUS-004947,51,112.97,5684.16,One year,Low,0,69,59,0,1,Low Value / Dormant
CUS-004948,56,29.72,1655.43,Month-to-month,Medium,7,16,51,1,2,Mid Value / Moderate
CUS-004949,27,139.23,3732.13,Month-to-month,Medium,0,75,49,1,0,High Value / Loyal
CUS-004950,32,116.4,3771.69,Month-to-month,Medium,5,97,12,0,0,High Value / Loyal
CUS-004951,9,63.61,585.93,One year,Medium,4,9,0,0,3,New / At-Risk
CUS-004952,68,67.18,4698.56,Month-to-month,High,9,22,48,1,2,Mid Value / Moderate
CUS-004953,46,85.84,4007.92,Month-to-month,Medium,6,5,43,1,3,New / At-Risk
CUS-004954,67,66.93,4456.12,One year,Medium,5,84,54,0,2,Mid Value / Moderate
CUS-004955,26,121.85,3310.72,Month-to-month,Medium,9,43,37,1,3,New / At-Risk
CUS-004956,8,146.72,1198.49,Month-to-month,Medium,0,98,38,1,0,High Value / Loyal
CUS-004957,6,95.99,571.7,Month-to-month,Medium,5,30,32,1,3,New / At-Risk
CUS-004958,24,77.98,1861.64,Month-to-month,Medium,2,74,41,0,0,High Value / Loyal
CUS-004959,48,48.96,2424.84,Month-to-month,Medium,5,32,59,1,2,Mid Value / Moderate
CUS-004960,45,104.95,4694.51,Month-to-month,High,6,88,34,0,1,Low Value / Dormant
CUS-004961,13,109.12,1420.93,One year,High,5,17,38,0,3,New / At-Risk
CUS-004962,69,109.07,7369.28,Month-to-month,Medium,8,67,41,1,1,Low Value / Dormant
CUS-004963,25,23.51,607.62,Month-to-month,Medium,8,26,41,1,3,New / At-Risk
CUS-004964,20,136.89,2743.82,One year,High,7,12,8,0,3,New / At-Risk
CUS-004965,66,63.95,4243.13,One year,High,4,37,5,0,2,Mid Value / Moderate
CUS-004966,45,116.74,5453.35,Month-to-month,Medium,9,42,55,1,1,Low Value / Dormant
CUS-004967,47,118.77,5817.17,Month-to-month,High,2,57,40,1,1,Low Value / Dormant
CUS-004968,63,104.57,6801.63,Month-to-month,Low,3,12,54,0,1,Low Value / Dormant
CUS-004969,55,71.33,3752.78,Two year,High,9,46,8,1,2,Mid Value / Moderate
CUS-004970,19,99.09,1872.07,One year,Medium,7,97,26,0,0,High Value / Loyal
CUS-004971,35,25.23,869.07,Month-to-month,Low,8,27,41,1,2,Mid Value / Moderate
CUS-004972,53,119.05,6128.71,Month-to-month,Low,7,78,28,1,1,Low Value / Dormant
CUS-004973,26,32.95,891.64,One year,Medium,9,7,3,1,3,New / At-Risk
CUS-004974,14,71.58,1041.17,Month-to-month,Medium,2,38,24,0,3,New / At-Risk
CUS-004975,45,33.47,1500.94,One year,Medium,6,48,15,0,2,Mid Value / Moderate
CUS-004976,44,128.82,5460.93,Two year,Medium,7,42,56,0,1,Low Value / Dormant
CUS-004977,65,91.54,5660.51,Month-to-month,Medium,2,27,33,0,1,Low Value / Dormant
CUS-004978,51,109.82,5566.57,Month-to-month,High,0,10,10,0,1,Low Value / Dormant
CUS-004979,43,108.74,4460.53,Month-to-month,High,6,42,8,1,1,Low Value / Dormant
CUS-004980,23,129.41,3009.01,Month-to-month,Medium,2,58,34,1,0,High Value / Loyal
CUS-004981,56,37.23,2107.71,One year,Medium,0,41,26,0,2,Mid Value / Moderate
CUS-004982,19,105.76,2089.7,Month-to-month,Medium,6,9,38,1,3,New / At-Risk
CUS-004983,55,94.77,5050.66,Month-to-month,Medium,6,98,44,0,1,Low Value / Dormant
CUS-004984,60,24.02,1422.47,One year,High,3,46,58,0,2,Mid Value / Moderate
CUS-004985,59,46.18,2822.89,Two year,Medium,1,93,44,1,2,Mid Value / Moderate
CUS-004986,33,54.78,1803.24,Month-to-month,Medium,9,82,59,1,0,High Value / Loyal
CUS-004987,19,29.43,534.59,Month-to-month,High,4,54,50,1,0,High Value / Loyal
CUS-004988,28,66.11,1779.13,Month-to-month,Low,8,93,27,1,0,High Value / Loyal
CUS-004989,52,23.54,1262.25,One year,High,5,94,42,0,2,Mid Value / Moderate
CUS-004990,49,91.91,4613.53,Month-to-month,Low,9,59,4,1,1,Low Value / Dormant
CUS-004991,37,47.5,1823.37,Month-to-month,Medium,8,13,15,1,3,New / At-Risk
CUS-004992,26,57.31,1433.28,Two year,Medium,0,86,27,0,0,High Value / Loyal
CUS-004993,40,138.36,5678.58,Month-to-month,High,1,16,1,1,1,Low Value / Dormant
CUS-004994,38,85.37,3294.23,Month-to-month,High,5,45,41,1,2,Mid Value / Moderate
CUS-004995,54,54.97,2889.01,Two year,Medium,2,32,9,0,2,Mid Value / Moderate
CUS-004996,22,97.8,2253.57,Month-to-month,Medium,1,40,18,0,3,New / At-Risk
CUS-004997,16,46.22,744.68,Month-to-month,Medium,5,90,57,0,0,High Value / Loyal
CUS-004998,28,29.67,864.6,Month-to-month,Medium,6,95,19,0,0,High Value / Loyal
CUS-004999,35,22.72,823.68,One year,High,3,44,57,0,2,Mid Value / Moderate
CUS-005000,60,143.7,8478.05,Two year,High,9,83,59,1,1,Low Value / Dormant
CUS-005001,45,114.2,5157.45,One year,High,8,98,59,1,1,Low Value / Dormant
CUS-005002,46,123.99,5664.54,Month-to-month,Medium,2,47,37,1,1,Low Value / Dormant
CUS-005003,55,147.52,8283.2,Month-to-month,Medium,1,70,58,1,1,Low Value / Dormant
CUS-005004,26,141.11,3701.21,One year,Medium,4,60,53,0,1,Low Value / Dormant
CUS-005005,25,115.8,2977.43,One year,Medium,8,35,47,1,3,New / At-Risk
CUS-005006,65,110.22,6814.4,One year,Medium,0,75,44,0,1,Low Value / Dormant
CUS-005007,6,63.79,389.93,One year,Low,5,60,50,0,0,High Value / Loyal
CUS-005008,23,33.52,757.06,Two year,Medium,7,37,34,0,3,New / At-Risk
CUS-005009,64,94.58,5886.43,Month-to-month,Medium,6,22,40,1,1,Low Value / Dormant
CUS-005010,43,94.91,4204.2,Month-to-month,Medium,5,13,9,1,3,New / At-Risk
CUS-005011,23,143.79,3171.34,Two year,Low,2,16,47,1,3,New / At-Risk
CUS-005012,30,77.53,2262.87,Month-to-month,Medium,8,90,49,1,0,High Value / Loyal
CUS-005013,18,109.8,1917.93,Month-to-month,Medium,4,86,35,1,0,High Value / Loyal
CUS-005014,21,94.75,1973.72,One year,High,0,60,52,1,0,High Value / Loyal
CUS-005015,57,42.98,2406.27,Month-to-month,Low,8,42,55,1,2,Mid Value / Moderate
CUS-005016,23,96.97,2279.44,Month-to-month,Medium,9,13,55,1,3,New / At-Risk
CUS-005017,45,90.22,4140.62,Two year,Low,8,87,53,1,0,High Value / Loyal
CUS-005018,44,84.21,3640.48,Month-to-month,Low,0,63,15,1,2,Mid Value / Moderate
CUS-005019,47,86.74,4051.32,Month-to-month,Low,6,32,49,1,2,Mid Value / Moderate
CUS-005020,40,41.32,1604.46,Month-to-month,Medium,8,23,25,0,2,Mid Value / Moderate
CUS-005021,51,80.25,4162.78,Two year,High,1,43,30,0,2,Mid Value / Moderate
CUS-005022,42,98.73,4103.83,Month-to-month,High,9,32,41,1,1,Low Value / Dormant
CUS-005023,7,83.63,563.9,One year,Medium,5,28,0,1,3,New / At-Risk
CUS-005024,50,83.53,4020.79,Month-to-month,Medium,9,33,22,0,2,Mid Value / Moderate
CUS-005025,48,30.08,1418.06,Month-to-month,Medium,0,26,41,1,2,Mid Value / Moderate
CUS-005026,6,44.8,275.45,One year,Medium,2,94,48,0,0,High Value / Loyal
CUS-005027,9,61.73,529.18,Month-to-month,Medium,4,81,26,0,0,High Value / Loyal
CUS-005028,57,74.52,4144.48,Month-to-month,Low,6,42,18,1,2,Mid Value / Moderate
CUS-005029,31,97.21,2911.86,One year,Low,4,29,15,0,3,New / At-Risk
CUS-005030,21,132.23,2903.69,Month-to-month,High,7,2,56,1,3,New / At-Risk
CUS-005031,40,40.69,1661.07,Two year,Low,4,34,37,1,2,Mid Value / Moderate
CUS-005032,45,21.96,961.9,Month-to-month,Medium,5,38,7,0,2,Mid Value / Moderate
CUS-005033,49,78.4,3729.26,One year,Low,1,12,15,1,2,Mid Value / Moderate
CUS-005034,20,76.17,1578.01,Two year,High,4,52,11,1,0,High Value / Loyal
CUS-005035,17,91.75,1511.39,Month-to-month,Medium,6,21,8,0,3,New / At-Risk
CUS-005036,28,128.32,3771.52,Month-to-month,Low,0,91,47,1,0,High Value / Loyal
CUS-005037,41,124.31,4985.63,Month-to-month,Medium,9,40,6,0,1,Low Value / Dormant
CUS-005038,66,33.01,2087.82,Two year,High,8,67,39,0,2,Mid Value / Moderate
CUS-005039,25,141.42,3602.99,One year,High,8,49,51,1,3,New / At-Risk
CUS-005040,58,34.35,2014.37,Month-to-month,Medium,7,26,36,1,2,Mid Value / Moderate
CUS-005041,41,102.49,4412.3,Month-to-month,Low,8,52,22,1,1,Low Value / Dormant
CUS-005042,6,107.41,663.95,Month-to-month,Low,4,62,40,1,0,High Value / Loyal
CUS-005043,38,108.38,4089.29,One year,High,6,69,7,0,1,Low Value / Dormant
CUS-005044,6,54.5,332.75,Two year,High,0,61,22,0,0,High Value / Loyal
CUS-005045,45,62.94,2922.55,Month-to-month,Medium,6,84,19,1,2,Mid Value / Moderate
CUS-005046,14,91.33,1280.35,One year,Medium,8,46,47,0,3,New / At-Risk
CUS-005047,66,45.95,2963.58,Month-to-month,High,2,72,10,0,2,Mid Value / Moderate
CUS-005048,40,22.64,879.36,One year,Medium,8,92,0,0,2,Mid Value / Moderate
CUS-005049,3,93.08,273.52,Month-to-month,Medium,4,29,48,0,3,New / At-Risk
CUS-005050,24,80.49,1998.9,One year,Medium,8,50,43,1,3,New / At-Risk
CUS-005051,19,105.38,1978.19,Two year,Low,7,2,4,1,3,New / At-Risk
CUS-005052,18,39.07,688.28,One year,Medium,6,64,13,0,0,High Value / Loyal
CUS-005053,64,129.32,8529.66,Two year,High,9,66,6,0,1,Low Value / Dormant
CUS-005054,35,39.01,1301.4,Month-to-month,High,5,43,58,1,2,Mid Value / Moderate
CUS-005055,62,135.87,8503.38,Two year,Medium,1,87,59,1,1,Low Value / Dormant
CUS-005056,1,78.44,81.37,Two year,High,6,10,23,0,3,New / At-Risk
CUS-005057,25,91.47,2266.3,Month-to-month,Medium,1,53,38,0,0,High Value / Loyal
CUS-005058,45,136.56,6003.25,Month-to-month,Low,5,92,3,1,1,Low Value / Dormant
CUS-005059,49,58.99,2888.05,Two year,Low,5,83,46,1,2,Mid Value / Moderate
CUS-005060,16,43.64,713.38,Month-to-month,High,8,28,26,1,3,New / At-Risk
CUS-005061,19,77.95,1483.47,Month-to-month,Medium,9,95,6,1,0,High Value / Loyal
CUS-005062,23,51.77,1132.03,One year,High,3,2,53,0,3,New / At-Risk
CUS-005063,25,88.62,2122.07,Month-to-month,Medium,8,29,23,1,3,New / At-Risk
CUS-005064,16,55.78,912.29,One year,Medium,1,52,8,0,0,High Value / Loyal
CUS-005065,54,132.38,7077.19,Month-to-month,Medium,4,14,0,1,1,Low Value / Dormant
CUS-005066,1,98.95,101.77,Month-to-month,High,2,28,33,1,3,New / At-Risk
CUS-005067,42,20.03,853.89,One year,Low,5,1,39,0,2,Mid Value / Moderate
CUS-005068,19,124.71,2388.84,One year,High,1,59,30,0,0,High Value / Loyal
CUS-005069,34,62.93,2225.41,Two year,Medium,9,44,38,1,2,Mid Value / Moderate
CUS-005070,55,61.63,3227.24,One year,Low,8,80,22,0,2,Mid Value / Moderate
CUS-005071,18,69.8,1213.03,Month-to-month,Low,3,85,2,1,0,High Value / Loyal
CUS-005072,34,101.93,3508.87,One year,High,6,78,38,0,0,High Value / Loyal
CUS-005073,45,77.47,3334.7,One year,Low,4,43,19,1,2,Mid Value / Moderate
CUS-005074,6,101.72,619.18,Two year,Medium,7,17,57,0,3,New / At-Risk
CUS-005075,21,39.08,860.44,One year,Medium,3,54,47,0,0,High Value / Loyal
CUS-005076,70,146.12,10615.96,One year,Low,6,15,25,1,1,Low Value / Dormant
CUS-005077,48,114.85,5562.86,Month-to-month,Medium,4,48,33,1,1,Low Value / Dormant
CUS-005078,39,52.53,2129.26,Two year,High,2,95,31,0,0,High Value / Loyal
CUS-005079,31,114.14,3402.62,One year,High,7,46,32,1,3,New / At-Risk
CUS-005080,10,94.75,943.24,Month-to-month,Low,5,49,39,1,3,New / At-Risk
CUS-005081,30,34.19,1018.52,One year,High,3,36,4,0,2,Mid Value / Moderate
CUS-005082,18,43.17,764.27,One year,Medium,8,14,9,0,3,New / At-Risk
CUS-005083,60,25.37,1446.12,Month-to-month,Medium,8,91,35,1,2,Mid Value / Moderate
CUS-005084,15,125.2,1951.45,One year,Medium,1,3,29,1,3,New / At-Risk
CUS-005085,4,91.72,377.08,Month-to-month,Medium,9,6,8,1,3,New / At-Risk
CUS-005086,63,61.18,3913.09,One year,High,8,91,45,1,2,Mid Value / Moderate
CUS-005087,40,36.42,1402.93,Month-to-month,Medium,3,22,31,1,2,Mid Value / Moderate
CUS-005088,9,82.93,737.24,Month-to-month,Low,8,22,20,1,3,New / At-Risk
CUS-005089,9,88.28,828.27,Month-to-month,Medium,9,36,41,1,3,New / At-Risk
CUS-005090,26,111.25,2926.41,Month-to-month,Medium,7,96,49,0,0,High Value / Loyal
CUS-005091,4,146.09,590.41,Month-to-month,Medium,9,91,56,0,0,High Value / Loyal
CUS-005092,16,76.54,1275.28,Two year,Medium,2,71,25,0,0,High Value / Loyal
CUS-005093,15,72.78,1098.3,Month-to-month,Medium,9,50,22,0,0,High Value / Loyal
CUS-005094,52,68.09,3575.29,Two year,Medium,6,76,8,0,2,Mid Value / Moderate
CUS-005095,69,127.5,8661.78,One year,High,1,80,4,1,1,Low Value / Dormant
CUS-005096,5,40.32,199.01,Two year,High,1,69,54,0,0,High Value / Loyal
CUS-005097,20,64.7,1317.93,Month-to-month,Low,3,35,7,0,3,New / At-Risk
CUS-005098,18,114.25,2019.51,Month-to-month,Medium,9,9,43,0,3,New / At-Risk
CUS-005099,2,22.04,44.34,One year,High,6,29,51,1,3,New / At-Risk
CUS-005100,13,57.62,732.51,One year,Low,3,27,55,1,3,New / At-Risk
CUS-005101,4,103.39,399.75,Month-to-month,High,1,57,54,1,0,High Value / Loyal
CUS-005102,42,44.17,1846.84,Month-to-month,Medium,1,96,50,0,0,High Value / Loyal
CUS-005103,61,59.35,3518.2,Month-to-month,High,4,74,45,1,2,Mid Value / Moderate
CUS-005104,8,83.19,692.01,Month-to-month,Medium,2,89,42,1,0,High Value / Loyal
CUS-005105,67,74.86,4917.32,Month-to-month,Medium,2,59,10,1,2,Mid Value / Moderate
CUS-005106,63,33.78,2149.09,One year,High,0,42,55,1,2,Mid Value / Moderate
CUS-005107,9,141.97,1247.51,One year,High,2,53,35,1,3,New / At-Risk
CUS-005108,11,25.76,276.48,Two year,High,3,38,17,0,3,New / At-Risk
CUS-005109,42,117.47,4859.91,Month-to-month,Medium,5,89,30,1,1,Low Value / Dormant
CUS-005110,13,29.28,396.54,One year,Medium,5,4,40,1,3,New / At-Risk
CUS-005111,36,80.75,2875.4,Month-to-month,High,4,52,7,0,2,Mid Value / Moderate
CUS-005112,13,42.8,574.32,Month-to-month,Medium,3,44,35,0,3,New / At-Risk
CUS-005113,12,38.34,446.18,One year,Medium,5,23,50,0,3,New / At-Risk
CUS-005114,37,36.37,1284.77,One year,High,4,74,18,0,2,Mid Value / Moderate
CUS-005115,52,78.86,4216.35,Two year,High,9,70,21,1,2,Mid Value / Moderate
CUS-005116,71,87.01,6203.8,One year,Medium,0,77,1,0,1,Low Value / Dormant
CUS-005117,2,37.34,74.71,Month-to-month,Medium,1,95,10,0,0,High Value / Loyal
CUS-005118,56,147.32,8062.07,Month-to-month,High,8,69,2,1,1,Low Value / Dormant
CUS-005119,60,53.51,3073.26,One year,Medium,9,60,32,0,2,Mid Value / Moderate
CUS-005120,23,79.65,1828.8,One year,Low,3,4,9,1,3,New / At-Risk
CUS-005121,40,48.12,1995.28,Month-to-month,Medium,5,3,52,1,3,New / At-Risk
CUS-005122,64,84.21,5184.65,Month-to-month,High,4,94,44,0,1,Low Value / Dormant
CUS-005123,23,118.28,2837.25,Two year,Medium,1,23,2,0,3,New / At-Risk
CUS-005124,29,87.74,2487.23,One year,High,0,37,58,1,3,New / At-Risk
CUS-005125,51,57.13,2923.23,Month-to-month,Low,0,18,38,0,2,Mid Value / Moderate
CUS-005126,69,52.29,3451.71,Two year,Medium,0,99,56,0,2,Mid Value / Moderate
CUS-005127,31,118.66,3650.93,One year,Low,5,5,36,1,3,New / At-Risk
CUS-005128,50,35.37,1702.39,Month-to-month,Medium,9,41,33,1,2,Mid Value / Moderate
CUS-005129,20,68.1,1300.35,Month-to-month,Medium,6,92,49,0,0,High Value / Loyal
CUS-005130,55,39.69,2284.96,One year,High,6,38,27,0,2,Mid Value / Moderate
CUS-005131,2,53.54,109.54,Month-to-month,Low,8,47,13,1,3,New / At-Risk
CUS-005132,25,39.85,1018.04,Two year,Low,2,82,51,0,0,High Value / Loyal
CUS-005133,13,135.28,1686.64,Two year,Low,8,72,57,1,0,High Value / Loyal
CUS-005134,70,115.15,8406.4,Month-to-month,Low,0,12,27,1,1,Low Value / Dormant
CUS-005135,67,92.92,6206.67,One year,Medium,1,30,29,0,1,Low Value / Dormant
CUS-005136,58,49.18,2952.64,One year,High,6,86,29,0,2,Mid Value / Moderate
CUS-005137,64,86.33,5255.8,Month-to-month,Medium,1,6,56,1,1,Low Value / Dormant
CUS-005138,69,87.71,5929.75,One year,High,9,61,26,0,1,Low Value / Dormant
CUS-005139,59,96.75,5991.56,One year,Medium,3,94,1,0,1,Low Value / Dormant
CUS-005140,60,27.81,1656.62,One year,High,1,72,36,1,2,Mid Value / Moderate
CUS-005141,62,146.48,9434.4,Month-to-month,Low,1,64,12,1,1,Low Value / Dormant
CUS-005142,16,80.51,1265.96,One year,High,0,93,38,0,0,High Value / Loyal
CUS-005143,68,140.45,9574.73,Month-to-month,High,8,95,41,0,1,Low Value / Dormant
CUS-005144,15,21.28,330.43,Month-to-month,Medium,9,69,27,1,0,High Value / Loyal
CUS-005145,55,52.18,2900.41,Month-to-month,Medium,2,11,19,1,2,Mid Value / Moderate
CUS-005146,35,33.52,1199.6,One year,High,0,62,38,0,2,Mid Value / Moderate
CUS-005147,55,120.05,6423.71,Month-to-month,Medium,9,17,54,1,1,Low Value / Dormant
CUS-005148,14,61.62,832.94,Month-to-month,Medium,5,77,49,1,0,High Value / Loyal
CUS-005149,49,129.26,6163.12,Month-to-month,Medium,7,20,17,1,1,Low Value / Dormant
CUS-005150,7,128.21,896.85,Two year,High,6,95,33,0,0,High Value / Loyal
CUS-005151,30,106.81,3300.84,Month-to-month,High,6,26,56,0,3,New / At-Risk
CUS-005152,49,106.55,5144.8,One year,Medium,1,92,47,0,1,Low Value / Dormant
CUS-005153,16,111.02,1787.85,Month-to-month,Low,3,59,44,0,0,High Value / Loyal
CUS-005154,51,107.59,5654.31,One year,High,5,25,16,0,1,Low Value / Dormant
CUS-005155,42,70.3,2875.39,One year,High,1,18,37,0,2,Mid Value / Moderate
CUS-005156,17,108.77,1919.86,Month-to-month,Medium,4,96,22,0,0,High Value / Loyal
CUS-005157,63,136.66,8999.86,Month-to-month,Medium,4,29,30,0,1,Low Value / Dormant
CUS-005158,45,63.23,2714.37,Month-to-month,Medium,2,67,8,1,2,Mid Value / Moderate
CUS-005159,7,142.84,955.77,One year,Low,1,35,34,0,3,New / At-Risk
CUS-005160,27,21.77,563.63,Month-to-month,High,6,15,24,0,3,New / At-Risk
CUS-005161,10,65.38,671.9,One year,High,7,51,38,0,0,High Value / Loyal
CUS-005162,34,37.17,1224.61,Month-to-month,Low,3,3,29,1,3,New / At-Risk
CUS-005163,36,36.46,1342.21,Month-to-month,High,3,21,4,1,2,Mid Value / Moderate
CUS-005164,25,126.01,3131.65,One year,High,8,61,27,0,0,High Value / Loyal
CUS-005165,6,139.39,864.45,Month-to-month,Medium,3,3,52,1,3,New / At-Risk
CUS-005166,24,121.11,2996.29,Two year,Medium,9,53,6,1,3,New / At-Risk
CUS-005167,18,146.96,2766.87,Two year,Low,2,35,41,0,3,New / At-Risk
CUS-005168,6,48.12,281.55,Month-to-month,Low,0,50,53,1,0,High Value / Loyal
CUS-005169,29,38.3,1080.74,One year,Medium,2,8,55,0,3,New / At-Risk
CUS-005170,25,87.69,2089.58,Month-to-month,Low,4,48,41,1,3,New / At-Risk
CUS-005171,55,127.77,6964.66,One year,High,1,3,41,0,1,Low Value / Dormant
CUS-005172,46,25.18,1153.5,Month-to-month,High,4,54,56,1,2,Mid Value / Moderate
CUS-005173,24,149.42,3752.75,Two year,Low,8,75,37,0,0,High Value / Loyal
CUS-005174,26,98.29,2640.13,Month-to-month,Low,9,2,18,0,3,New / At-Risk
CUS-005175,28,147.26,3985.95,Two year,Medium,5,33,59,1,1,Low Value / Dormant
CUS-005176,3,67.46,208.42,One year,High,2,72,24,0,0,High Value / Loyal
CUS-005177,38,79.54,2925.4,Month-to-month,High,4,12,17,0,3,New / At-Risk
CUS-005178,61,117.81,6882.8,Month-to-month,Medium,0,19,52,1,1,Low Value / Dormant
CUS-005179,51,123.05,6487.14,One year,High,7,18,46,0,1,Low Value / Dormant
CUS-005180,48,50.29,2529.03,Month-to-month,Low,8,50,25,1,2,Mid Value / Moderate
CUS-005181,21,140.87,2836.51,Two year,Medium,4,85,44,1,0,High Value / Loyal
CUS-005182,54,132.77,7394.37,Two year,Medium,8,22,19,1,1,Low Value / Dormant
CUS-005183,56,22.37,1297.53,One year,Medium,7,30,1,1,2,Mid Value / Moderate
CUS-005184,59,36.71,2083.54,One year,Medium,7,82,29,0,2,Mid Value / Moderate
CUS-005185,51,84.49,4215.73,Month-to-month,Medium,1,6,21,0,2,Mid Value / Moderate
CUS-005186,20,79.92,1635.83,Two year,Medium,4,1,59,1,3,New / At-Risk
CUS-005187,59,112.09,6816.87,Month-to-month,Medium,7,9,41,1,1,Low Value / Dormant
CUS-005188,71,31.66,2215.21,Month-to-month,Medium,2,52,54,0,2,Mid Value / Moderate
CUS-005189,9,103.83,902.7,Month-to-month,Low,0,80,33,0,0,High Value / Loyal
CUS-005190,1,100.13,101.61,Two year,Low,3,29,34,0,3,New / At-Risk
CUS-005191,29,50.37,1490.25,Month-to-month,Low,3,62,4,0,0,High Value / Loyal
CUS-005192,63,90.51,5704.26,Two year,Medium,9,29,56,1,1,Low Value / Dormant
CUS-005193,56,48.89,2640.47,Month-to-month,Low,3,5,14,1,2,Mid Value / Moderate
CUS-005194,68,39.1,2750.39,Month-to-month,High,3,83,38,0,2,Mid Value / Moderate
CUS-005195,35,94.51,3355.81,One year,Low,8,22,14,1,3,New / At-Risk
CUS-005196,3,147.07,457.5,Month-to-month,Medium,0,49,27,0,3,New / At-Risk
CUS-005197,7,50.8,371.01,Month-to-month,High,8,8,11,1,3,New / At-Risk
CUS-005198,27,66.19,1841.87,One year,Low,6,82,2,0,0,High Value / Loyal
CUS-005199,1,53.35,55.8,Month-to-month,Medium,4,78,9,0,0,High Value / Loyal
CUS-005200,71,54.64,4055.65,Month-to-month,Medium,1,68,35,0,2,Mid Value / Moderate
CUS-005201,44,72.54,3230.07,Month-to-month,Medium,9,40,6,1,2,Mid Value / Moderate
CUS-005202,41,111.24,4664.96,One year,Medium,9,91,42,1,1,Low Value / Dormant
CUS-005203,42,25.04,1072.85,One year,Medium,9,24,16,0,2,Mid Value / Moderate
CUS-005204,33,144.43,4823.8,Month-to-month,Low,3,94,19,0,1,Low Value / Dormant
CUS-005205,50,26.02,1238.3,Month-to-month,High,3,76,46,1,2,Mid Value / Moderate
CUS-005206,63,134.56,8355.31,Month-to-month,High,3,13,48,0,1,Low Value / Dormant
CUS-005207,37,136.27,4840.32,Month-to-month,Low,1,50,45,1,1,Low Value / Dormant
CUS-005208,59,88.18,5098.91,One year,Medium,7,45,52,0,1,Low Value / Dormant
CUS-005209,48,37.81,1736.56,Month-to-month,Low,3,4,27,1,2,Mid Value / Moderate
CUS-005210,5,93.47,486.97,One year,Low,8,90,11,1,0,High Value / Loyal
CUS-005211,48,101.72,4858.9,Two year,Low,1,63,17,1,1,Low Value / Dormant
CUS-005212,3,131.51,382.27,Two year,High,6,65,56,0,0,High Value / Loyal
CUS-005213,47,91.62,4342.48,Month-to-month,Medium,4,27,44,1,1,Low Value / Dormant
CUS-005214,62,73.39,4412.19,One year,High,4,87,50,0,2,Mid Value / Moderate
CUS-005215,14,128.98,1860.66,Two year,Medium,6,63,36,1,0,High Value / Loyal
CUS-005216,63,147.52,9113.62,Month-to-month,High,3,11,11,1,1,Low Value / Dormant
CUS-005217,61,103.86,6218.4,Two year,Low,2,42,7,1,1,Low Value / Dormant
CUS-005218,31,133.67,4297.08,Two year,Medium,8,85,39,0,1,Low Value / Dormant
CUS-005219,17,97.84,1673.05,Month-to-month,Medium,2,86,40,0,0,High Value / Loyal
CUS-005220,24,109.67,2734.08,Month-to-month,Medium,4,92,59,1,0,High Value / Loyal
CUS-005221,23,109.46,2495.69,Month-to-month,High,1,38,50,0,3,New / At-Risk
CUS-005222,50,111.62,5494.01,Month-to-month,Low,6,70,18,1,1,Low Value / Dormant
CUS-005223,70,61.73,4323.9,Two year,High,6,89,35,0,2,Mid Value / Moderate
CUS-005224,27,94.84,2448.29,Two year,High,4,62,5,1,0,High Value / Loyal
CUS-005225,15,97.24,1408.13,Two year,Medium,7,4,54,1,3,New / At-Risk
CUS-005226,50,60.96,2962.48,Month-to-month,High,8,34,27,1,2,Mid Value / Moderate
CUS-005227,36,65.48,2431.96,Two year,Medium,3,26,43,1,3,New / At-Risk
CUS-005228,8,119.09,975.01,Two year,Medium,1,54,0,0,0,High Value / Loyal
CUS-005229,3,95.75,278.45,Two year,High,1,27,49,0,3,New / At-Risk
CUS-005230,62,39.4,2388.11,Two year,High,3,39,18,0,2,Mid Value / Moderate
CUS-005231,47,128.89,6327.09,Month-to-month,Medium,5,85,48,1,1,Low Value / Dormant
CUS-005232,61,134.8,7882.5,Month-to-month,High,5,21,2,0,1,Low Value / Dormant
CUS-005233,32,80.6,2591.39,Month-to-month,Medium,1,54,35,0,0,High Value / Loyal
CUS-005234,13,47.16,614.4,Month-to-month,High,0,56,26,1,0,High Value / Loyal
CUS-005235,1,143.19,146.42,One year,Low,1,93,45,1,0,High Value / Loyal
CUS-005236,34,134.7,4470.38,Month-to-month,Medium,7,98,5,0,1,Low Value / Dormant
CUS-005237,62,51.77,3349.27,Month-to-month,Low,4,63,29,1,2,Mid Value / Moderate
CUS-005238,71,32.43,2281.74,Month-to-month,Medium,2,91,36,0,2,Mid Value / Moderate
CUS-005239,31,77.28,2344.5,Two year,High,8,42,26,0,3,New / At-Risk
CUS-005240,64,107.93,6794.94,Month-to-month,Medium,6,26,5,1,1,Low Value / Dormant
CUS-005241,25,42.8,1053.83,Month-to-month,Medium,7,69,44,1,0,High Value / Loyal
CUS-005242,38,86.72,3196.06,Month-to-month,Medium,5,20,40,0,3,New / At-Risk
CUS-005243,14,75.3,1099.38,Month-to-month,Medium,6,72,16,0,0,High Value / Loyal
CUS-005244,8,135.77,1050.86,One year,Medium,2,82,46,1,0,High Value / Loyal
CUS-005245,54,75.84,4252.35,One year,Low,0,53,29,1,2,Mid Value / Moderate
CUS-005246,2,89.39,177.08,Month-to-month,Medium,0,69,14,1,0,High Value / Loyal
CUS-005247,56,144.19,7888.19,Two year,Medium,0,68,18,0,1,Low Value / Dormant
CUS-005248,61,58.96,3488.12,Month-to-month,Low,6,5,29,1,2,Mid Value / Moderate
CUS-005249,22,57.57,1267.06,Two year,Medium,1,16,39,0,3,New / At-Risk
CUS-005250,35,123.95,4411.58,Two year,High,5,9,8,0,3,New / At-Risk
CUS-005251,16,56.08,933.01,Two year,Medium,0,25,58,0,3,New / At-Risk
CUS-005252,50,128.14,6504.8,Month-to-month,Medium,9,57,33,1,1,Low Value / Dormant
CUS-005253,43,32.42,1391.77,Month-to-month,Medium,7,38,45,0,2,Mid Value / Moderate
CUS-005254,17,34.46,558.55,Month-to-month,High,4,8,25,1,3,New / At-Risk
CUS-005255,58,137.17,8286.49,Month-to-month,Medium,8,65,45,1,1,Low Value / Dormant
CUS-005256,2,90.31,187.88,Month-to-month,Medium,2,31,36,0,3,New / At-Risk
CUS-005257,4,113.45,448.28,Month-to-month,High,1,33,34,0,3,New / At-Risk
CUS-005258,39,49.29,1831.69,Month-to-month,Low,7,55,41,1,2,Mid Value / Moderate
CUS-005259,6,41.62,255.52,Month-to-month,Medium,4,69,1,0,0,High Value / Loyal
CUS-005260,69,128.54,9128.25,Two year,Medium,0,82,12,0,1,Low Value / Dormant
CUS-005261,69,66.62,4616.37,One year,High,5,36,59,0,2,Mid Value / Moderate
CUS-005262,20,79.15,1567.71,Month-to-month,Low,2,84,42,1,0,High Value / Loyal
CUS-005263,64,23.64,1565.84,Two year,Low,7,24,42,1,2,Mid Value / Moderate
CUS-005264,16,70.16,1088.11,Two year,Medium,5,61,8,0,0,High Value / Loyal
CUS-005265,51,120.16,6090.96,Month-to-month,Medium,1,83,20,0,1,Low Value / Dormant
CUS-005266,37,126.77,4467.3,Month-to-month,High,5,28,40,0,1,Low Value / Dormant
CUS-005267,69,110.84,7390.87,Month-to-month,High,2,60,43,0,1,Low Value / Dormant
CUS-005268,42,109.98,4822.93,Two year,Low,6,94,0,1,1,Low Value / Dormant
CUS-005269,57,85.81,4929.43,Month-to-month,Low,0,79,19,1,1,Low Value / Dormant
CUS-005270,66,89.98,6120.35,One year,High,0,73,48,0,1,Low Value / Dormant
CUS-005271,9,116.54,1047.46,One year,Low,9,39,4,1,3,New / At-Risk
CUS-005272,64,52.15,3449.3,One year,Medium,3,31,11,1,2,Mid Value / Moderate
CUS-005273,22,50.1,1106.43,Month-to-month,Medium,6,1,42,1,3,New / At-Risk
CUS-005274,34,143.49,4636.95,Month-to-month,Medium,3,13,20,0,1,Low Value / Dormant
CUS-005275,55,23.6,1349.86,Month-to-month,Medium,8,66,47,0,2,Mid Value / Moderate
CUS-005276,29,38.13,1066.92,Month-to-month,Medium,7,42,38,1,2,Mid Value / Moderate
CUS-005277,38,94.14,3559.75,One year,Medium,4,37,22,0,3,New / At-Risk
CUS-005278,18,115.92,2081.67,Two year,Medium,0,57,7,1,0,High Value / Loyal
CUS-005279,71,89.93,6095.66,Two year,Medium,2,35,21,0,1,Low Value / Dormant
CUS-005280,65,66.16,4108.1,Month-to-month,High,7,37,25,1,2,Mid Value / Moderate
CUS-005281,1,147.14,151.0,Month-to-month,High,6,75,18,0,0,High Value / Loyal
CUS-005282,4,111.5,437.1,Two year,Medium,7,82,56,1,0,High Value / Loyal
CUS-005283,4,128.08,507.69,Two year,Medium,0,20,14,0,3,New / At-Risk
CUS-005284,27,25.23,685.63,Month-to-month,High,1,66,36,0,0,High Value / Loyal
CUS-005285,43,50.67,2151.21,One year,High,9,88,40,1,2,Mid Value / Moderate
CUS-005286,59,68.64,4161.28,Month-to-month,Medium,6,80,20,1,2,Mid Value / Moderate
CUS-005287,32,43.74,1453.43,Month-to-month,Medium,4,23,50,0,3,New / At-Risk
CUS-005288,33,29.48,929.91,One year,Medium,4,55,12,0,2,Mid Value / Moderate
CUS-005289,28,49.26,1398.01,Two year,Medium,9,57,6,0,0,High Value / Loyal
CUS-005290,55,89.37,4825.87,Month-to-month,Medium,8,50,24,1,1,Low Value / Dormant
CUS-005291,60,110.45,6682.0,One year,Medium,0,38,32,0,1,Low Value / Dormant
CUS-005292,70,120.62,8430.0,One year,High,4,47,2,0,1,Low Value / Dormant
CUS-005293,62,25.58,1559.69,One year,Medium,6,93,38,0,2,Mid Value / Moderate
CUS-005294,34,75.64,2467.5,One year,Low,4,30,31,1,3,New / At-Risk
CUS-005295,56,35.89,2021.65,Month-to-month,High,9,68,40,1,2,Mid Value / Moderate
CUS-005296,13,76.06,950.44,Month-to-month,Low,6,93,35,0,0,High Value / Loyal
CUS-005297,56,76.42,4132.19,One year,Low,0,43,52,0,2,Mid Value / Moderate
CUS-005298,18,84.77,1599.39,One year,High,4,27,39,1,3,New / At-Risk
CUS-005299,54,136.07,7212.99,Month-to-month,Medium,5,97,51,1,1,Low Value / Dormant
CUS-005300,43,124.66,5405.75,Month-to-month,Medium,5,82,49,1,1,Low Value / Dormant
CUS-005301,39,102.77,3916.88,One year,Medium,3,64,22,0,1,Low Value / Dormant
CUS-005302,61,135.1,8542.51,One year,Low,4,6,1,0,1,Low Value / Dormant
CUS-005303,42,108.2,4445.98,One year,Medium,7,96,31,1,1,Low Value / Dormant
CUS-005304,18,126.45,2245.82,One year,Low,5,31,45,1,3,New / At-Risk
CUS-005305,23,93.29,2168.95,Month-to-month,Medium,0,76,5,0,0,High Value / Loyal
CUS-005306,54,88.28,4943.41,Month-to-month,High,4,87,6,0,1,Low Value / Dormant
CUS-005307,30,114.13,3532.25,Month-to-month,High,6,29,55,0,3,New / At-Risk
CUS-005308,58,22.56,1277.56,One year,Medium,7,3,20,1,2,Mid Value / Moderate
CUS-005309,68,109.75,7708.88,One year,Low,3,97,32,1,1,Low Value / Dormant
CUS-005310,67,141.49,9670.38,Month-to-month,Low,1,92,15,0,1,Low Value / Dormant
CUS-005311,71,112.81,8402.02,Month-to-month,Medium,3,82,2,0,1,Low Value / Dormant
CUS-005312,18,24.78,465.52,Month-to-month,High,5,86,25,0,0,High Value / Loyal
CUS-005313,7,69.13,485.48,One year,High,5,20,24,0,3,New / At-Risk
CUS-005314,40,125.25,5135.03,Month-to-month,Low,5,80,14,1,1,Low Value / Dormant
CUS-005315,70,144.62,10194.38,Month-to-month,Medium,0,58,21,0,1,Low Value / Dormant
CUS-005316,65,68.12,4469.94,One year,Medium,6,57,42,1,2,Mid Value / Moderate
CUS-005317,68,129.36,8445.63,Month-to-month,High,6,71,36,1,1,Low Value / Dormant
CUS-005318,49,132.3,6159.8,Month-to-month,Medium,4,4,48,0,1,Low Value / Dormant
CUS-005319,52,36.03,1788.77,Two year,Medium,3,42,47,0,2,Mid Value / Moderate
CUS-005320,29,129.95,3944.48,Two year,High,2,34,19,0,3,New / At-Risk
CUS-005321,21,62.15,1256.42,Month-to-month,High,7,18,52,0,3,New / At-Risk
CUS-005322,9,97.12,834.26,One year,Medium,7,97,49,0,0,High Value / Loyal
CUS-005323,47,90.07,4152.48,One year,Low,2,65,28,0,1,Low Value / Dormant
CUS-005324,42,106.2,4499.6,Two year,Low,4,25,36,1,1,Low Value / Dormant
CUS-005325,51,116.26,6195.19,One year,Low,7,45,18,0,1,Low Value / Dormant
CUS-005326,56,77.31,4416.16,One year,Medium,9,14,39,0,2,Mid Value / Moderate
CUS-005327,51,135.48,6754.97,Two year,Medium,9,11,30,0,1,Low Value / Dormant
CUS-005328,70,125.23,9151.33,Month-to-month,Medium,5,52,57,0,1,Low Value / Dormant
CUS-005329,20,122.1,2328.79,One year,Low,1,8,13,1,3,New / At-Risk
CUS-005330,27,79.57,2251.37,Month-to-month,High,0,60,42,0,0,High Value / Loyal
CUS-005331,38,24.88,903.87,Two year,Medium,6,42,14,1,2,Mid Value / Moderate
CUS-005332,65,83.99,5598.16,Two year,Low,1,16,0,0,1,Low Value / Dormant
CUS-005333,54,136.8,7051.19,Month-to-month,High,9,39,51,1,1,Low Value / Dormant
CUS-005334,24,44.76,1120.56,Month-to-month,High,9,95,11,1,0,High Value / Loyal
CUS-005335,47,147.74,6671.91,Month-to-month,Medium,3,42,10,0,1,Low Value / Dormant
CUS-005336,71,125.0,8476.04,Month-to-month,Low,5,18,46,1,1,Low Value / Dormant
CUS-005337,63,112.28,7348.85,Month-to-month,Low,6,7,8,0,1,Low Value / Dormant
CUS-005338,57,108.03,5908.86,One year,Low,6,4,43,1,1,Low Value / Dormant
CUS-005339,55,96.31,5455.06,One year,High,6,96,32,1,1,Low Value / Dormant
CUS-005340,60,113.69,6989.74,One year,Medium,3,95,53,1,1,Low Value / Dormant
CUS-005341,62,74.85,4686.44,Month-to-month,Medium,9,74,53,1,2,Mid Value / Moderate
CUS-005342,30,129.89,3849.07,One year,High,9,30,26,1,3,New / At-Risk
CUS-005343,22,110.52,2532.6,Two year,High,5,50,33,1,3,New / At-Risk
CUS-005344,29,120.26,3617.04,Month-to-month,Medium,2,99,48,1,0,High Value / Loyal
CUS-005345,41,123.02,5006.76,Month-to-month,High,7,45,0,1,1,Low Value / Dormant
CUS-005346,42,31.97,1306.68,Month-to-month,Medium,0,31,9,0,2,Mid Value / Moderate
CUS-005347,65,27.23,1729.91,Month-to-month,Medium,7,95,12,0,2,Mid Value / Moderate
CUS-005348,31,124.13,3740.35,One year,High,4,46,28,0,1,Low Value / Dormant
CUS-005349,30,53.72,1618.25,Month-to-month,Medium,7,54,46,1,2,Mid Value / Moderate
CUS-005350,18,95.66,1785.26,Two year,Low,3,46,4,0,3,New / At-Risk
CUS-005351,17,77.68,1356.73,Two year,Medium,1,97,10,0,0,High Value / Loyal
CUS-005352,38,22.87,894.55,Month-to-month,High,3,5,52,0,2,Mid Value / Moderate
CUS-005353,14,25.24,351.48,Month-to-month,High,7,10,26,1,3,New / At-Risk
CUS-005354,56,127.53,7014.67,One year,Medium,9,23,57,1,1,Low Value / Dormant
CUS-005355,22,99.0,2234.01,Two year,Medium,0,7,38,0,3,New / At-Risk
CUS-005356,67,88.1,6075.8,Month-to-month,Medium,4,58,56,0,1,Low Value / Dormant
CUS-005357,56,142.77,8151.07,Two year,Medium,5,47,35,0,1,Low Value / Dormant
CUS-005358,19,42.5,769.81,One year,Medium,3,92,51,0,0,High Value / Loyal
CUS-005359,57,53.54,3078.93,Month-to-month,Low,3,21,26,1,2,Mid Value / Moderate
CUS-005360,44,118.38,5128.88,One year,Medium,3,31,42,0,1,Low Value / Dormant
CUS-005361,35,120.78,4098.89,Month-to-month,Medium,2,27,38,0,1,Low Value / Dormant
CUS-005362,1,72.64,74.05,Month-to-month,Medium,9,29,45,1,3,New / At-Risk
CUS-005363,52,143.63,7295.74,One year,Medium,4,10,24,1,1,Low Value / Dormant
CUS-005364,70,141.97,10348.4,Month-to-month,High,5,72,38,0,1,Low Value / Dormant
CUS-005365,37,21.61,783.54,Month-to-month,Medium,2,9,23,1,2,Mid Value / Moderate
CUS-005366,65,42.4,2771.38,Month-to-month,Medium,2,11,41,1,2,Mid Value / Moderate
CUS-005367,51,126.63,6669.73,Month-to-month,High,8,22,47,1,1,Low Value / Dormant
CUS-005368,1,63.58,62.96,Month-to-month,Medium,1,90,30,1,0,High Value / Loyal
CUS-005369,21,32.41,702.98,One year,Medium,5,50,6,0,0,High Value / Loyal
CUS-005370,53,122.05,6613.35,Month-to-month,Medium,7,40,24,1,1,Low Value / Dormant
CUS-005371,16,79.1,1318.8,Month-to-month,Medium,7,66,21,1,0,High Value / Loyal
CUS-005372,61,84.01,5035.56,Month-to-month,Medium,0,63,10,0,1,Low Value / Dormant
CUS-005373,54,44.23,2293.98,Month-to-month,Medium,0,19,24,1,2,Mid Value / Moderate
CUS-005374,40,105.92,4207.15,Month-to-month,High,7,16,18,1,3,New / At-Risk
CUS-005375,26,91.66,2451.31,Two year,Medium,0,4,3,0,3,New / At-Risk
CUS-005376,65,46.87,3031.29,One year,Medium,2,49,24,0,2,Mid Value / Moderate
CUS-005377,64,64.24,4013.7,Two year,Low,8,38,33,1,2,Mid Value / Moderate
CUS-005378,43,97.59,3998.31,Month-to-month,Medium,2,7,27,0,3,New / At-Risk
CUS-005379,17,140.23,2339.39,Two year,Low,1,55,15,0,3,New / At-Risk
CUS-005380,59,139.65,8415.1,One year,Medium,0,14,1,0,1,Low Value / Dormant
CUS-005381,23,57.43,1274.29,One year,Medium,0,76,25,0,0,High Value / Loyal
CUS-005382,7,115.63,796.54,Month-to-month,Medium,9,85,7,0,0,High Value / Loyal
CUS-005383,44,120.82,5060.93,Month-to-month,High,2,34,42,1,1,Low Value / Dormant
CUS-005384,53,125.15,6779.88,Two year,Medium,5,21,25,0,1,Low Value / Dormant
CUS-005385,71,94.2,6942.74,One year,Medium,6,36,37,1,1,Low Value / Dormant
CUS-005386,34,21.37,731.42,One year,Medium,5,63,20,1,2,Mid Value / Moderate
CUS-005387,46,119.02,5215.25,Month-to-month,High,5,42,49,1,1,Low Value / Dormant
CUS-005388,68,33.86,2237.31,Month-to-month,High,8,49,16,0,2,Mid Value / Moderate
CUS-005389,16,35.19,559.63,Two year,High,3,71,29,0,0,High Value / Loyal
CUS-005390,71,98.73,7071.31,Month-to-month,High,4,85,50,1,1,Low Value / Dormant
CUS-005391,19,147.86,2808.25,One year,High,0,10,42,0,3,New / At-Risk
CUS-005392,2,51.53,107.35,Month-to-month,High,3,21,37,1,3,New / At-Risk
CUS-005393,10,103.96,1085.15,One year,Medium,9,80,58,1,0,High Value / Loyal
CUS-005394,50,59.47,2856.93,Month-to-month,Low,5,63,58,0,2,Mid Value / Moderate
CUS-005395,12,136.83,1582.64,Month-to-month,High,6,89,43,1,0,High Value / Loyal
CUS-005396,70,97.16,6704.47,Month-to-month,High,1,77,11,0,1,Low Value / Dormant
CUS-005397,22,46.97,1025.25,One year,High,9,50,30,0,0,High Value / Loyal
CUS-005398,32,54.08,1745.36,Month-to-month,Medium,5,27,43,1,3,New / At-Risk
CUS-005399,1,76.22,78.3,One year,High,2,8,36,0,3,New / At-Risk
CUS-005400,54,35.87,1866.2,Month-to-month,High,6,30,37,1,2,Mid Value / Moderate
CUS-005401,58,30.24,1806.72,Two year,Low,8,95,46,0,2,Mid Value / Moderate
CUS-005402,70,108.41,7672.05,Month-to-month,Medium,3,71,58,1,1,Low Value / Dormant
CUS-005403,18,72.93,1375.9,Month-to-month,High,7,30,6,1,3,New / At-Risk
CUS-005404,6,114.41,696.83,Two year,Medium,9,18,6,1,3,New / At-Risk
CUS-005405,45,34.31,1577.2,One year,Medium,5,23,34,0,2,Mid Value / Moderate
CUS-005406,23,99.28,2213.9,One year,Medium,2,38,26,0,3,New / At-Risk
CUS-005407,23,77.63,1833.49,Month-to-month,Low,2,30,25,0,3,New / At-Risk
CUS-005408,26,27.54,685.91,Two year,High,2,30,55,0,3,New / At-Risk
CUS-005409,7,90.82,645.72,One year,Low,3,72,39,1,0,High Value / Loyal
CUS-005410,44,30.76,1293.48,One year,Medium,1,76,42,0,2,Mid Value / Moderate
CUS-005411,27,127.6,3312.73,Two year,Medium,4,74,18,0,0,High Value / Loyal
CUS-005412,26,102.15,2551.86,One year,High,7,71,21,0,0,High Value / Loyal
CUS-005413,36,92.41,3177.74,Month-to-month,High,6,39,56,1,3,New / At-Risk
CUS-005414,55,37.35,2017.56,Month-to-month,Low,8,17,0,0,2,Mid Value / Moderate
CUS-005415,64,57.37,3853.15,One year,High,2,96,58,0,2,Mid Value / Moderate
CUS-005416,57,84.07,4719.48,One year,Medium,3,69,33,0,1,Low Value / Dormant
CUS-005417,69,102.33,7244.68,One year,Low,7,85,49,1,1,Low Value / Dormant
CUS-005418,61,43.82,2574.74,Month-to-month,Medium,9,95,31,1,2,Mid Value / Moderate
CUS-005419,2,21.15,42.11,Two year,High,2,52,52,0,0,High Value / Loyal
CUS-005420,55,64.82,3452.78,One year,Medium,0,79,28,0,2,Mid Value / Moderate
CUS-005421,38,82.77,3048.54,Month-to-month,High,1,13,21,1,3,New / At-Risk
CUS-005422,29,43.98,1224.26,Month-to-month,Medium,9,7,50,0,3,New / At-Risk
CUS-005423,26,83.98,2168.68,Two year,Medium,9,88,19,0,0,High Value / Loyal
CUS-005424,35,64.0,2145.03,Month-to-month,Low,7,68,57,1,0,High Value / Loyal
CUS-005425,67,79.16,5521.19,Month-to-month,High,6,60,27,0,1,Low Value / Dormant
CUS-005426,29,65.17,1880.07,Month-to-month,Medium,3,83,44,1,0,High Value / Loyal
CUS-005427,34,101.7,3574.9,Month-to-month,Medium,7,46,49,1,3,New / At-Risk
CUS-005428,41,25.58,1098.92,Month-to-month,High,2,35,59,1,2,Mid Value / Moderate
CUS-005429,41,42.22,1761.7,Two year,Medium,0,29,50,0,2,Mid Value / Moderate
CUS-005430,23,76.26,1824.35,Month-to-month,High,3,34,27,0,3,New / At-Risk
CUS-005431,71,66.32,4536.93,Two year,Medium,5,8,7,1,2,Mid Value / Moderate
CUS-005432,3,70.91,219.76,Month-to-month,Medium,5,66,46,1,0,High Value / Loyal
CUS-005433,58,124.49,7055.17,Two year,Low,3,4,20,1,1,Low Value / Dormant
CUS-005434,32,135.22,4315.28,Month-to-month,Medium,7,66,17,0,1,Low Value / Dormant
CUS-005435,31,52.33,1645.91,One year,Medium,8,94,41,0,0,High Value / Loyal
CUS-005436,43,128.73,5758.8,Month-to-month,Medium,1,57,14,1,1,Low Value / Dormant
CUS-005437,7,79.64,580.41,Month-to-month,Medium,2,93,9,0,0,High Value / Loyal
CUS-005438,1,55.6,53.33,Month-to-month,Low,7,4,26,1,3,New / At-Risk
CUS-005439,61,148.11,8912.3,One year,Low,0,85,17,0,1,Low Value / Dormant
CUS-005440,14,127.22,1833.36,Month-to-month,High,0,73,19,0,0,High Value / Loyal
CUS-005441,52,149.25,7918.83,Two year,Medium,6,66,56,0,1,Low Value / Dormant
CUS-005442,6,41.86,239.29,Month-to-month,Medium,9,20,37,1,3,New / At-Risk
CUS-005443,10,38.7,385.06,Month-to-month,Medium,6,97,32,0,0,High Value / Loyal
CUS-005444,71,85.44,6265.91,Month-to-month,Medium,6,55,45,1,1,Low Value / Dormant
CUS-005445,30,103.02,3164.17,One year,Low,4,6,58,1,3,New / At-Risk
CUS-005446,21,42.24,879.18,Month-to-month,Medium,6,29,51,1,3,New / At-Risk
CUS-005447,60,131.86,8097.4,Month-to-month,Medium,8,80,29,0,1,Low Value / Dormant
CUS-005448,63,89.16,5645.96,One year,Low,5,5,2,1,1,Low Value / Dormant
CUS-005449,42,73.42,3210.99,Month-to-month,Medium,5,37,0,0,2,Mid Value / Moderate
CUS-005450,51,98.27,5055.28,One year,Medium,2,9,53,0,1,Low Value / Dormant
CUS-005451,64,102.54,6497.67,Month-to-month,High,6,96,9,0,1,Low Value / Dormant
CUS-005452,56,25.56,1483.41,One year,Medium,5,37,48,0,2,Mid Value / Moderate
CUS-005453,41,149.99,5872.62,Two year,Medium,4,98,0,0,1,Low Value / Dormant
CUS-005454,32,67.31,2240.17,Month-to-month,Medium,2,39,47,0,3,New / At-Risk
CUS-005455,15,28.0,428.25,Month-to-month,Medium,2,63,54,1,0,High Value / Loyal
CUS-005456,62,130.8,8467.04,Two year,High,5,57,32,1,1,Low Value / Dormant
CUS-005457,27,149.09,3925.06,One year,High,5,40,58,1,1,Low Value / Dormant
CUS-005458,28,126.13,3600.38,Month-to-month,High,4,93,28,0,0,High Value / Loyal
CUS-005459,64,130.74,8626.61,One year,Medium,2,64,34,1,1,Low Value / Dormant
CUS-005460,59,101.37,6101.8,Month-to-month,High,1,95,36,0,1,Low Value / Dormant
CUS-005461,58,139.9,7879.29,Two year,Low,3,3,50,0,1,Low Value / Dormant
CUS-005462,2,24.65,48.19,One year,Medium,3,43,30,0,3,New / At-Risk
CUS-005463,36,119.67,4337.02,One year,Medium,9,25,53,0,1,Low Value / Dormant
CUS-005464,71,107.19,7570.13,Two year,Low,1,55,45,1,1,Low Value / Dormant
CUS-005465,13,26.45,351.88,One year,Low,8,36,45,1,3,New / At-Risk
CUS-005466,15,90.72,1344.24,One year,Medium,2,58,56,0,0,High Value / Loyal
CUS-005467,60,86.96,5405.03,Two year,Medium,0,77,49,1,1,Low Value / Dormant
CUS-005468,22,109.9,2401.33,Month-to-month,Medium,4,19,6,0,3,New / At-Risk
CUS-005469,63,30.08,1807.82,Month-to-month,Medium,9,59,19,1,2,Mid Value / Moderate
CUS-005470,25,124.69,2966.71,Month-to-month,High,2,16,42,1,3,New / At-Risk
CUS-005471,48,38.12,1856.73,Two year,Low,5,94,21,1,2,Mid Value / Moderate
CUS-005472,43,74.43,3213.31,One year,High,0,99,41,0,0,High Value / Loyal
CUS-005473,38,134.57,5135.42,Month-to-month,High,9,2,11,1,1,Low Value / Dormant
CUS-005474,41,92.87,3918.06,Month-to-month,Medium,3,65,9,0,1,Low Value / Dormant
CUS-005475,45,69.35,3081.82,Month-to-month,Medium,0,59,37,0,2,Mid Value / Moderate
CUS-005476,40,26.27,1102.71,Month-to-month,Low,0,48,30,0,2,Mid Value / Moderate
CUS-005477,17,107.4,1907.07,Two year,Medium,9,3,39,0,3,New / At-Risk
CUS-005478,57,148.25,8038.75,One year,High,7,26,38,0,1,Low Value / Dormant
CUS-005479,2,138.53,288.03,Two year,Low,9,92,44,1,0,High Value / Loyal
CUS-005480,62,113.25,7148.18,Month-to-month,High,3,91,20,1,1,Low Value / Dormant
CUS-005481,9,33.69,303.26,One year,Medium,9,14,22,0,3,New / At-Risk
CUS-005482,68,51.13,3505.42,Month-to-month,High,2,24,30,1,2,Mid Value / Moderate
CUS-005483,17,44.29,778.68,Two year,Medium,5,35,43,0,3,New / At-Risk
CUS-005484,50,66.21,3459.82,Two year,High,9,98,43,1,2,Mid Value / Moderate
CUS-005485,40,50.62,2036.91,Two year,High,8,88,29,0,0,High Value / Loyal
CUS-005486,58,51.78,2907.36,One year,Low,5,6,21,0,2,Mid Value / Moderate
CUS-005487,21,100.17,2133.07,Month-to-month,Low,0,62,44,1,0,High Value / Loyal
CUS-005488,18,61.43,1058.9,One year,Low,7,95,20,1,0,High Value / Loyal
CUS-005489,55,108.03,6022.01,Month-to-month,High,0,93,40,0,1,Low Value / Dormant
CUS-005490,29,143.23,4281.73,Month-to-month,Medium,2,36,19,1,1,Low Value / Dormant
CUS-005491,24,103.0,2435.79,Month-to-month,Low,8,29,27,1,3,New / At-Risk
CUS-005492,17,117.72,1915.35,Month-to-month,Medium,3,13,38,0,3,New / At-Risk
CUS-005493,18,117.71,2159.43,One year,Low,7,8,15,0,3,New / At-Risk
CUS-005494,42,62.99,2603.13,Month-to-month,Low,8,15,54,1,2,Mid Value / Moderate
CUS-005495,45,21.94,962.73,Month-to-month,Medium,7,33,18,0,2,Mid Value / Moderate
CUS-005496,17,27.16,470.39,Month-to-month,Low,5,89,23,1,0,High Value / Loyal
CUS-005497,14,56.67,830.6,One year,Medium,8,16,56,0,3,New / At-Risk
CUS-005498,49,109.64,5504.19,One year,Medium,5,85,42,1,1,Low Value / Dormant
CUS-005499,29,137.87,3994.74,Month-to-month,Medium,4,52,30,1,1,Low Value / Dormant
CUS-005500,4,144.64,584.39,One year,Low,7,81,4,0,0,High Value / Loyal
CUS-005501,20,23.36,450.49,One year,Low,3,34,16,1,3,New / At-Risk
CUS-005502,47,148.71,7208.35,Month-to-month,High,2,77,0,1,1,Low Value / Dormant
CUS-005503,9,61.92,563.13,One year,Low,3,34,36,1,3,New / At-Risk
CUS-005504,27,129.58,3661.76,One year,Low,8,43,29,0,3,New / At-Risk
CUS-005505,15,43.44,682.82,Month-to-month,Medium,3,61,31,0,0,High Value / Loyal
CUS-005506,19,28.18,527.57,One year,Medium,6,79,31,1,0,High Value / Loyal
CUS-005507,52,69.19,3773.45,One year,Low,0,22,1,0,2,Mid Value / Moderate
CUS-005508,26,131.66,3579.55,Month-to-month,High,5,51,33,1,3,New / At-Risk
CUS-005509,26,48.71,1284.1,One year,Medium,7,4,43,0,3,New / At-Risk
CUS-005510,26,40.01,1023.05,One year,Medium,6,49,28,0,2,Mid Value / Moderate
CUS-005511,46,138.27,6521.77,Month-to-month,High,4,39,53,0,1,Low Value / Dormant
CUS-005512,49,141.98,6798.05,One year,Medium,3,87,4,1,1,Low Value / Dormant
CUS-005513,53,21.63,1161.34,Month-to-month,Medium,1,77,29,1,2,Mid Value / Moderate
CUS-005514,3,114.57,327.36,Month-to-month,Medium,0,72,42,0,0,High Value / Loyal
CUS-005515,66,60.2,4024.09,One year,Low,0,1,44,0,2,Mid Value / Moderate
CUS-005516,42,68.71,3016.21,One year,High,4,41,17,0,2,Mid Value / Moderate
CUS-005517,19,80.98,1497.93,Month-to-month,Medium,8,50,13,0,3,New / At-Risk
CUS-005518,17,75.48,1318.9,Two year,Medium,6,81,36,0,0,High Value / Loyal
CUS-005519,33,86.95,2809.97,Two year,Medium,1,17,10,0,3,New / At-Risk
CUS-005520,49,95.71,4787.12,Two year,Low,5,8,3,1,1,Low Value / Dormant
CUS-005521,56,80.53,4599.71,Month-to-month,High,9,67,21,1,2,Mid Value / Moderate
CUS-005522,63,111.2,6784.94,Two year,Medium,6,93,48,0,1,Low Value / Dormant
CUS-005523,3,113.42,343.56,Two year,High,7,86,45,0,0,High Value / Loyal
CUS-005524,49,77.25,3921.04,Two year,Medium,8,66,59,1,2,Mid Value / Moderate
CUS-005525,55,38.52,2093.72,Two year,High,2,2,2,0,2,Mid Value / Moderate
CUS-005526,26,103.28,2741.83,Month-to-month,Low,1,17,52,1,3,New / At-Risk
CUS-005527,52,120.48,6374.47,Month-to-month,Low,6,73,23,1,1,Low Value / Dormant
CUS-005528,7,102.95,703.2,Month-to-month,High,7,33,33,1,3,New / At-Risk
CUS-005529,46,96.45,4622.3,Month-to-month,Medium,8,93,7,1,1,Low Value / Dormant
CUS-005530,46,49.82,2306.44,Two year,High,9,93,23,1,2,Mid Value / Moderate
CUS-005531,16,103.87,1637.84,One year,Medium,4,54,15,0,0,High Value / Loyal
CUS-005532,24,63.53,1473.57,One year,Low,8,70,5,1,0,High Value / Loyal
CUS-005533,61,139.54,8489.51,Month-to-month,High,0,6,20,1,1,Low Value / Dormant
CUS-005534,54,104.98,5799.57,Month-to-month,High,8,52,31,0,1,Low Value / Dormant
CUS-005535,62,56.16,3525.18,Month-to-month,High,9,45,38,0,2,Mid Value / Moderate
CUS-005536,1,81.48,83.33,One year,High,4,1,21,0,3,New / At-Risk
CUS-005537,49,130.06,6558.65,One year,Medium,1,80,46,1,1,Low Value / Dormant
CUS-005538,25,63.61,1580.88,Two year,Medium,5,51,8,0,0,High Value / Loyal
CUS-005539,10,88.31,884.85,Month-to-month,High,0,11,17,0,3,New / At-Risk
CUS-005540,16,108.36,1818.05,Two year,Medium,6,22,11,1,3,New / At-Risk
CUS-005541,58,118.09,7169.73,Month-to-month,High,6,34,5,0,1,Low Value / Dormant
CUS-005542,29,42.61,1225.05,One year,Medium,9,1,26,1,3,New / At-Risk
CUS-005543,6,93.47,571.2,Month-to-month,Low,7,77,43,1,0,High Value / Loyal
CUS-005544,16,138.59,2165.84,Month-to-month,Medium,0,49,38,1,3,New / At-Risk
CUS-005545,20,145.89,2816.4,Two year,Medium,1,49,46,0,3,New / At-Risk
CUS-005546,71,105.3,7676.88,Two year,Medium,0,42,0,0,1,Low Value / Dormant
CUS-005547,43,147.88,6318.08,Month-to-month,Medium,7,92,14,0,1,Low Value / Dormant
CUS-005548,26,94.2,2369.99,Month-to-month,High,7,49,13,0,3,New / At-Risk
CUS-005549,71,77.54,5647.75,Month-to-month,Medium,2,13,56,0,1,Low Value / Dormant
CUS-005550,33,91.71,3151.95,Month-to-month,Medium,9,94,12,0,0,High Value / Loyal
CUS-005551,26,35.04,950.58,One year,High,1,68,55,0,0,High Value / Loyal
CUS-005552,45,72.22,3281.35,One year,High,8,14,20,1,2,Mid Value / Moderate
CUS-005553,63,79.59,5004.13,Month-to-month,Medium,4,36,45,1,1,Low Value / Dormant
CUS-005554,67,130.32,8418.84,Month-to-month,High,8,56,46,1,1,Low Value / Dormant
CUS-005555,52,118.62,6349.07,Month-to-month,Medium,1,87,52,0,1,Low Value / Dormant
CUS-005556,68,98.19,6973.94,Month-to-month,High,5,69,40,1,1,Low Value / Dormant
CUS-005557,26,65.15,1759.76,One year,High,0,46,49,0,3,New / At-Risk
CUS-005558,2,44.31,90.86,Two year,Medium,6,15,5,0,3,New / At-Risk
CUS-005559,14,65.21,867.7,Month-to-month,High,3,87,19,0,0,High Value / Loyal
CUS-005560,30,108.37,3221.24,Month-to-month,High,6,8,3,1,3,New / At-Risk
CUS-005561,49,54.19,2631.84,Month-to-month,Medium,8,56,39,1,2,Mid Value / Moderate
CUS-005562,12,75.5,941.67,Month-to-month,Medium,0,11,18,0,3,New / At-Risk
CUS-005563,44,70.28,2958.01,Month-to-month,Medium,0,71,42,1,2,Mid Value / Moderate
CUS-005564,33,119.53,3956.7,Two year,Medium,6,23,39,1,3,New / At-Risk
CUS-005565,13,134.89,1689.79,Two year,High,9,45,9,1,3,New / At-Risk
CUS-005566,26,110.92,2930.68,Month-to-month,Medium,1,27,4,0,3,New / At-Risk
CUS-005567,21,64.41,1392.1,Month-to-month,Medium,7,31,1,1,3,New / At-Risk
CUS-005568,28,76.31,2167.1,Month-to-month,High,3,47,30,0,3,New / At-Risk
CUS-005569,48,38.64,1909.14,Month-to-month,High,6,66,43,0,2,Mid Value / Moderate
CUS-005570,40,41.85,1692.1,One year,High,9,95,52,0,0,High Value / Loyal
CUS-005571,66,41.36,2644.97,One year,Medium,1,61,19,0,2,Mid Value / Moderate
CUS-005572,23,36.98,840.47,Month-to-month,Medium,7,8,56,0,3,New / At-Risk
CUS-005573,48,43.35,2175.64,Two year,Medium,5,65,5,0,2,Mid Value / Moderate
CUS-005574,2,46.35,90.74,One year,Low,0,25,42,0,3,New / At-Risk
CUS-005575,20,34.54,660.6,Month-to-month,Medium,8,17,18,1,3,New / At-Risk
CUS-005576,59,103.23,6020.65,Month-to-month,High,1,30,17,0,1,Low Value / Dormant
CUS-005577,46,148.75,6751.12,Month-to-month,Medium,3,24,29,1,1,Low Value / Dormant
CUS-005578,3,134.29,401.69,One year,Medium,8,95,6,0,0,High Value / Loyal
CUS-005579,55,25.93,1434.66,One year,Low,7,52,16,1,2,Mid Value / Moderate
CUS-005580,12,75.0,944.29,Two year,High,7,63,52,1,0,High Value / Loyal
CUS-005581,40,131.71,5403.41,Two year,Medium,3,61,52,0,1,Low Value / Dormant
CUS-005582,66,37.51,2360.62,Two year,Medium,0,77,3,0,2,Mid Value / Moderate
CUS-005583,16,130.19,2127.41,One year,Medium,9,58,2,0,0,High Value / Loyal
CUS-005584,34,97.05,3406.72,One year,Medium,3,79,24,0,0,High Value / Loyal
CUS-005585,44,141.07,6452.6,One year,High,2,90,29,1,1,Low Value / Dormant
CUS-005586,6,133.89,797.21,Month-to-month,Medium,2,32,35,0,3,New / At-Risk
CUS-005587,64,108.01,6784.09,Month-to-month,Medium,0,35,13,1,1,Low Value / Dormant
CUS-005588,22,105.52,2400.14,Month-to-month,High,8,16,40,1,3,New / At-Risk
CUS-005589,18,47.71,882.65,One year,Medium,2,9,22,0,3,New / At-Risk
CUS-005590,12,35.18,423.66,Two year,Low,3,19,56,0,3,New / At-Risk
CUS-005591,52,74.0,3701.02,Month-to-month,Medium,0,40,49,1,2,Mid Value / Moderate
CUS-005592,51,44.26,2291.28,One year,Medium,2,40,49,0,2,Mid Value / Moderate
CUS-005593,71,33.31,2262.57,Month-to-month,High,0,46,15,0,2,Mid Value / Moderate
CUS-005594,48,59.3,2732.76,Two year,Low,3,3,27,1,2,Mid Value / Moderate
CUS-005595,19,131.86,2463.1,One year,Medium,9,26,11,1,3,New / At-Risk
CUS-005596,6,22.23,131.66,Two year,Low,6,72,7,0,0,High Value / Loyal
CUS-005597,27,58.04,1561.2,Month-to-month,High,9,70,29,1,0,High Value / Loyal
CUS-005598,53,75.13,3917.67,Two year,High,7,5,59,0,2,Mid Value / Moderate
CUS-005599,48,86.37,3952.67,Month-to-month,High,7,85,40,1,2,Mid Value / Moderate
CUS-005600,7,43.61,294.78,One year,Medium,0,27,49,1,3,New / At-Risk
CUS-005601,59,145.35,8245.51,Month-to-month,High,5,44,37,1,1,Low Value / Dormant
CUS-005602,69,95.25,6527.26,One year,Medium,7,38,45,0,1,Low Value / Dormant
CUS-005603,11,87.87,938.79,Two year,Medium,9,72,5,1,0,High Value / Loyal
CUS-005604,15,21.15,310.66,One year,High,9,86,38,0,0,High Value / Loyal
CUS-005605,64,83.14,5306.02,One year,High,7,87,4,0,1,Low Value / Dormant
CUS-005606,3,128.9,376.47,Month-to-month,High,8,89,2,1,0,High Value / Loyal
CUS-005607,69,48.55,3265.09,Month-to-month,High,7,71,9,1,2,Mid Value / Moderate
CUS-005608,23,65.66,1560.42,Month-to-month,High,4,78,29,1,0,High Value / Loyal
CUS-005609,53,22.67,1207.52,Month-to-month,Medium,0,41,15,0,2,Mid Value / Moderate
CUS-005610,37,147.0,5633.06,Two year,Medium,8,58,10,1,1,Low Value / Dormant
CUS-005611,9,28.66,258.36,Two year,Medium,9,29,2,0,3,New / At-Risk
CUS-005612,15,136.77,2135.49,Two year,Low,9,81,14,1,0,High Value / Loyal
CUS-005613,3,60.69,177.6,Month-to-month,High,9,51,43,1,0,High Value / Loyal
CUS-005614,70,96.38,6825.48,One year,High,9,70,53,0,1,Low Value / Dormant
CUS-005615,17,108.31,1841.88,One year,Medium,4,96,0,0,0,High Value / Loyal
CUS-005616,26,38.31,1037.7,One year,High,6,63,12,0,0,High Value / Loyal
CUS-005617,21,77.69,1618.16,Month-to-month,Medium,6,19,47,1,3,New / At-Risk
CUS-005618,21,62.31,1354.95,Two year,High,3,27,55,1,3,New / At-Risk
CUS-005619,11,27.36,302.86,Month-to-month,High,7,94,38,1,0,High Value / Loyal
CUS-005620,38,128.32,4977.66,Month-to-month,Low,9,53,38,1,1,Low Value / Dormant
CUS-005621,35,25.87,940.55,Two year,Low,8,97,37,0,0,High Value / Loyal
CUS-005622,14,104.92,1541.92,Two year,Medium,3,45,2,0,3,New / At-Risk
CUS-005623,14,60.83,871.31,One year,High,1,11,29,0,3,New / At-Risk
CUS-005624,10,44.98,441.43,Month-to-month,Low,9,10,43,0,3,New / At-Risk
CUS-005625,12,106.72,1254.91,Month-to-month,Medium,3,93,40,0,0,High Value / Loyal
CUS-005626,38,94.69,3529.53,Month-to-month,Medium,1,86,25,1,0,High Value / Loyal
CUS-005627,34,60.98,1990.06,Two year,Medium,0,20,10,1,3,New / At-Risk
CUS-005628,41,86.68,3395.43,Month-to-month,High,0,19,5,0,3,New / At-Risk
CUS-005629,10,52.01,524.31,Two year,High,3,88,11,0,0,High Value / Loyal
CUS-005630,17,132.28,2318.61,Two year,Medium,8,92,15,1,0,High Value / Loyal
CUS-005631,17,60.8,985.6,Two year,Low,8,2,53,1,3,New / At-Risk
CUS-005632,67,51.87,3498.44,Month-to-month,Medium,6,40,21,1,2,Mid Value / Moderate
CUS-005633,62,117.74,7206.17,Month-to-month,Medium,4,18,21,0,1,Low Value / Dormant
CUS-005634,1,22.29,23.16,One year,Medium,5,82,37,0,0,High Value / Loyal
CUS-005635,12,54.84,634.76,Two year,Medium,0,2,11,1,3,New / At-Risk
CUS-005636,4,68.8,276.95,Two year,Medium,2,47,35,1,3,New / At-Risk
CUS-005637,42,134.69,5923.42,Month-to-month,Low,0,49,49,0,1,Low Value / Dormant
CUS-005638,13,143.56,1837.33,One year,Medium,9,23,16,0,3,New / At-Risk
CUS-005639,4,113.14,463.51,One year,Low,4,47,39,1,3,New / At-Risk
CUS-005640,69,84.03,6019.76,Month-to-month,Medium,3,79,31,1,1,Low Value / Dormant
CUS-005641,19,103.28,1900.76,One year,High,2,89,44,0,0,High Value / Loyal
CUS-005642,2,73.82,154.91,One year,Medium,5,45,36,0,3,New / At-Risk
CUS-005643,12,58.85,728.02,Month-to-month,High,5,82,2,0,0,High Value / Loyal
CUS-005644,6,143.59,830.31,Month-to-month,High,8,21,24,1,3,New / At-Risk
CUS-005645,8,35.0,274.71,Month-to-month,Medium,3,47,18,0,0,High Value / Loyal
CUS-005646,51,65.03,3358.04,Month-to-month,Medium,8,32,36,1,2,Mid Value / Moderate
CUS-005647,11,136.88,1563.65,Month-to-month,Medium,3,19,49,1,3,New / At-Risk
CUS-005648,63,114.01,6963.34,Month-to-month,Medium,7,18,37,0,1,Low Value / Dormant
CUS-005649,57,23.78,1386.98,Two year,Low,7,24,40,0,2,Mid Value / Moderate
CUS-005650,12,23.0,269.7,Two year,Low,1,47,48,0,0,High Value / Loyal
CUS-005651,2,87.15,179.62,Two year,High,9,30,42,1,3,New / At-Risk
CUS-005652,8,82.95,675.8,Month-to-month,Low,7,93,46,1,0,High Value / Loyal
CUS-005653,11,77.59,855.43,Month-to-month,Medium,1,85,18,1,0,High Value / Loyal
CUS-005654,53,59.3,3190.25,Two year,High,7,21,15,0,2,Mid Value / Moderate
CUS-005655,10,148.26,1538.44,Month-to-month,High,5,48,25,1,3,New / At-Risk
CUS-005656,8,55.36,437.84,One year,Medium,2,66,32,1,0,High Value / Loyal
CUS-005657,36,83.71,3094.52,Month-to-month,Low,6,45,14,1,2,Mid Value / Moderate
CUS-005658,14,72.64,982.22,Month-to-month,Medium,5,1,52,1,3,New / At-Risk
CUS-005659,54,42.13,2320.92,Two year,Medium,2,22,36,0,2,Mid Value / Moderate
CUS-005660,21,46.34,997.54,Two year,High,4,56,19,1,0,High Value / Loyal
CUS-005661,50,139.38,6929.24,Two year,Medium,3,40,4,0,1,Low Value / Dormant
CUS-005662,39,131.58,5282.15,Two year,Medium,5,38,47,0,1,Low Value / Dormant
CUS-005663,20,45.88,922.75,One year,Medium,0,19,39,0,3,New / At-Risk
CUS-005664,7,133.84,977.73,Month-to-month,Medium,0,19,23,1,3,New / At-Risk
CUS-005665,9,47.19,408.29,Month-to-month,Medium,7,66,5,0,0,High Value / Loyal
CUS-005666,1,101.45,97.71,One year,High,7,93,11,1,0,High Value / Loyal
CUS-005667,26,30.57,821.94,Month-to-month,Low,8,87,3,0,0,High Value / Loyal
CUS-005668,38,134.45,5283.94,Two year,Medium,7,47,47,1,1,Low Value / Dormant
CUS-005669,38,26.7,1011.49,One year,Low,1,58,42,0,2,Mid Value / Moderate
CUS-005670,61,92.14,5881.48,One year,High,4,57,12,0,1,Low Value / Dormant
CUS-005671,44,121.36,5435.74,One year,High,7,48,51,1,1,Low Value / Dormant
CUS-005672,44,35.19,1623.05,Month-to-month,High,8,91,46,1,2,Mid Value / Moderate
CUS-005673,62,72.58,4514.69,One year,High,5,45,20,0,2,Mid Value / Moderate
CUS-005674,6,25.45,148.16,Two year,High,3,87,4,0,0,High Value / Loyal
CUS-005675,17,108.76,1838.6,One year,Medium,8,92,12,0,0,High Value / Loyal
CUS-005676,51,59.97,3205.34,One year,Medium,3,28,1,0,2,Mid Value / Moderate
CUS-005677,38,92.72,3477.75,Month-to-month,Medium,5,60,43,1,0,High Value / Loyal
CUS-005678,24,141.26,3545.06,Two year,Low,4,5,5,1,3,New / At-Risk
CUS-005679,51,59.76,3138.37,Month-to-month,High,0,18,28,1,2,Mid Value / Moderate
CUS-005680,10,26.32,261.69,Two year,Low,3,94,22,0,0,High Value / Loyal
CUS-005681,21,107.83,2273.95,Two year,Medium,9,88,34,1,0,High Value / Loyal
CUS-005682,70,122.29,8652.22,Month-to-month,Medium,2,37,9,0,1,Low Value / Dormant
CUS-005683,57,144.52,8374.36,Two year,Low,7,80,19,0,1,Low Value / Dormant
CUS-005684,39,40.51,1513.17,Two year,Low,6,93,24,1,0,High Value / Loyal
CUS-005685,33,70.98,2443.84,One year,Medium,9,94,35,1,0,High Value / Loyal
CUS-005686,59,129.74,7728.81,One year,Low,0,25,9,0,1,Low Value / Dormant
CUS-005687,18,124.89,2345.0,Two year,High,7,38,26,0,3,New / At-Risk
CUS-005688,56,101.22,5743.28,Month-to-month,Medium,6,1,6,1,1,Low Value / Dormant
CUS-005689,57,55.02,3114.39,Two year,Low,1,40,49,0,2,Mid Value / Moderate
CUS-005690,48,56.92,2750.67,One year,High,9,55,20,0,2,Mid Value / Moderate
CUS-005691,42,36.12,1567.04,Two year,Medium,3,95,21,0,0,High Value / Loyal
CUS-005692,27,139.84,3710.06,One year,High,1,39,45,0,3,New / At-Risk
CUS-005693,52,42.48,2309.85,One year,High,8,95,17,0,2,Mid Value / Moderate
CUS-005694,42,94.48,3954.45,Two year,High,7,97,0,0,0,High Value / Loyal
CUS-005695,32,95.97,3211.01,One year,High,0,76,24,0,0,High Value / Loyal
CUS-005696,26,68.05,1836.63,Month-to-month,Medium,0,25,54,0,3,New / At-Risk
CUS-005697,25,65.83,1689.73,One year,Medium,7,23,55,1,3,New / At-Risk
CUS-005698,23,106.92,2451.07,One year,Medium,4,43,52,1,3,New / At-Risk
CUS-005699,57,70.48,4052.21,Month-to-month,Medium,0,48,20,0,2,Mid Value / Moderate
CUS-005700,52,53.17,2858.03,Month-to-month,Medium,3,92,48,0,2,Mid Value / Moderate
CUS-005701,31,71.89,2238.32,Month-to-month,Medium,1,97,29,1,0,High Value / Loyal
CUS-005702,64,125.0,8190.29,Month-to-month,High,8,38,31,1,1,Low Value / Dormant
CUS-005703,71,145.64,10641.15,Month-to-month,Low,9,90,34,1,1,Low Value / Dormant
CUS-005704,33,102.67,3392.66,One year,Low,5,24,46,1,3,New / At-Risk
CUS-005705,2,121.67,244.23,One year,Medium,8,5,13,1,3,New / At-Risk
CUS-005706,18,89.27,1558.26,Month-to-month,High,0,60,38,0,0,High Value / Loyal
CUS-005707,47,101.23,4636.22,Month-to-month,High,0,17,41,1,1,Low Value / Dormant
CUS-005708,33,148.45,5097.27,One year,Medium,3,37,24,0,1,Low Value / Dormant
CUS-005709,35,76.99,2786.52,One year,High,1,15,28,0,3,New / At-Risk
CUS-005710,51,28.61,1387.78,Month-to-month,Low,0,66,39,0,2,Mid Value / Moderate
CUS-005711,18,144.41,2695.41,Month-to-month,Medium,5,98,31,1,0,High Value / Loyal
CUS-005712,30,123.1,3517.61,Month-to-month,Low,7,20,10,0,3,New / At-Risk
CUS-005713,44,71.78,3145.16,Two year,Medium,0,30,27,0,2,Mid Value / Moderate
CUS-005714,53,147.71,7490.06,One year,High,9,16,4,1,1,Low Value / Dormant
CUS-005715,10,64.92,679.63,Month-to-month,Low,9,44,34,1,3,New / At-Risk
CUS-005716,52,68.38,3723.47,Month-to-month,Medium,5,59,24,1,2,Mid Value / Moderate
CUS-005717,49,99.27,4917.92,Two year,High,0,4,51,0,1,Low Value / Dormant
CUS-005718,11,55.67,605.72,One year,High,7,31,40,0,3,New / At-Risk
CUS-005719,66,110.81,7322.51,Month-to-month,Low,5,26,50,1,1,Low Value / Dormant
CUS-005720,58,39.87,2373.15,Two year,Low,0,41,6,0,2,Mid Value / Moderate
CUS-005721,36,34.04,1191.63,Month-to-month,Low,8,76,32,1,2,Mid Value / Moderate
CUS-005722,33,89.53,2937.41,One year,Low,0,2,41,0,3,New / At-Risk
CUS-005723,47,92.21,4436.9,Month-to-month,High,8,8,26,1,1,Low Value / Dormant
CUS-005724,13,33.87,435.64,Month-to-month,Medium,2,78,43,0,0,High Value / Loyal
CUS-005725,40,145.34,5541.63,One year,High,7,24,46,0,1,Low Value / Dormant
CUS-005726,68,94.53,6432.61,Month-to-month,Medium,7,40,20,1,1,Low Value / Dormant
CUS-005727,42,39.63,1704.17,Month-to-month,Low,6,25,56,0,2,Mid Value / Moderate
CUS-005728,19,60.49,1204.06,Two year,High,1,62,26,0,0,High Value / Loyal
CUS-005729,19,124.03,2247.48,Month-to-month,Medium,2,58,24,0,0,High Value / Loyal
CUS-005730,58,88.02,5125.55,One year,Low,4,71,21,0,1,Low Value / Dormant
CUS-005731,23,44.46,1017.44,Month-to-month,High,4,32,10,1,3,New / At-Risk
CUS-005732,54,33.37,1755.59,Two year,Medium,1,87,5,1,2,Mid Value / Moderate
CUS-005733,65,76.0,5008.1,Two year,Medium,0,46,2,0,1,Low Value / Dormant
CUS-005734,12,63.86,740.59,Month-to-month,Low,4,26,29,0,3,New / At-Risk
CUS-005735,24,105.27,2471.86,One year,Medium,4,42,27,0,3,New / At-Risk
CUS-005736,34,140.28,4903.98,One year,High,2,7,40,0,1,Low Value / Dormant
CUS-005737,53,52.2,2755.91,Month-to-month,High,7,56,16,1,2,Mid Value / Moderate
CUS-005738,8,131.18,1101.25,One year,Medium,5,47,22,0,3,New / At-Risk
CUS-005739,18,139.66,2485.34,Two year,High,1,50,50,1,3,New / At-Risk
CUS-005740,57,137.26,7795.1,Month-to-month,Medium,1,45,33,0,1,Low Value / Dormant
CUS-005741,5,143.77,704.49,Two year,High,3,68,20,1,0,High Value / Loyal
CUS-005742,26,129.47,3277.55,Month-to-month,High,5,44,4,0,3,New / At-Risk
CUS-005743,30,97.15,3037.67,One year,Medium,8,25,49,0,3,New / At-Risk
CUS-005744,54,73.28,4055.58,Month-to-month,High,7,52,43,1,2,Mid Value / Moderate
CUS-005745,13,83.92,1072.78,Month-to-month,Medium,7,18,55,0,3,New / At-Risk
CUS-005746,29,133.44,3947.2,Month-to-month,Medium,1,7,14,0,3,New / At-Risk
CUS-005747,3,59.18,185.82,Month-to-month,Medium,3,22,45,1,3,New / At-Risk
CUS-005748,58,40.7,2260.27,One year,High,5,4,1,1,2,Mid Value / Moderate
CUS-005749,2,38.31,74.81,Month-to-month,High,5,29,23,1,3,New / At-Risk
CUS-005750,28,127.51,3463.36,Month-to-month,Medium,9,88,53,0,0,High Value / Loyal
CUS-005751,2,118.99,246.79,Month-to-month,Medium,5,40,9,1,3,New / At-Risk
CUS-005752,7,84.69,573.84,Month-to-month,Medium,7,52,19,1,0,High Value / Loyal
CUS-005753,26,55.73,1421.25,One year,Medium,7,60,34,0,0,High Value / Loyal
CUS-005754,16,108.09,1737.02,Month-to-month,Low,6,41,40,1,3,New / At-Risk
CUS-005755,23,25.0,581.88,One year,Medium,4,76,46,0,0,High Value / Loyal
CUS-005756,40,93.87,3870.5,One year,Low,5,73,53,0,0,High Value / Loyal
CUS-005757,60,71.8,4267.79,Two year,Low,5,15,20,1,2,Mid Value / Moderate
CUS-005758,32,147.12,4724.02,Month-to-month,Medium,2,77,29,1,1,Low Value / Dormant
CUS-005759,15,85.98,1349.78,One year,Low,2,57,28,0,0,High Value / Loyal
CUS-005760,13,91.79,1169.15,Month-to-month,High,6,94,57,1,0,High Value / Loyal
CUS-005761,5,112.61,548.85,Month-to-month,Low,5,99,34,1,0,High Value / Loyal
CUS-005762,52,82.99,4406.36,One year,Medium,4,35,50,0,2,Mid Value / Moderate
CUS-005763,41,49.19,2071.64,One year,Medium,5,90,37,1,0,High Value / Loyal
CUS-005764,53,89.85,4721.26,Month-to-month,Medium,5,19,25,1,1,Low Value / Dormant
CUS-005765,50,142.75,6932.88,Two year,High,3,21,19,1,1,Low Value / Dormant
CUS-005766,15,73.29,1129.99,One year,Medium,4,85,35,0,0,High Value / Loyal
CUS-005767,7,108.35,771.4,Month-to-month,Medium,6,13,42,0,3,New / At-Risk
CUS-005768,40,147.14,6107.22,Month-to-month,High,0,21,39,1,1,Low Value / Dormant
CUS-005769,28,127.89,3704.22,Month-to-month,High,9,88,17,0,0,High Value / Loyal
CUS-005770,32,105.67,3281.89,Month-to-month,High,5,26,21,0,3,New / At-Risk
CUS-005771,15,115.68,1792.86,Month-to-month,Medium,4,56,12,1,0,High Value / Loyal
CUS-005772,70,141.74,9599.71,Month-to-month,Medium,5,31,14,1,1,Low Value / Dormant
CUS-005773,65,144.77,9752.15,Month-to-month,Medium,0,30,15,1,1,Low Value / Dormant
CUS-005774,4,145.97,599.65,Month-to-month,Low,3,24,24,1,3,New / At-Risk
CUS-005775,11,101.33,1122.45,Month-to-month,Medium,7,96,2,0,0,High Value / Loyal
CUS-005776,26,70.01,1846.21,Month-to-month,High,3,30,4,1,3,New / At-Risk
CUS-005777,61,37.31,2185.8,Month-to-month,Medium,9,26,26,1,2,Mid Value / Moderate
CUS-005778,37,70.12,2475.11,One year,High,7,82,38,0,0,High Value / Loyal
CUS-005779,23,142.58,3223.9,Month-to-month,High,7,54,32,0,3,New / At-Risk
CUS-005780,40,135.67,5601.37,One year,High,1,76,39,0,1,Low Value / Dormant
CUS-005781,23,88.08,2018.81,Two year,Medium,5,21,37,0,3,New / At-Risk
CUS-005782,16,89.81,1397.23,Month-to-month,Low,6,23,3,1,3,New / At-Risk
CUS-005783,61,60.16,3792.51,Month-to-month,High,6,28,42,1,2,Mid Value / Moderate
CUS-005784,68,79.09,5231.91,One year,Low,0,81,37,0,1,Low Value / Dormant
CUS-005785,31,112.88,3609.63,Month-to-month,Medium,3,79,49,1,0,High Value / Loyal
CUS-005786,53,72.32,3814.73,Month-to-month,Medium,6,23,51,0,2,Mid Value / Moderate
CUS-005787,25,44.44,1106.89,Month-to-month,High,5,59,55,1,0,High Value / Loyal
CUS-005788,44,90.31,3883.4,Month-to-month,Medium,2,53,51,1,2,Mid Value / Moderate
CUS-005789,12,49.29,615.2,Month-to-month,Medium,9,53,52,1,0,High Value / Loyal
CUS-005790,9,146.66,1265.64,Two year,High,9,34,1,1,3,New / At-Risk
CUS-005791,12,70.74,818.74,Month-to-month,High,0,92,18,0,0,High Value / Loyal
CUS-005792,69,138.26,9669.32,One year,Medium,4,68,50,0,1,Low Value / Dormant
CUS-005793,54,49.32,2756.64,Month-to-month,Medium,7,12,17,1,2,Mid Value / Moderate
CUS-005794,54,44.6,2310.82,Month-to-month,Medium,2,2,59,0,2,Mid Value / Moderate
CUS-005795,28,100.2,2871.1,Month-to-month,Low,4,25,55,1,3,New / At-Risk
CUS-005796,56,121.32,6958.64,Two year,High,8,88,10,0,1,Low Value / Dormant
CUS-005797,69,93.68,6516.57,Month-to-month,High,7,95,34,1,1,Low Value / Dormant
CUS-005798,58,49.87,2888.82,Month-to-month,High,8,68,10,0,2,Mid Value / Moderate
CUS-005799,42,24.93,1028.17,Month-to-month,Medium,4,44,32,0,2,Mid Value / Moderate
CUS-005800,38,100.38,3757.69,Month-to-month,High,2,34,1,1,3,New / At-Risk
CUS-005801,68,37.03,2562.3,Month-to-month,High,8,6,55,1,2,Mid Value / Moderate
CUS-005802,53,64.61,3275.62,One year,High,3,95,0,0,2,Mid Value / Moderate
CUS-005803,33,107.85,3589.35,Month-to-month,High,0,39,32,0,3,New / At-Risk
CUS-005804,71,32.74,2273.32,Month-to-month,High,1,50,12,1,2,Mid Value / Moderate
CUS-005805,56,36.54,2039.56,Two year,Medium,7,24,26,1,2,Mid Value / Moderate
CUS-005806,51,28.02,1437.27,One year,High,1,89,0,0,2,Mid Value / Moderate
CUS-005807,43,149.49,6675.99,Month-to-month,Medium,5,5,41,1,1,Low Value / Dormant
CUS-005808,15,70.32,1063.14,One year,Medium,4,54,28,0,0,High Value / Loyal
CUS-005809,38,137.75,5091.81,Month-to-month,High,8,54,44,1,1,Low Value / Dormant
CUS-005810,15,58.17,835.8,One year,Medium,7,10,39,1,3,New / At-Risk
CUS-005811,5,117.92,597.07,One year,Low,0,82,21,0,0,High Value / Loyal
CUS-005812,54,48.48,2629.64,One year,High,2,93,38,1,2,Mid Value / Moderate
CUS-005813,51,84.78,4398.18,One year,High,4,75,19,1,1,Low Value / Dormant
CUS-005814,10,127.2,1266.84,One year,High,7,94,43,0,0,High Value / Loyal
CUS-005815,12,126.12,1562.69,One year,High,6,69,39,0,0,High Value / Loyal
CUS-005816,4,123.26,513.74,Month-to-month,High,1,6,44,1,3,New / At-Risk
CUS-005817,18,127.09,2182.31,Month-to-month,High,6,78,1,1,0,High Value / Loyal
CUS-005818,36,47.49,1751.42,One year,Low,4,16,40,0,3,New / At-Risk
CUS-005819,25,82.69,1971.11,Month-to-month,Medium,5,60,51,0,0,High Value / Loyal
CUS-005820,36,83.03,2972.79,Month-to-month,Medium,7,14,16,0,3,New / At-Risk
CUS-005821,67,135.77,9061.35,One year,Medium,4,33,49,1,1,Low Value / Dormant
CUS-005822,9,58.6,537.71,Two year,High,8,69,55,0,0,High Value / Loyal
CUS-005823,61,141.09,8479.73,Month-to-month,Medium,0,40,47,0,1,Low Value / Dormant
CUS-005824,53,78.6,4299.67,Two year,High,4,78,40,0,2,Mid Value / Moderate
CUS-005825,18,107.07,1897.02,Month-to-month,Medium,0,40,4,0,3,New / At-Risk
CUS-005826,43,54.95,2325.84,One year,Medium,0,9,51,1,2,Mid Value / Moderate
CUS-005827,35,73.34,2495.69,Two year,Medium,0,91,47,0,0,High Value / Loyal
CUS-005828,63,112.27,7203.33,One year,High,4,67,25,0,1,Low Value / Dormant
CUS-005829,4,86.66,331.95,Two year,Medium,8,74,12,1,0,High Value / Loyal
CUS-005830,41,140.99,5701.51,Month-to-month,Medium,1,48,54,0,1,Low Value / Dormant
CUS-005831,45,115.83,5090.68,Month-to-month,High,5,75,33,0,1,Low Value / Dormant
CUS-005832,50,93.37,4542.26,Month-to-month,Medium,4,98,54,0,1,Low Value / Dormant
CUS-005833,28,135.27,3621.2,Two year,Medium,6,65,29,0,0,High Value / Loyal
CUS-005834,42,106.52,4335.42,Two year,Medium,6,10,43,0,1,Low Value / Dormant
CUS-005835,69,104.15,7147.83,Month-to-month,Medium,2,6,40,1,1,Low Value / Dormant
CUS-005836,1,52.03,52.05,Month-to-month,High,5,72,1,1,0,High Value / Loyal
CUS-005837,39,71.33,2717.8,Two year,Medium,2,62,11,0,2,Mid Value / Moderate
CUS-005838,17,108.83,1877.9,One year,High,1,31,55,0,3,New / At-Risk
CUS-005839,35,135.93,4679.53,One year,Medium,4,6,21,0,1,Low Value / Dormant
CUS-005840,46,61.02,2769.71,Two year,High,3,95,37,1,0,High Value / Loyal
CUS-005841,42,48.01,2073.54,Month-to-month,Medium,3,34,12,1,2,Mid Value / Moderate
CUS-005842,39,97.18,3809.73,Month-to-month,Low,3,93,47,1,0,High Value / Loyal
CUS-005843,49,28.74,1471.85,Two year,Low,7,67,51,1,2,Mid Value / Moderate
CUS-005844,62,112.89,6900.73,Month-to-month,Medium,0,62,24,0,1,Low Value / Dormant
CUS-005845,38,111.41,4372.3,Month-to-month,High,2,86,39,1,1,Low Value / Dormant
CUS-005846,23,66.15,1557.61,Month-to-month,Medium,8,12,38,0,3,New / At-Risk
CUS-005847,22,136.05,3109.84,Month-to-month,Medium,2,38,59,0,3,New / At-Risk
CUS-005848,4,85.28,356.72,Month-to-month,Medium,0,83,46,0,0,High Value / Loyal
CUS-005849,49,103.95,4842.76,One year,High,4,7,36,0,1,Low Value / Dormant
CUS-005850,59,47.25,2672.71,Two year,High,3,64,20,0,2,Mid Value / Moderate
CUS-005851,68,74.25,5137.32,Month-to-month,High,9,87,17,0,1,Low Value / Dormant
CUS-005852,71,132.11,9277.12,One year,Medium,7,77,52,0,1,Low Value / Dormant
CUS-005853,2,47.68,98.41,Month-to-month,Medium,8,4,18,1,3,New / At-Risk
CUS-005854,49,70.77,3298.72,Month-to-month,Medium,9,21,12,0,2,Mid Value / Moderate
CUS-005855,31,61.35,1960.23,One year,High,4,78,54,0,0,High Value / Loyal
CUS-005856,40,39.64,1527.93,Two year,High,0,36,24,0,2,Mid Value / Moderate
CUS-005857,48,57.66,2709.78,Two year,Medium,3,7,15,1,2,Mid Value / Moderate
CUS-005858,51,50.26,2683.52,Month-to-month,Medium,2,77,44,1,2,Mid Value / Moderate
CUS-005859,43,140.07,5752.82,Month-to-month,Low,5,35,57,1,1,Low Value / Dormant
CUS-005860,55,116.34,6302.12,Two year,High,1,49,28,0,1,Low Value / Dormant
CUS-005861,49,61.09,2869.19,Month-to-month,High,4,97,59,1,2,Mid Value / Moderate
CUS-005862,57,119.23,7036.66,One year,Medium,7,11,45,0,1,Low Value / Dormant
CUS-005863,15,22.88,350.14,Month-to-month,High,4,89,15,1,0,High Value / Loyal
CUS-005864,27,88.45,2459.83,One year,High,4,24,21,0,3,New / At-Risk
CUS-005865,68,52.54,3582.7,Month-to-month,Low,7,22,43,1,2,Mid Value / Moderate
CUS-005866,64,34.86,2199.41,Month-to-month,Medium,4,43,11,1,2,Mid Value / Moderate
CUS-005867,30,134.89,3845.25,Two year,Medium,3,51,42,1,1,Low Value / Dormant
CUS-005868,36,45.91,1616.21,Month-to-month,Medium,9,49,25,1,2,Mid Value / Moderate
CUS-005869,67,126.91,8515.4,Month-to-month,Medium,8,22,27,1,1,Low Value / Dormant
CUS-005870,49,73.72,3671.6,Month-to-month,Medium,1,79,54,0,2,Mid Value / Moderate
CUS-005871,55,21.86,1169.59,Month-to-month,Low,0,18,27,0,2,Mid Value / Moderate
CUS-005872,56,115.23,6219.83,Month-to-month,Low,3,44,22,0,1,Low Value / Dormant
CUS-005873,68,97.53,6433.94,Month-to-month,Medium,9,32,38,1,1,Low Value / Dormant
CUS-005874,44,64.74,2807.09,Month-to-month,Medium,2,58,29,1,2,Mid Value / Moderate
CUS-005875,31,56.6,1692.93,Two year,Low,8,56,35,1,0,High Value / Loyal
CUS-005876,58,29.58,1656.75,Month-to-month,Medium,2,74,37,0,2,Mid Value / Moderate
CUS-005877,53,142.39,7202.12,One year,Medium,2,9,54,0,1,Low Value / Dormant
CUS-005878,23,84.22,2006.11,One year,Medium,9,63,13,1,0,High Value / Loyal
CUS-005879,28,31.12,846.89,One year,Low,6,89,57,1,0,High Value / Loyal
CUS-005880,16,132.93,2195.32,One year,High,1,4,30,0,3,New / At-Risk
CUS-005881,37,56.25,2068.35,Month-to-month,Medium,7,38,45,1,2,Mid Value / Moderate
CUS-005882,21,46.47,988.76,Month-to-month,Medium,5,42,11,0,3,New / At-Risk
CUS-005883,17,56.52,920.1,Month-to-month,High,8,7,46,1,3,New / At-Risk
CUS-005884,37,93.39,3484.47,Two year,Low,7,42,10,1,3,New / At-Risk
CUS-005885,19,29.63,551.1,One year,Medium,3,60,3,0,0,High Value / Loyal
CUS-005886,30,82.63,2378.51,One year,Medium,7,90,24,0,0,High Value / Loyal
CUS-005887,45,136.45,6390.76,Month-to-month,Low,3,20,42,1,1,Low Value / Dormant
CUS-005888,18,44.46,808.62,One year,Medium,4,63,24,0,0,High Value / Loyal
CUS-005889,62,63.05,3808.41,Month-to-month,Medium,9,21,43,1,2,Mid Value / Moderate
CUS-005890,36,71.5,2553.17,Month-to-month,High,6,5,19,1,3,New / At-Risk
CUS-005891,52,96.21,4931.26,Month-to-month,Medium,5,30,7,1,1,Low Value / Dormant
CUS-005892,19,139.5,2703.72,Two year,High,4,63,23,0,0,High Value / Loyal
CUS-005893,44,71.29,3170.46,One year,High,1,59,17,0,2,Mid Value / Moderate
CUS-005894,7,28.99,193.18,Month-to-month,High,4,38,37,0,3,New / At-Risk
CUS-005895,44,65.23,2783.55,Month-to-month,Medium,9,36,8,1,2,Mid Value / Moderate
CUS-005896,68,44.71,3033.71,Month-to-month,Medium,6,38,23,1,2,Mid Value / Moderate
CUS-005897,34,104.73,3541.43,One year,High,5,23,48,0,3,New / At-Risk
CUS-005898,66,23.8,1573.69,One year,Medium,5,23,4,1,2,Mid Value / Moderate
CUS-005899,69,57.95,4084.51,Month-to-month,Medium,4,58,47,1,2,Mid Value / Moderate
CUS-005900,55,90.87,5088.96,Two year,Medium,8,48,44,1,1,Low Value / Dormant
CUS-005901,10,56.05,553.41,Two year,Low,0,6,12,0,3,New / At-Risk
CUS-005902,42,91.63,3993.74,Two year,Medium,3,46,20,0,1,Low Value / Dormant
CUS-005903,41,34.91,1368.85,Month-to-month,Low,6,87,8,0,2,Mid Value / Moderate
CUS-005904,69,142.56,9920.1,Month-to-month,Medium,0,15,1,0,1,Low Value / Dormant
CUS-005905,10,57.82,604.18,Month-to-month,Medium,3,1,52,1,3,New / At-Risk
CUS-005906,10,139.99,1406.77,Month-to-month,High,5,92,47,1,0,High Value / Loyal
CUS-005907,60,62.36,3724.72,Two year,Medium,9,74,0,0,2,Mid Value / Moderate
CUS-005908,51,121.64,5976.5,Month-to-month,Medium,7,33,7,1,1,Low Value / Dormant
CUS-005909,21,52.0,1125.97,Two year,Low,6,24,23,1,3,New / At-Risk
CUS-005910,8,107.07,845.75,One year,High,8,70,33,1,0,High Value / Loyal
CUS-005911,65,62.08,4116.61,Month-to-month,Medium,6,14,9,1,2,Mid Value / Moderate
CUS-005912,30,86.19,2507.51,One year,Low,2,96,44,0,0,High Value / Loyal
CUS-005913,49,107.6,5030.66,Month-to-month,Medium,9,83,0,0,1,Low Value / Dormant
CUS-005914,9,96.55,852.09,Month-to-month,Medium,3,70,34,1,0,High Value / Loyal
CUS-005915,17,94.92,1578.31,Two year,Medium,2,84,40,0,0,High Value / Loyal
CUS-005916,69,28.54,2042.7,One year,High,8,89,54,1,2,Mid Value / Moderate
CUS-005917,58,52.38,3148.83,Month-to-month,Low,7,84,54,1,2,Mid Value / Moderate
CUS-005918,57,94.34,5395.56,Two year,Medium,9,38,25,1,1,Low Value / Dormant
CUS-005919,62,22.38,1320.89,Month-to-month,Medium,8,11,3,0,2,Mid Value / Moderate
CUS-005920,52,52.58,2660.07,Month-to-month,Low,9,63,30,1,2,Mid Value / Moderate
CUS-005921,61,49.79,3079.66,Month-to-month,High,9,32,4,0,2,Mid Value / Moderate
CUS-005922,40,52.48,2015.58,Month-to-month,High,1,29,22,1,2,Mid Value / Moderate
CUS-005923,38,89.63,3474.24,Month-to-month,Medium,4,30,33,1,3,New / At-Risk
CUS-005924,43,95.65,3912.42,Two year,High,4,29,14,0,1,Low Value / Dormant
CUS-005925,63,138.17,8863.59,Two year,Medium,6,86,2,0,1,Low Value / Dormant
CUS-005926,19,70.18,1379.44,Two year,Medium,3,11,18,1,3,New / At-Risk
CUS-005927,50,140.46,7001.15,One year,Low,3,49,42,0,1,Low Value / Dormant
CUS-005928,33,104.75,3570.64,One year,Medium,7,84,38,1,0,High Value / Loyal
CUS-005929,13,138.65,1853.14,One year,Medium,0,78,38,1,0,High Value / Loyal
CUS-005930,62,128.35,8094.2,Month-to-month,High,5,91,26,1,1,Low Value / Dormant
CUS-005931,43,109.39,4677.79,One year,Medium,8,64,21,0,1,Low Value / Dormant
CUS-005932,49,66.29,3174.3,Two year,Medium,1,38,48,0,2,Mid Value / Moderate
CUS-005933,36,51.34,1915.1,Month-to-month,High,4,60,57,1,2,Mid Value / Moderate
CUS-005934,10,48.91,496.38,Month-to-month,Medium,9,68,58,0,0,High Value / Loyal
CUS-005935,6,143.78,888.41,Month-to-month,High,9,7,14,1,3,New / At-Risk
CUS-005936,57,144.61,8285.87,Month-to-month,Medium,8,94,39,0,1,Low Value / Dormant
CUS-005937,1,114.23,110.48,One year,Low,3,74,41,1,0,High Value / Loyal
CUS-005938,71,134.89,10036.62,One year,High,8,7,14,1,1,Low Value / Dormant
CUS-005939,58,139.47,7832.59,Month-to-month,High,7,5,31,0,1,Low Value / Dormant
CUS-005940,21,86.5,1891.25,Month-to-month,Medium,8,68,57,1,0,High Value / Loyal
CUS-005941,56,101.78,5533.21,One year,Low,1,47,30,0,1,Low Value / Dormant
CUS-005942,20,74.44,1469.97,One year,Low,9,36,51,1,3,New / At-Risk
CUS-005943,54,74.4,3993.73,Two year,Medium,4,15,55,1,2,Mid Value / Moderate
CUS-005944,25,25.0,651.23,Month-to-month,High,9,39,38,1,2,Mid Value / Moderate
CUS-005945,28,76.4,2222.15,Month-to-month,Medium,8,38,16,1,3,New / At-Risk
CUS-005946,5,107.55,555.15,Month-to-month,Low,4,36,54,1,3,New / At-Risk
CUS-005947,21,74.86,1552.62,Month-to-month,High,3,2,51,1,3,New / At-Risk
CUS-005948,18,133.41,2282.45,Month-to-month,High,7,15,52,1,3,New / At-Risk
CUS-005949,47,63.23,3025.93,Month-to-month,Medium,5,84,12,0,2,Mid Value / Moderate
CUS-005950,70,37.25,2584.19,One year,Low,1,55,37,1,2,Mid Value / Moderate
CUS-005951,57,125.5,7337.54,Month-to-month,Medium,7,98,36,0,1,Low Value / Dormant
CUS-005952,19,107.61,2104.94,Two year,High,4,77,15,0,0,High Value / Loyal
CUS-005953,65,51.44,3323.22,Month-to-month,Medium,6,60,27,1,2,Mid Value / Moderate
CUS-005954,3,89.74,275.9,Month-to-month,Medium,3,25,33,1,3,New / At-Risk
CUS-005955,42,72.24,3137.25,Month-to-month,Medium,8,14,31,1,3,New / At-Risk
CUS-005956,21,142.05,3110.91,Two year,Low,1,9,55,0,3,New / At-Risk
CUS-005957,40,98.95,3990.76,Month-to-month,Medium,9,49,23,1,1,Low Value / Dormant
CUS-005958,67,40.59,2795.3,Month-to-month,Medium,8,35,36,1,2,Mid Value / Moderate
CUS-005959,25,85.28,2130.82,Month-to-month,Medium,3,86,4,0,0,High Value / Loyal
CUS-005960,55,132.13,6934.19,One year,Medium,5,5,43,1,1,Low Value / Dormant
CUS-005961,52,107.29,5386.95,One year,High,4,78,22,0,1,Low Value / Dormant
CUS-005962,44,129.52,5486.96,Month-to-month,Medium,2,17,49,1,1,Low Value / Dormant
CUS-005963,56,52.55,2846.31,One year,Medium,6,69,20,0,2,Mid Value / Moderate
CUS-005964,55,135.49,7086.74,Month-to-month,Medium,3,77,0,0,1,Low Value / Dormant
CUS-005965,70,118.23,8572.93,Month-to-month,Low,0,54,12,0,1,Low Value / Dormant
CUS-005966,66,114.76,7619.64,One year,Low,7,47,51,1,1,Low Value / Dormant
CUS-005967,19,65.05,1221.51,Two year,Medium,2,95,43,0,0,High Value / Loyal
CUS-005968,7,135.4,939.22,One year,Low,5,49,7,1,3,New / At-Risk
CUS-005969,63,102.94,6461.28,Month-to-month,Medium,1,74,0,1,1,Low Value / Dormant
CUS-005970,42,130.74,5257.06,Month-to-month,Medium,8,62,14,1,1,Low Value / Dormant
CUS-005971,42,66.93,2747.56,Two year,High,3,23,9,0,2,Mid Value / Moderate
CUS-005972,59,38.93,2377.93,Month-to-month,Medium,6,93,0,0,2,Mid Value / Moderate
CUS-005973,20,63.2,1294.88,One year,Medium,8,16,13,1,3,New / At-Risk
CUS-005974,17,79.18,1354.67,One year,High,2,81,44,0,0,High Value / Loyal
CUS-005975,27,89.34,2407.61,One year,High,2,7,51,0,3,New / At-Risk
CUS-005976,47,86.41,3963.16,Month-to-month,Medium,2,43,41,1,2,Mid Value / Moderate
CUS-005977,2,90.99,181.45,Month-to-month,Medium,4,78,36,0,0,High Value / Loyal
CUS-005978,63,129.42,8233.36,Month-to-month,Medium,9,44,40,0,1,Low Value / Dormant
CUS-005979,62,42.11,2666.54,Two year,Medium,5,9,45,0,2,Mid Value / Moderate
CUS-005980,19,61.09,1121.96,Month-to-month,Medium,2,71,20,1,0,High Value / Loyal
CUS-005981,17,135.52,2375.96,One year,Medium,9,78,0,0,0,High Value / Loyal
CUS-005982,69,92.86,6308.52,One year,Low,8,80,46,1,1,Low Value / Dormant
CUS-005983,39,95.84,3739.0,Month-to-month,Medium,0,60,26,0,1,Low Value / Dormant
CUS-005984,71,82.15,5895.45,One year,High,6,10,50,1,1,Low Value / Dormant
CUS-005985,39,91.37,3559.06,One year,Medium,8,5,51,1,3,New / At-Risk
CUS-005986,36,45.75,1658.86,Two year,Low,4,51,30,0,2,Mid Value / Moderate
CUS-005987,40,91.09,3502.16,Month-to-month,High,2,7,6,1,3,New / At-Risk
CUS-005988,45,149.63,6687.78,Two year,Low,9,22,17,1,1,Low Value / Dormant
CUS-005989,4,93.59,366.13,Month-to-month,High,3,24,35,0,3,New / At-Risk
CUS-005990,25,25.77,617.64,One year,High,7,42,23,0,2,Mid Value / Moderate
CUS-005991,69,123.54,8261.19,Month-to-month,Low,2,22,52,1,1,Low Value / Dormant
CUS-005992,30,71.54,2168.24,Month-to-month,Medium,4,35,37,0,3,New / At-Risk
CUS-005993,68,39.98,2636.04,Month-to-month,Medium,2,55,34,1,2,Mid Value / Moderate
CUS-005994,29,132.13,3709.49,Month-to-month,High,5,3,3,1,3,New / At-Risk
CUS-005995,68,45.74,3126.51,Month-to-month,High,0,71,56,0,2,Mid Value / Moderate
CUS-005996,51,139.7,7413.03,Two year,Low,6,19,1,0,1,Low Value / Dormant
CUS-005997,24,77.43,1912.06,One year,Medium,5,42,34,1,3,New / At-Risk
CUS-005998,14,116.56,1697.98,One year,Low,5,46,17,0,3,New / At-Risk
CUS-005999,69,91.11,6338.72,Month-to-month,Medium,2,72,1,1,1,Low Value / Dormant
CUS-006000,18,53.36,951.86,Two year,High,0,87,26,0,0,High Value / Loyal
CUS-006001,42,107.24,4607.59,Two year,High,0,20,56,1,1,Low Value / Dormant
CUS-006002,57,144.53,8041.54,Month-to-month,Medium,6,33,39,1,1,Low Value / Dormant
CUS-006003,12,120.05,1379.85,Month-to-month,Low,3,6,6,1,3,New / At-Risk
CUS-006004,17,98.52,1648.85,One year,Medium,5,15,40,1,3,New / At-Risk
CUS-006005,30,148.78,4373.84,Month-to-month,Medium,3,69,30,1,1,Low Value / Dormant
CUS-006006,23,54.49,1275.33,Two year,High,7,78,55,1,0,High Value / Loyal
CUS-006007,1,28.1,28.25,Month-to-month,High,8,73,40,1,0,High Value / Loyal
CUS-006008,32,24.18,745.68,Month-to-month,Medium,1,90,33,0,0,High Value / Loyal
CUS-006009,9,112.39,1052.83,One year,Low,0,96,6,0,0,High Value / Loyal
CUS-006010,15,127.93,1936.86,Month-to-month,High,0,31,56,0,3,New / At-Risk
CUS-006011,28,102.56,2859.61,Month-to-month,Medium,6,6,44,0,3,New / At-Risk
CUS-006012,24,137.65,3448.12,Month-to-month,Medium,1,1,28,1,3,New / At-Risk
CUS-006013,60,110.74,6376.65,One year,Medium,2,19,56,1,1,Low Value / Dormant
CUS-006014,35,68.22,2456.99,Month-to-month,Low,3,15,7,0,3,New / At-Risk
CUS-006015,27,43.56,1160.3,One year,Low,8,34,32,0,3,New / At-Risk
CUS-006016,20,140.2,2858.87,Month-to-month,Low,9,64,2,1,0,High Value / Loyal
CUS-006017,65,33.47,2269.1,One year,Medium,1,83,39,0,2,Mid Value / Moderate
CUS-006018,49,90.59,4446.7,Month-to-month,Medium,9,49,31,0,1,Low Value / Dormant
CUS-006019,1,60.82,57.92,Month-to-month,High,1,75,18,1,0,High Value / Loyal
CUS-006020,10,55.28,526.79,One year,Low,0,82,3,0,0,High Value / Loyal
CUS-006021,47,103.96,4803.26,Month-to-month,Low,7,88,9,0,1,Low Value / Dormant
CUS-006022,59,50.06,3036.78,One year,Medium,7,46,17,0,2,Mid Value / Moderate
CUS-006023,62,139.13,8443.26,Month-to-month,Medium,4,51,18,0,1,Low Value / Dormant
CUS-006024,18,72.79,1288.46,One year,High,2,73,52,1,0,High Value / Loyal
CUS-006025,46,108.06,5112.1,One year,Medium,0,11,11,0,1,Low Value / Dormant
CUS-006026,32,114.61,3526.7,One year,Medium,1,4,10,0,3,New / At-Risk
CUS-006027,27,108.78,3038.99,Two year,Medium,8,82,31,0,0,High Value / Loyal
CUS-006028,18,137.44,2416.01,Month-to-month,High,7,87,5,1,0,High Value / Loyal
CUS-006029,39,50.05,1864.24,Two year,Low,9,41,37,0,2,Mid Value / Moderate
CUS-006030,49,31.19,1469.69,Month-to-month,High,3,64,54,0,2,Mid Value / Moderate
CUS-006031,44,27.21,1251.45,Month-to-month,High,2,1,27,0,2,Mid Value / Moderate
CUS-006032,54,134.12,7207.21,Month-to-month,High,4,89,25,1,1,Low Value / Dormant
CUS-006033,34,146.53,4860.59,One year,High,7,9,7,1,1,Low Value / Dormant
CUS-006034,71,59.33,4221.28,One year,Medium,9,39,53,0,2,Mid Value / Moderate
CUS-006035,36,110.16,4037.96,Month-to-month,Medium,5,65,9,1,1,Low Value / Dormant
CUS-006036,18,21.16,373.95,One year,Medium,9,17,21,1,3,New / At-Risk
CUS-006037,38,44.52,1729.95,Two year,Medium,3,67,33,0,2,Mid Value / Moderate
CUS-006038,59,109.61,6306.52,One year,Low,7,87,44,1,1,Low Value / Dormant
CUS-006039,9,28.57,247.12,Month-to-month,High,3,1,50,0,3,New / At-Risk
CUS-006040,51,80.91,4146.73,Month-to-month,High,4,24,21,0,2,Mid Value / Moderate
CUS-006041,35,106.14,3585.15,Month-to-month,Medium,1,77,21,0,0,High Value / Loyal
CUS-006042,5,119.57,624.21,Month-to-month,Medium,9,20,5,1,3,New / At-Risk
CUS-006043,14,79.0,1050.7,Month-to-month,High,3,64,30,0,0,High Value / Loyal
CUS-006044,30,101.94,3136.3,Month-to-month,High,9,20,35,1,3,New / At-Risk
CUS-006045,4,90.14,352.63,Two year,Medium,9,76,10,0,0,High Value / Loyal
CUS-006046,39,26.8,1081.36,One year,Low,2,81,17,0,2,Mid Value / Moderate
CUS-006047,64,116.56,7132.0,Two year,Medium,7,85,55,0,1,Low Value / Dormant
CUS-006048,25,42.41,1108.2,Two year,Medium,7,40,33,1,3,New / At-Risk
CUS-006049,28,24.13,648.84,One year,Low,6,88,2,0,0,High Value / Loyal
CUS-006050,66,78.65,5340.46,Month-to-month,High,5,30,48,1,1,Low Value / Dormant
CUS-006051,22,132.53,2920.78,One year,Medium,8,23,40,0,3,New / At-Risk
CUS-006052,31,39.61,1219.3,Month-to-month,High,3,23,50,1,3,New / At-Risk
CUS-006053,23,21.67,487.49,Month-to-month,High,3,56,49,1,0,High Value / Loyal
CUS-006054,48,34.3,1702.47,Month-to-month,Medium,5,47,37,0,2,Mid Value / Moderate
CUS-006055,20,67.28,1305.11,Month-to-month,Low,0,17,55,1,3,New / At-Risk
CUS-006056,38,95.42,3706.27,One year,Medium,1,2,35,0,3,New / At-Risk
CUS-006057,55,45.09,2466.59,Two year,Medium,1,88,16,0,2,Mid Value / Moderate
CUS-006058,68,124.26,8870.56,Month-to-month,Low,9,33,29,1,1,Low Value / Dormant
CUS-006059,1,117.93,119.24,Month-to-month,Medium,3,15,54,0,3,New / At-Risk
CUS-006060,7,110.46,742.63,Month-to-month,High,4,32,29,1,3,New / At-Risk
CUS-006061,57,83.37,4713.91,One year,Low,1,34,50,0,1,Low Value / Dormant
CUS-006062,12,67.48,774.62,Month-to-month,Medium,7,60,52,1,0,High Value / Loyal
CUS-006063,5,68.83,336.76,Two year,Medium,4,86,42,0,0,High Value / Loyal
CUS-006064,50,85.4,4203.06,Month-to-month,High,7,31,49,1,2,Mid Value / Moderate
CUS-006065,42,30.05,1306.71,Two year,Low,8,15,30,1,2,Mid Value / Moderate
CUS-006066,12,108.7,1348.48,Month-to-month,High,8,20,31,1,3,New / At-Risk
CUS-006067,18,65.7,1124.77,Month-to-month,Low,3,87,55,1,0,High Value / Loyal
CUS-006068,66,49.22,3258.92,Month-to-month,High,9,31,47,1,2,Mid Value / Moderate
CUS-006069,17,56.18,928.7,One year,Medium,1,2,18,0,3,New / At-Risk
CUS-006070,68,43.44,2900.66,Month-to-month,Medium,1,13,8,1,2,Mid Value / Moderate
CUS-006071,71,137.2,9275.49,Two year,High,4,96,48,0,1,Low Value / Dormant
CUS-006072,62,41.97,2667.44,Month-to-month,High,9,16,15,1,2,Mid Value / Moderate
CUS-006073,41,134.78,5774.99,One year,High,3,15,37,0,1,Low Value / Dormant
CUS-006074,34,94.39,3119.22,Month-to-month,Medium,5,25,18,1,3,New / At-Risk
CUS-006075,70,132.77,9146.75,Month-to-month,Medium,8,76,29,1,1,Low Value / Dormant
CUS-006076,45,81.63,3565.44,Month-to-month,Low,6,28,35,0,2,Mid Value / Moderate
CUS-006077,58,140.59,8505.04,Two year,High,3,12,10,0,1,Low Value / Dormant
CUS-006078,51,47.49,2303.34,Month-to-month,Medium,6,85,51,1,2,Mid Value / Moderate
CUS-006079,34,92.11,3158.0,Month-to-month,High,1,76,14,0,0,High Value / Loyal
CUS-006080,44,36.36,1659.11,Month-to-month,Medium,4,54,23,1,2,Mid Value / Moderate
CUS-006081,15,78.14,1135.31,One year,Low,8,58,40,0,0,High Value / Loyal
CUS-006082,70,94.09,6645.4,Month-to-month,Medium,8,16,20,0,1,Low Value / Dormant
CUS-006083,50,98.74,4715.05,Two year,Low,3,62,59,0,1,Low Value / Dormant
CUS-006084,32,67.52,2228.57,Month-to-month,Medium,7,74,42,0,0,High Value / Loyal
CUS-006085,67,29.92,1959.66,Month-to-month,High,4,10,9,0,2,Mid Value / Moderate
CUS-006086,3,105.19,331.0,Month-to-month,Low,2,66,41,1,0,High Value / Loyal
CUS-006087,51,83.5,4438.01,Month-to-month,Medium,5,91,50,0,1,Low Value / Dormant
CUS-006088,67,37.79,2591.09,Month-to-month,High,3,52,24,1,2,Mid Value / Moderate
CUS-006089,48,141.66,6797.72,Month-to-month,Low,2,30,31,0,1,Low Value / Dormant
CUS-006090,17,144.24,2517.4,Month-to-month,Medium,3,97,32,0,0,High Value / Loyal
CUS-006091,7,131.36,885.55,One year,High,0,16,48,1,3,New / At-Risk
CUS-006092,13,129.7,1654.13,Month-to-month,High,9,10,50,1,3,New / At-Risk
CUS-006093,66,32.83,2064.1,Month-to-month,High,7,15,49,1,2,Mid Value / Moderate
CUS-006094,4,149.14,605.23,One year,High,8,26,23,0,3,New / At-Risk
CUS-006095,10,72.05,742.51,Month-to-month,Low,5,61,20,0,0,High Value / Loyal
CUS-006096,17,41.21,731.76,Month-to-month,Low,4,15,25,1,3,New / At-Risk
CUS-006097,52,125.57,6651.59,One year,High,8,6,16,0,1,Low Value / Dormant
CUS-006098,6,49.34,302.94,Month-to-month,High,3,81,18,1,0,High Value / Loyal
CUS-006099,69,88.4,6341.01,Month-to-month,Medium,0,1,2,0,1,Low Value / Dormant
CUS-006100,9,36.64,344.17,Month-to-month,High,6,87,12,0,0,High Value / Loyal
CUS-006101,21,81.7,1714.29,Month-to-month,High,0,98,1,0,0,High Value / Loyal
CUS-006102,24,92.56,2134.72,Two year,Medium,8,35,40,1,3,New / At-Risk
CUS-006103,4,77.97,310.83,Month-to-month,High,3,89,44,1,0,High Value / Loyal
CUS-006104,24,29.03,700.71,One year,Medium,2,1,31,1,3,New / At-Risk
CUS-006105,59,83.04,4963.93,One year,Medium,3,89,32,0,1,Low Value / Dormant
CUS-006106,3,80.96,254.77,One year,Medium,0,38,31,0,3,New / At-Risk
CUS-006107,68,54.01,3826.08,One year,High,5,80,41,0,2,Mid Value / Moderate
CUS-006108,40,139.81,5534.37,Month-to-month,Medium,6,41,52,0,1,Low Value / Dormant
CUS-006109,48,74.31,3429.14,Month-to-month,High,6,12,24,1,2,Mid Value / Moderate
CUS-006110,54,132.34,6942.28,Two year,High,4,64,59,0,1,Low Value / Dormant
CUS-006111,35,34.26,1159.86,One year,Medium,9,10,2,0,3,New / At-Risk
CUS-006112,56,61.45,3391.87,Month-to-month,High,9,27,41,0,2,Mid Value / Moderate
CUS-006113,40,42.92,1781.56,Month-to-month,High,4,39,50,0,2,Mid Value / Moderate
CUS-006114,68,73.09,4939.52,Month-to-month,Medium,5,71,6,1,2,Mid Value / Moderate
CUS-006115,46,34.51,1598.27,Two year,Medium,9,70,48,0,2,Mid Value / Moderate
CUS-006116,13,77.33,973.09,One year,Medium,7,45,24,1,3,New / At-Risk
CUS-006117,27,66.0,1780.81,One year,Medium,8,11,22,1,3,New / At-Risk
CUS-006118,6,49.03,305.18,Month-to-month,High,5,24,27,1,3,New / At-Risk
CUS-006119,17,103.48,1807.32,Month-to-month,High,2,57,11,0,0,High Value / Loyal
CUS-006120,36,143.62,4953.73,Month-to-month,Medium,5,40,7,1,1,Low Value / Dormant
CUS-006121,2,46.92,97.25,Month-to-month,High,3,89,49,1,0,High Value / Loyal
CUS-006122,52,112.53,5719.36,Month-to-month,Medium,3,37,34,1,1,Low Value / Dormant
CUS-006123,66,116.51,7817.06,Month-to-month,Medium,6,3,24,1,1,Low Value / Dormant
CUS-006124,52,84.76,4251.45,Month-to-month,High,5,68,29,0,2,Mid Value / Moderate
CUS-006125,43,136.7,5980.62,One year,Medium,7,68,31,0,1,Low Value / Dormant
CUS-006126,22,145.63,3055.12,Month-to-month,Medium,7,1,35,1,3,New / At-Risk
CUS-006127,55,67.09,3727.2,Month-to-month,High,2,94,31,1,2,Mid Value / Moderate
CUS-006128,67,104.63,7112.81,Two year,Low,3,79,52,1,1,Low Value / Dormant
CUS-006129,60,106.09,6202.62,Month-to-month,High,1,45,24,1,1,Low Value / Dormant
CUS-006130,58,72.47,4387.09,Month-to-month,Medium,0,31,25,1,2,Mid Value / Moderate
CUS-006131,12,61.18,700.86,Two year,Medium,6,37,7,0,3,New / At-Risk
CUS-006132,69,141.39,10137.82,One year,Medium,7,69,4,1,1,Low Value / Dormant
CUS-006133,39,122.7,4728.69,One year,Low,7,43,42,0,1,Low Value / Dormant
CUS-006134,13,34.88,463.14,Month-to-month,High,5,85,1,0,0,High Value / Loyal
CUS-006135,41,35.58,1481.09,Two year,Medium,6,99,18,0,0,High Value / Loyal
CUS-006136,57,139.93,7711.43,Month-to-month,Medium,7,4,2,1,1,Low Value / Dormant
CUS-006137,53,30.58,1591.57,Two year,High,3,71,11,0,2,Mid Value / Moderate
CUS-006138,12,109.49,1317.84,Two year,Medium,7,29,38,0,3,New / At-Risk
CUS-006139,13,49.48,665.51,One year,High,5,99,31,1,0,High Value / Loyal
CUS-006140,57,24.57,1464.44,One year,High,6,96,5,1,2,Mid Value / Moderate
CUS-006141,40,27.75,1056.89,One year,Low,9,11,54,1,2,Mid Value / Moderate
CUS-006142,45,68.56,3039.62,Month-to-month,High,6,33,7,0,2,Mid Value / Moderate
CUS-006143,35,30.09,1070.73,One year,High,7,53,58,1,2,Mid Value / Moderate
CUS-006144,3,97.56,293.5,Two year,High,4,17,4,0,3,New / At-Risk
CUS-006145,5,104.14,543.78,Month-to-month,Medium,1,12,12,1,3,New / At-Risk
CUS-006146,11,68.55,717.64,Two year,High,7,1,30,1,3,New / At-Risk
CUS-006147,71,116.57,8225.23,One year,Medium,0,56,12,0,1,Low Value / Dormant
CUS-006148,56,83.71,4766.64,One year,Low,1,23,53,0,1,Low Value / Dormant
CUS-006149,10,75.93,737.85,Month-to-month,Low,4,7,0,0,3,New / At-Risk
CUS-006150,34,72.91,,Month-to-month,Medium,3,78,45,0,0,High Value / Loyal
CUS-006151,67,76.04,4881.58,Two year,High,1,41,3,0,2,Mid Value / Moderate
CUS-006152,31,145.83,4498.45,Month-to-month,Medium,3,53,53,0,1,Low Value / Dormant
CUS-006153,71,108.58,7845.25,One year,High,6,7,19,0,1,Low Value / Dormant
CUS-006154,66,60.98,3930.63,One year,Medium,4,78,28,0,2,Mid Value / Moderate
CUS-006155,70,115.4,7733.87,Month-to-month,Low,3,98,31,1,1,Low Value / Dormant
CUS-006156,41,62.93,2698.25,One year,High,1,66,32,0,2,Mid Value / Moderate
CUS-006157,63,36.34,2384.35,Month-to-month,Medium,1,84,13,0,2,Mid Value / Moderate
CUS-006158,32,81.8,2729.1,Month-to-month,Medium,0,81,18,0,0,High Value / Loyal
CUS-006159,20,117.63,2465.24,Month-to-month,Low,9,74,50,1,0,High Value / Loyal
CUS-006160,57,69.1,3814.28,One year,Medium,5,53,2,1,2,Mid Value / Moderate
CUS-006161,50,132.99,6422.07,Two year,Medium,5,5,51,1,1,Low Value / Dormant
CUS-006162,25,70.3,1675.73,Month-to-month,High,3,97,10,1,0,High Value / Loyal
CUS-006163,12,65.48,816.54,Month-to-month,Low,8,36,8,1,3,New / At-Risk
CUS-006164,71,149.77,10902.57,Month-to-month,High,3,44,56,1,1,Low Value / Dormant
CUS-006165,39,82.72,3269.13,Month-to-month,Medium,2,11,55,1,3,New / At-Risk
CUS-006166,17,124.68,2210.19,Month-to-month,Medium,9,64,50,1,0,High Value / Loyal
CUS-006167,45,124.65,5651.29,Two year,High,8,21,27,0,1,Low Value / Dormant
CUS-006168,11,140.43,1487.51,Two year,Low,0,4,1,1,3,New / At-Risk
CUS-006169,70,31.04,2102.34,Month-to-month,High,1,89,12,0,2,Mid Value / Moderate
CUS-006170,23,55.26,1224.2,One year,High,0,35,34,0,3,New / At-Risk
CUS-006171,70,119.81,8225.2,One year,Medium,6,35,30,1,1,Low Value / Dormant
CUS-006172,38,93.14,3496.6,Two year,Medium,0,35,42,0,3,New / At-Risk
CUS-006173,2,92.75,191.01,Month-to-month,Low,0,39,13,1,3,New / At-Risk
CUS-006174,37,41.61,1491.96,Two year,Medium,5,33,14,0,2,Mid Value / Moderate
CUS-006175,49,56.55,2833.39,Two year,Medium,5,77,4,0,2,Mid Value / Moderate
CUS-006176,52,87.77,4560.21,Two year,High,4,68,38,0,1,Low Value / Dormant
CUS-006177,33,56.03,1941.5,One year,Medium,3,44,33,0,2,Mid Value / Moderate
CUS-006178,22,47.34,1070.21,Month-to-month,Medium,7,51,37,0,0,High Value / Loyal
CUS-006179,5,31.41,164.41,One year,High,2,38,42,0,3,New / At-Risk
CUS-006180,18,40.24,712.98,Month-to-month,Medium,0,42,58,0,3,New / At-Risk
CUS-006181,38,119.95,4386.39,Month-to-month,Low,0,45,1,1,1,Low Value / Dormant
CUS-006182,37,113.44,4199.8,Month-to-month,Low,4,30,44,0,1,Low Value / Dormant
CUS-006183,64,25.96,1598.91,Month-to-month,Low,2,91,32,1,2,Mid Value / Moderate
CUS-006184,10,46.43,463.92,Month-to-month,Medium,2,35,26,1,3,New / At-Risk
CUS-006185,42,92.86,3810.36,Month-to-month,Medium,1,28,2,1,3,New / At-Risk
CUS-006186,48,61.94,2970.54,Month-to-month,High,8,41,51,0,2,Mid Value / Moderate
CUS-006187,44,127.02,5840.29,Month-to-month,Low,5,45,1,1,1,Low Value / Dormant
CUS-006188,16,122.05,1911.58,Month-to-month,High,6,48,50,1,3,New / At-Risk
CUS-006189,54,135.91,7701.02,Two year,Medium,1,55,27,0,1,Low Value / Dormant
CUS-006190,35,93.18,3173.06,One year,Medium,0,8,53,0,3,New / At-Risk
CUS-006191,28,65.77,1787.8,One year,Medium,7,26,29,1,3,New / At-Risk
CUS-006192,2,98.79,198.46,Month-to-month,Low,9,98,40,1,0,High Value / Loyal
CUS-006193,13,31.59,424.69,Two year,Medium,3,29,49,1,3,New / At-Risk
CUS-006194,41,21.25,892.83,Two year,Medium,8,55,22,0,2,Mid Value / Moderate
CUS-006195,59,22.22,1340.42,Month-to-month,Medium,8,66,32,0,2,Mid Value / Moderate
CUS-006196,69,72.98,4926.2,Month-to-month,High,3,70,51,1,2,Mid Value / Moderate
CUS-006197,53,49.65,2505.81,One year,High,9,48,13,0,2,Mid Value / Moderate
CUS-006198,45,40.45,1758.85,One year,Low,2,80,13,0,2,Mid Value / Moderate
CUS-006199,20,99.99,1969.74,Month-to-month,High,4,7,49,1,3,New / At-Risk
CUS-006200,24,149.36,3753.78,Two year,Medium,5,75,12,0,0,High Value / Loyal
CUS-006201,61,43.11,2739.97,Month-to-month,Medium,9,80,3,0,2,Mid Value / Moderate
CUS-006202,58,91.03,5121.96,One year,Medium,3,6,49,1,1,Low Value / Dormant
CUS-006203,27,35.56,981.91,Month-to-month,Medium,0,37,18,0,2,Mid Value / Moderate
CUS-006204,26,141.45,3706.78,Month-to-month,Medium,6,9,23,0,3,New / At-Risk
CUS-006205,7,57.93,387.24,Month-to-month,High,4,3,35,0,3,New / At-Risk
CUS-006206,42,134.18,5563.43,Month-to-month,Low,1,53,5,1,1,Low Value / Dormant
CUS-006207,47,56.8,2665.88,Two year,Medium,8,93,11,0,2,Mid Value / Moderate
CUS-006208,53,124.79,6724.53,One year,Medium,7,8,8,1,1,Low Value / Dormant
CUS-006209,59,47.22,2728.82,Two year,Low,9,40,12,1,2,Mid Value / Moderate
CUS-006210,38,58.06,2302.1,Two year,High,6,17,23,1,3,New / At-Risk
CUS-006211,69,45.02,3091.56,Month-to-month,Medium,8,70,45,1,2,Mid Value / Moderate
CUS-006212,53,54.35,2808.31,Month-to-month,Medium,9,47,14,0,2,Mid Value / Moderate
CUS-006213,15,128.53,1892.6,Two year,High,1,11,45,0,3,New / At-Risk
CUS-006214,26,103.07,2747.43,One year,Medium,2,10,49,0,3,New / At-Risk
CUS-006215,48,72.76,3541.69,One year,Low,8,61,29,0,2,Mid Value / Moderate
CUS-006216,19,146.3,2846.97,Month-to-month,High,5,2,31,1,3,New / At-Risk
CUS-006217,9,80.43,708.86,Two year,Medium,1,29,31,0,3,New / At-Risk
CUS-006218,64,146.07,9186.53,One year,High,5,70,33,0,1,Low Value / Dormant
CUS-006219,54,45.56,2434.63,Two year,Medium,4,51,34,0,2,Mid Value / Moderate
CUS-006220,51,137.6,6799.22,Two year,Medium,9,73,17,1,1,Low Value / Dormant
CUS-006221,39,21.8,866.32,One year,Low,4,66,18,0,2,Mid Value / Moderate
CUS-006222,4,90.89,357.35,One year,High,4,68,49,1,0,High Value / Loyal
CUS-006223,3,75.0,221.08,Month-to-month,Medium,1,57,14,0,0,High Value / Loyal
CUS-006224,64,88.26,5518.45,Month-to-month,High,5,41,21,0,1,Low Value / Dormant
CUS-006225,29,91.95,2653.91,One year,Medium,6,94,24,1,0,High Value / Loyal
CUS-006226,11,70.57,797.43,Month-to-month,High,8,64,23,0,0,High Value / Loyal
CUS-006227,58,149.77,8977.94,Two year,High,4,4,5,0,1,Low Value / Dormant
CUS-006228,27,146.95,4088.35,One year,Medium,4,1,35,0,3,New / At-Risk
CUS-006229,21,145.03,3082.48,Two year,Medium,8,75,9,1,0,High Value / Loyal
CUS-006230,39,147.28,5617.84,Month-to-month,High,5,7,11,1,1,Low Value / Dormant
CUS-006231,46,123.09,5795.19,Two year,Medium,6,82,4,0,1,Low Value / Dormant
CUS-006232,66,148.52,9350.58,One year,Medium,3,8,19,1,1,Low Value / Dormant
CUS-006233,36,136.01,5042.23,Two year,Medium,3,94,36,0,1,Low Value / Dormant
CUS-006234,65,74.07,4949.55,Month-to-month,Medium,0,79,47,0,2,Mid Value / Moderate
CUS-006235,63,122.02,7818.01,One year,Low,4,58,17,0,1,Low Value / Dormant
CUS-006236,35,138.57,4654.91,One year,Low,1,10,46,0,1,Low Value / Dormant
CUS-006237,31,112.64,3665.46,Month-to-month,Medium,4,66,39,0,0,High Value / Loyal
CUS-006238,28,74.96,2152.75,Month-to-month,Medium,4,79,32,0,0,High Value / Loyal
CUS-006239,1,28.55,29.22,Two year,High,3,22,40,0,3,New / At-Risk
CUS-006240,25,125.26,2994.98,Month-to-month,Medium,9,52,11,0,3,New / At-Risk
CUS-006241,43,143.86,6123.17,Month-to-month,Medium,8,98,32,0,1,Low Value / Dormant
CUS-006242,67,67.12,4310.95,Month-to-month,Medium,4,49,4,0,2,Mid Value / Moderate
CUS-006243,63,39.75,2469.31,Two year,Medium,5,67,8,0,2,Mid Value / Moderate
CUS-006244,51,62.45,3207.17,One year,High,0,4,32,0,2,Mid Value / Moderate
CUS-006245,2,95.74,198.74,Month-to-month,Medium,4,89,29,1,0,High Value / Loyal
CUS-006246,64,61.2,3831.83,Month-to-month,High,8,57,45,0,2,Mid Value / Moderate
CUS-006247,69,99.38,6941.88,Two year,Medium,5,69,16,1,1,Low Value / Dormant
CUS-006248,9,145.69,1267.25,Month-to-month,Medium,8,76,34,0,0,High Value / Loyal
CUS-006249,2,107.2,211.26,Month-to-month,High,3,53,15,0,0,High Value / Loyal
CUS-006250,34,67.15,2385.06,Month-to-month,Medium,1,55,39,0,2,Mid Value / Moderate
CUS-006251,60,141.65,8709.34,Month-to-month,Medium,8,24,18,1,1,Low Value / Dormant
CUS-006252,61,93.53,5731.62,One year,Medium,3,83,59,1,1,Low Value / Dormant
CUS-006253,31,36.69,1109.1,One year,Medium,1,96,46,1,0,High Value / Loyal
CUS-006254,10,84.87,838.47,One year,Medium,0,12,1,0,3,New / At-Risk
CUS-006255,36,104.97,3649.28,Month-to-month,Medium,1,55,5,1,1,Low Value / Dormant
CUS-006256,49,128.97,6227.08,Month-to-month,Low,4,47,41,0,1,Low Value / Dormant
CUS-006257,70,141.74,9575.3,Month-to-month,High,2,27,52,1,1,Low Value / Dormant
CUS-006258,49,61.26,3090.59,Month-to-month,High,5,18,44,0,2,Mid Value / Moderate
CUS-006259,3,40.22,115.59,Month-to-month,High,3,89,59,1,0,High Value / Loyal
CUS-006260,5,29.6,143.39,One year,Medium,1,51,46,1,0,High Value / Loyal
CUS-006261,61,115.99,7210.41,Month-to-month,Medium,6,87,10,1,1,Low Value / Dormant
CUS-006262,26,123.37,3336.75,One year,Low,5,60,8,0,0,High Value / Loyal
CUS-006263,5,73.22,383.1,One year,High,7,57,26,0,0,High Value / Loyal
CUS-006264,15,71.47,1108.08,Month-to-month,Medium,9,67,13,1,0,High Value / Loyal
CUS-006265,16,144.05,2238.31,Month-to-month,Medium,4,2,34,1,3,New / At-Risk
CUS-006266,1,139.17,136.19,One year,Medium,2,11,19,1,3,New / At-Risk
CUS-006267,16,50.32,835.05,Two year,Medium,3,94,58,0,0,High Value / Loyal
CUS-006268,37,121.5,4670.72,Two year,High,4,13,57,0,1,Low Value / Dormant
CUS-006269,3,100.95,307.11,Month-to-month,High,4,40,31,0,3,New / At-Risk
CUS-006270,52,40.05,2043.74,One year,High,5,6,47,1,2,Mid Value / Moderate
CUS-006271,47,66.38,3033.78,Month-to-month,Medium,8,12,7,1,2,Mid Value / Moderate
CUS-006272,13,43.07,579.65,One year,Medium,3,43,10,0,3,New / At-Risk
CUS-006273,55,58.37,3115.74,Two year,Low,6,72,1,1,2,Mid Value / Moderate
CUS-006274,21,99.99,2133.75,One year,Medium,6,73,4,0,0,High Value / Loyal
CUS-006275,66,68.78,4752.22,Month-to-month,High,5,4,29,1,2,Mid Value / Moderate
CUS-006276,54,71.23,3925.26,One year,Medium,0,37,43,0,2,Mid Value / Moderate
CUS-006277,27,90.15,2375.18,Two year,High,8,36,40,1,3,New / At-Risk
CUS-006278,38,31.34,1164.99,Month-to-month,High,5,32,10,0,2,Mid Value / Moderate
CUS-006279,58,116.04,6456.53,Month-to-month,Low,2,57,15,0,1,Low Value / Dormant
CUS-006280,62,72.22,4561.17,Month-to-month,Medium,1,12,24,1,2,Mid Value / Moderate
CUS-006281,46,82.45,3799.77,Month-to-month,Medium,2,18,41,1,2,Mid Value / Moderate
CUS-006282,11,146.66,1565.9,Month-to-month,Medium,0,61,24,0,0,High Value / Loyal
CUS-006283,8,64.77,504.03,Month-to-month,Low,2,31,10,1,3,New / At-Risk
CUS-006284,71,104.27,7039.59,Month-to-month,Medium,4,40,0,0,1,Low Value / Dormant
CUS-006285,64,71.03,4763.11,Month-to-month,Medium,3,46,32,0,2,Mid Value / Moderate
CUS-006286,21,136.26,2955.25,One year,Medium,9,39,0,1,3,New / At-Risk
CUS-006287,63,130.08,8108.21,Month-to-month,High,0,63,55,0,1,Low Value / Dormant
CUS-006288,64,51.41,3437.09,Two year,Medium,4,93,51,1,2,Mid Value / Moderate
CUS-006289,20,109.93,2237.48,Month-to-month,Low,2,55,46,1,0,High Value / Loyal
CUS-006290,8,28.47,233.51,One year,Low,9,40,8,1,3,New / At-Risk
CUS-006291,58,145.21,8573.98,Month-to-month,Medium,6,29,26,1,1,Low Value / Dormant
CUS-006292,46,65.37,3084.19,Month-to-month,High,9,91,37,1,2,Mid Value / Moderate
CUS-006293,31,128.14,3841.61,One year,High,7,11,18,1,3,New / At-Risk
CUS-006294,9,61.4,556.01,One year,Medium,4,97,39,0,0,High Value / Loyal
CUS-006295,15,102.26,1587.49,One year,Low,9,39,16,0,3,New / At-Risk
CUS-006296,26,147.87,3659.82,One year,Medium,7,82,11,0,0,High Value / Loyal
CUS-006297,10,133.98,1289.32,One year,Medium,5,44,1,1,3,New / At-Risk
CUS-006298,29,40.85,1154.45,Month-to-month,High,5,20,7,0,3,New / At-Risk
CUS-006299,36,91.17,3214.87,One year,High,4,92,32,0,0,High Value / Loyal
CUS-006300,37,65.31,2339.77,Month-to-month,High,9,86,59,1,0,High Value / Loyal
CUS-006301,71,76.46,5496.45,Month-to-month,High,5,96,12,0,1,Low Value / Dormant
CUS-006302,23,63.57,1432.08,Month-to-month,Medium,0,85,42,0,0,High Value / Loyal
CUS-006303,41,63.67,2521.4,Month-to-month,Low,7,27,20,1,2,Mid Value / Moderate
CUS-006304,28,90.53,2637.77,Month-to-month,Medium,4,38,18,0,3,New / At-Risk
CUS-006305,48,44.96,2199.94,Month-to-month,Medium,7,90,33,1,2,Mid Value / Moderate
CUS-006306,38,89.86,3328.02,One year,Medium,2,87,29,0,0,High Value / Loyal
CUS-006307,31,56.27,1719.98,Month-to-month,Medium,9,98,19,0,0,High Value / Loyal
CUS-006308,14,57.57,825.35,Two year,Low,5,76,17,0,0,High Value / Loyal
CUS-006309,29,116.04,3462.97,Month-to-month,Medium,0,11,20,1,3,New / At-Risk
CUS-006310,51,23.85,1176.85,Month-to-month,Medium,0,36,55,0,2,Mid Value / Moderate
CUS-006311,49,69.52,3555.35,One year,High,3,32,35,0,2,Mid Value / Moderate
CUS-006312,43,72.98,3227.64,Two year,High,9,62,6,1,2,Mid Value / Moderate
CUS-006313,5,83.06,430.14,One year,Medium,5,16,4,0,3,New / At-Risk
CUS-006314,42,106.97,4332.79,One year,Low,2,42,8,0,1,Low Value / Dormant
CUS-006315,7,68.06,459.42,Two year,High,4,31,44,1,3,New / At-Risk
CUS-006316,42,47.71,1964.73,One year,Medium,9,70,17,0,2,Mid Value / Moderate
CUS-006317,36,135.03,4649.57,One year,Medium,3,13,46,0,1,Low Value / Dormant
CUS-006318,27,147.54,3820.55,Two year,Low,9,36,49,1,1,Low Value / Dormant
CUS-006319,58,22.6,1264.14,Month-to-month,High,2,75,0,0,2,Mid Value / Moderate
CUS-006320,46,91.04,4276.83,Two year,High,8,11,35,0,1,Low Value / Dormant
CUS-006321,66,64.42,4052.07,Month-to-month,High,3,48,44,1,2,Mid Value / Moderate
CUS-006322,25,56.01,1341.86,Two year,Medium,9,20,13,0,3,New / At-Risk
CUS-006323,27,63.64,1794.65,Month-to-month,Medium,6,29,7,1,3,New / At-Risk
CUS-006324,1,103.05,98.76,Month-to-month,Low,4,19,52,1,3,New / At-Risk
CUS-006325,42,44.79,1888.36,Two year,Low,6,94,36,0,0,High Value / Loyal
CUS-006326,52,138.67,7313.75,Month-to-month,Medium,4,6,19,0,1,Low Value / Dormant
CUS-006327,25,80.59,2107.27,One year,Low,2,56,30,1,0,High Value / Loyal
CUS-006328,54,62.32,3500.1,Month-to-month,Low,5,81,6,1,2,Mid Value / Moderate
CUS-006329,67,119.52,7960.28,Month-to-month,High,8,82,57,1,1,Low Value / Dormant
CUS-006330,6,22.13,138.62,Two year,Medium,5,18,55,1,3,New / At-Risk
CUS-006331,58,76.14,4386.26,Month-to-month,High,3,76,40,1,2,Mid Value / Moderate
CUS-006332,70,66.19,4711.99,One year,Medium,0,42,37,0,2,Mid Value / Moderate
CUS-006333,53,63.97,3308.77,Month-to-month,Low,2,60,43,0,2,Mid Value / Moderate
CUS-006334,66,63.82,4269.63,Two year,Medium,2,56,56,1,2,Mid Value / Moderate
CUS-006335,58,24.07,1401.12,One year,High,1,3,42,0,2,Mid Value / Moderate
CUS-006336,2,39.78,80.4,One year,Medium,9,82,14,0,0,High Value / Loyal
CUS-006337,22,38.45,861.24,Two year,Medium,1,80,48,1,0,High Value / Loyal
CUS-006338,37,148.52,5315.77,Month-to-month,Low,7,39,34,1,1,Low Value / Dormant
CUS-006339,20,22.88,448.54,One year,Medium,7,43,16,0,3,New / At-Risk
CUS-006340,24,41.72,1024.92,One year,Medium,2,28,26,0,3,New / At-Risk
CUS-006341,65,146.64,9211.34,Month-to-month,Medium,3,42,20,0,1,Low Value / Dormant
CUS-006342,65,101.67,6505.83,One year,Medium,4,9,39,0,1,Low Value / Dormant
CUS-006343,1,78.59,79.9,One year,High,8,84,53,0,0,High Value / Loyal
CUS-006344,3,30.24,94.69,One year,Medium,4,18,43,0,3,New / At-Risk
CUS-006345,46,107.06,4715.43,Month-to-month,Medium,5,89,44,0,1,Low Value / Dormant
CUS-006346,55,37.91,2088.74,Month-to-month,Medium,6,21,25,1,2,Mid Value / Moderate
CUS-006347,64,107.25,6577.28,Month-to-month,High,1,26,43,1,1,Low Value / Dormant
CUS-006348,45,147.29,6548.07,Month-to-month,High,3,23,4,0,1,Low Value / Dormant
CUS-006349,26,89.16,2242.82,Month-to-month,Medium,5,10,32,1,3,New / At-Risk
CUS-006350,65,47.83,3155.48,One year,Low,3,44,59,1,2,Mid Value / Moderate
CUS-006351,24,101.29,2493.56,Month-to-month,Medium,4,13,48,0,3,New / At-Risk
CUS-006352,35,86.68,2957.18,Two year,High,2,53,4,0,0,High Value / Loyal
CUS-006353,24,89.31,2189.03,One year,High,1,37,27,0,3,New / At-Risk
CUS-006354,28,82.15,2288.08,Month-to-month,High,0,56,20,0,0,High Value / Loyal
CUS-006355,16,107.59,1684.13,Month-to-month,Medium,2,59,7,1,0,High Value / Loyal
CUS-006356,59,94.35,5579.85,One year,Medium,9,12,1,0,1,Low Value / Dormant
CUS-006357,54,148.31,7912.32,Two year,Medium,8,3,54,1,1,Low Value / Dormant
CUS-006358,16,127.36,1982.77,One year,Medium,0,14,36,0,3,New / At-Risk
CUS-006359,15,54.41,837.12,One year,Low,7,35,13,0,3,New / At-Risk
CUS-006360,11,114.35,1295.26,Month-to-month,Medium,4,98,33,0,0,High Value / Loyal
CUS-006361,65,47.86,3204.26,Month-to-month,Low,3,93,52,1,2,Mid Value / Moderate
CUS-006362,68,121.71,8178.4,One year,High,4,30,43,0,1,Low Value / Dormant
CUS-006363,43,39.18,1629.17,Month-to-month,High,6,71,56,1,2,Mid Value / Moderate
CUS-006364,69,81.56,5819.35,Month-to-month,Medium,7,66,59,1,1,Low Value / Dormant
CUS-006365,13,122.78,1568.87,Month-to-month,High,1,18,45,1,3,New / At-Risk
CUS-006366,10,56.41,578.14,One year,Medium,5,26,36,0,3,New / At-Risk
CUS-006367,41,128.83,5449.52,One year,Medium,3,81,20,0,1,Low Value / Dormant
CUS-006368,50,103.74,5326.07,One year,Low,7,46,26,1,1,Low Value / Dormant
CUS-006369,71,71.68,5033.05,Month-to-month,High,3,12,49,1,2,Mid Value / Moderate
CUS-006370,59,75.04,4621.54,One year,Medium,2,58,56,1,2,Mid Value / Moderate
CUS-006371,39,140.38,5562.46,Two year,Medium,4,57,17,0,1,Low Value / Dormant
CUS-006372,3,48.31,146.04,One year,Medium,3,32,47,1,3,New / At-Risk
CUS-006373,7,110.14,786.22,One year,Low,4,93,4,0,0,High Value / Loyal
CUS-006374,49,111.95,5235.73,Month-to-month,High,8,64,33,1,1,Low Value / Dormant
CUS-006375,26,139.92,3598.05,One year,High,2,74,17,0,0,High Value / Loyal
CUS-006376,33,112.71,3861.27,Month-to-month,High,1,66,53,0,0,High Value / Loyal
CUS-006377,48,95.98,4450.93,Month-to-month,High,1,37,57,1,1,Low Value / Dormant
CUS-006378,2,137.33,272.3,Month-to-month,Low,8,14,34,1,3,New / At-Risk
CUS-006379,71,127.79,8986.92,Month-to-month,Low,6,10,25,1,1,Low Value / Dormant
CUS-006380,32,113.18,3569.65,One year,High,9,65,28,1,0,High Value / Loyal
CUS-006381,4,24.24,97.55,Two year,Low,3,64,40,1,0,High Value / Loyal
CUS-006382,20,68.56,1439.19,One year,Low,5,41,27,1,3,New / At-Risk
CUS-006383,36,102.15,3587.46,Month-to-month,High,9,21,5,0,3,New / At-Risk
CUS-006384,32,87.89,2870.21,One year,Medium,5,69,25,1,0,High Value / Loyal
CUS-006385,28,61.51,1766.75,One year,Medium,2,9,57,0,3,New / At-Risk
CUS-006386,1,38.78,39.1,One year,Medium,8,9,17,1,3,New / At-Risk
CUS-006387,60,91.89,5291.45,Month-to-month,High,3,18,29,0,1,Low Value / Dormant
CUS-006388,56,57.17,3224.65,Month-to-month,High,0,69,32,0,2,Mid Value / Moderate
CUS-006389,35,50.29,1839.97,One year,Medium,1,62,31,0,2,Mid Value / Moderate
CUS-006390,30,71.86,2121.89,One year,High,4,16,49,1,3,New / At-Risk
CUS-006391,54,122.11,6686.26,Two year,Medium,7,98,25,0,1,Low Value / Dormant
CUS-006392,36,83.42,3141.12,Month-to-month,Low,6,4,21,1,3,New / At-Risk
CUS-006393,55,48.14,2726.82,One year,Medium,8,21,33,0,2,Mid Value / Moderate
CUS-006394,58,35.2,2079.89,Month-to-month,Low,0,44,54,0,2,Mid Value / Moderate
CUS-006395,65,84.87,5776.35,Month-to-month,Low,1,78,54,1,1,Low Value / Dormant
CUS-006396,69,123.27,8225.28,One year,Medium,9,91,48,1,1,Low Value / Dormant
CUS-006397,51,104.87,5494.05,Two year,Medium,3,76,11,0,1,Low Value / Dormant
CUS-006398,22,50.18,1093.66,One year,Medium,6,27,21,1,3,New / At-Risk
CUS-006399,53,76.77,4012.12,Month-to-month,Low,0,34,20,1,2,Mid Value / Moderate
CUS-006400,36,131.18,4732.24,Month-to-month,Medium,4,4,23,0,1,Low Value / Dormant
CUS-006401,68,43.1,2793.84,Month-to-month,Medium,1,51,55,1,2,Mid Value / Moderate
CUS-006402,36,89.17,3149.96,Month-to-month,Medium,1,2,24,0,3,New / At-Risk
CUS-006403,52,66.31,3333.03,One year,Low,1,32,1,1,2,Mid Value / Moderate
CUS-006404,53,36.14,1846.39,One year,Medium,8,2,58,0,2,Mid Value / Moderate
CUS-006405,50,26.49,1302.83,One year,Medium,9,58,0,0,2,Mid Value / Moderate
CUS-006406,41,92.26,3897.13,One year,Low,4,22,9,1,3,New / At-Risk
CUS-006407,18,22.7,396.34,One year,Medium,7,19,53,1,3,New / At-Risk
CUS-006408,22,33.45,738.17,One year,High,9,90,33,0,0,High Value / Loyal
CUS-006409,66,65.18,4409.08,Month-to-month,Low,5,20,4,1,2,Mid Value / Moderate
CUS-006410,21,25.66,524.85,Month-to-month,Low,0,18,16,1,3,New / At-Risk
CUS-006411,44,72.06,3305.04,Month-to-month,Medium,9,50,0,0,2,Mid Value / Moderate
CUS-006412,47,36.95,1800.17,Two year,High,8,14,13,0,2,Mid Value / Moderate
CUS-006413,39,65.48,2490.31,Two year,High,6,20,20,0,3,New / At-Risk
CUS-006414,29,122.85,3737.11,One year,Low,1,45,5,0,3,New / At-Risk
CUS-006415,54,101.43,5569.73,One year,Low,7,88,10,0,1,Low Value / Dormant
CUS-006416,17,77.9,1296.01,One year,Medium,1,47,38,0,3,New / At-Risk
CUS-006417,60,31.94,1950.99,Month-to-month,Medium,1,57,58,1,2,Mid Value / Moderate
CUS-006418,31,100.49,3166.96,Month-to-month,Medium,3,31,19,0,3,New / At-Risk
CUS-006419,49,41.28,2044.31,Month-to-month,High,7,52,19,0,2,Mid Value / Moderate
CUS-006420,2,29.96,61.18,Two year,High,6,79,20,1,0,High Value / Loyal
CUS-006421,48,106.32,4985.1,Month-to-month,Medium,1,46,53,1,1,Low Value / Dormant
CUS-006422,14,138.57,2032.87,One year,Medium,9,7,23,0,3,New / At-Risk
CUS-006423,59,79.88,4881.42,Two year,Medium,5,49,40,0,1,Low Value / Dormant
CUS-006424,58,25.33,1505.21,Month-to-month,Medium,3,23,54,1,2,Mid Value / Moderate
CUS-006425,58,134.44,7428.08,One year,High,9,93,25,1,1,Low Value / Dormant
CUS-006426,51,28.71,1477.27,Two year,Medium,0,41,2,0,2,Mid Value / Moderate
CUS-006427,2,132.78,271.04,One year,Medium,7,4,37,0,3,New / At-Risk
CUS-006428,41,70.94,3011.38,One year,Medium,7,95,40,1,0,High Value / Loyal
CUS-006429,16,67.5,1128.21,Month-to-month,Medium,5,82,37,1,0,High Value / Loyal
CUS-006430,4,90.56,377.32,One year,Medium,9,31,27,1,3,New / At-Risk
CUS-006431,12,144.42,1716.77,Month-to-month,High,6,47,58,1,3,New / At-Risk
CUS-006432,29,136.84,4125.59,Month-to-month,Medium,2,18,9,0,3,New / At-Risk
CUS-006433,7,81.14,539.64,One year,Medium,8,74,23,0,0,High Value / Loyal
CUS-006434,14,110.46,1523.43,Month-to-month,High,3,7,39,1,3,New / At-Risk
CUS-006435,12,95.46,1101.24,Two year,High,1,38,51,0,3,New / At-Risk
CUS-006436,5,110.15,571.85,Month-to-month,Medium,3,45,47,1,3,New / At-Risk
CUS-006437,32,127.81,4265.05,One year,Medium,1,28,6,0,1,Low Value / Dormant
CUS-006438,43,24.48,1027.13,Month-to-month,Medium,3,59,22,1,2,Mid Value / Moderate
CUS-006439,69,62.35,4244.98,Two year,Low,1,18,22,0,2,Mid Value / Moderate
CUS-006440,45,144.71,6827.18,Month-to-month,Medium,7,95,23,0,1,Low Value / Dormant
CUS-006441,9,143.41,1299.25,Month-to-month,High,5,9,30,1,3,New / At-Risk
CUS-006442,49,21.46,1051.17,One year,Medium,7,16,49,1,2,Mid Value / Moderate
CUS-006443,33,46.19,1524.24,Two year,Medium,0,62,59,1,2,Mid Value / Moderate
CUS-006444,18,149.19,2738.11,Two year,Low,8,40,49,0,3,New / At-Risk
CUS-006445,9,84.07,791.0,Month-to-month,Medium,1,89,46,0,0,High Value / Loyal
CUS-006446,62,94.47,5779.18,One year,High,7,94,21,0,1,Low Value / Dormant
CUS-006447,57,41.63,2295.49,One year,Medium,3,58,26,0,2,Mid Value / Moderate
CUS-006448,29,136.26,3827.17,One year,Medium,1,66,37,1,1,Low Value / Dormant
CUS-006449,25,50.06,1191.58,Month-to-month,Low,0,69,4,1,0,High Value / Loyal
CUS-006450,15,44.65,673.52,Month-to-month,Low,3,94,17,1,0,High Value / Loyal
CUS-006451,6,49.66,310.72,Two year,Medium,9,19,7,0,3,New / At-Risk
CUS-006452,42,139.55,5986.02,Two year,Medium,0,78,34,0,1,Low Value / Dormant
CUS-006453,29,111.37,3388.95,One year,Medium,7,27,47,0,3,New / At-Risk
CUS-006454,4,119.92,499.31,One year,Medium,1,30,48,1,3,New / At-Risk
CUS-006455,57,69.01,3930.64,One year,Medium,7,45,16,0,2,Mid Value / Moderate
CUS-006456,49,138.19,6762.35,Month-to-month,Low,9,78,11,1,1,Low Value / Dormant
CUS-006457,44,122.62,5464.67,One year,High,0,31,54,1,1,Low Value / Dormant
CUS-006458,14,117.58,1582.04,One year,Medium,6,36,38,0,3,New / At-Risk
CUS-006459,3,146.22,443.39,Month-to-month,Low,6,39,21,1,3,New / At-Risk
CUS-006460,62,67.61,4176.49,Two year,Low,4,50,53,0,2,Mid Value / Moderate
CUS-006461,64,99.43,6454.13,Two year,Medium,2,94,52,1,1,Low Value / Dormant
CUS-006462,45,138.29,6263.67,Two year,Medium,5,38,59,0,1,Low Value / Dormant
CUS-006463,58,122.82,6988.24,Month-to-month,High,4,11,5,1,1,Low Value / Dormant
CUS-006464,20,93.24,1884.88,One year,Medium,8,81,29,0,0,High Value / Loyal
CUS-006465,58,29.91,1711.41,Two year,High,3,74,1,0,2,Mid Value / Moderate
CUS-006466,57,104.85,5794.17,Month-to-month,High,8,16,4,1,1,Low Value / Dormant
CUS-006467,68,88.45,6120.05,One year,High,9,51,1,1,1,Low Value / Dormant
CUS-006468,52,43.94,2240.81,Two year,Medium,5,75,34,0,2,Mid Value / Moderate
CUS-006469,37,134.69,5177.51,One year,Low,8,39,4,1,1,Low Value / Dormant
CUS-006470,8,64.62,501.43,Two year,Medium,2,92,30,0,0,High Value / Loyal
CUS-006471,44,70.37,3127.39,One year,Medium,0,85,16,0,2,Mid Value / Moderate
CUS-006472,5,107.41,540.9,Month-to-month,High,5,92,26,0,0,High Value / Loyal
CUS-006473,69,83.54,5590.29,Month-to-month,Low,3,23,30,0,1,Low Value / Dormant
CUS-006474,31,31.61,973.91,One year,Medium,9,65,50,0,2,Mid Value / Moderate
CUS-006475,45,70.37,3222.12,Month-to-month,High,3,49,9,0,2,Mid Value / Moderate
CUS-006476,9,32.28,285.25,One year,Medium,3,61,11,0,0,High Value / Loyal
CUS-006477,32,44.8,1378.16,Month-to-month,High,0,54,53,1,2,Mid Value / Moderate
CUS-006478,33,20.93,698.74,Two year,Low,4,13,17,1,2,Mid Value / Moderate
CUS-006479,67,43.57,2838.7,Month-to-month,Medium,8,72,50,1,2,Mid Value / Moderate
CUS-006480,30,62.96,1923.02,One year,High,2,83,12,0,0,High Value / Loyal
CUS-006481,29,89.97,2697.65,One year,Medium,1,24,56,0,3,New / At-Risk
CUS-006482,3,139.51,402.75,Two year,Low,1,49,7,0,3,New / At-Risk
CUS-006483,57,90.24,5111.73,Month-to-month,Low,9,37,34,1,1,Low Value / Dormant
CUS-006484,30,111.73,3333.39,Two year,Medium,6,89,54,0,0,High Value / Loyal
CUS-006485,9,66.5,606.41,Month-to-month,Medium,5,26,43,1,3,New / At-Risk
CUS-006486,26,117.71,3009.83,Month-to-month,Medium,1,42,3,1,3,New / At-Risk
CUS-006487,2,100.66,199.68,One year,Medium,0,91,45,0,0,High Value / Loyal
CUS-006488,62,79.77,4704.57,One year,Low,6,96,6,1,1,Low Value / Dormant
CUS-006489,3,45.19,130.45,One year,High,5,3,20,0,3,New / At-Risk
CUS-006490,46,59.46,2754.28,One year,Medium,4,61,59,0,2,Mid Value / Moderate
CUS-006491,68,100.72,6654.58,Month-to-month,Low,4,43,44,0,1,Low Value / Dormant
CUS-006492,25,75.39,1817.7,Month-to-month,Medium,9,73,43,1,0,High Value / Loyal
CUS-006493,51,135.62,6795.19,Month-to-month,High,2,65,14,0,1,Low Value / Dormant
CUS-006494,13,50.53,634.78,Two year,Low,4,18,33,0,3,New / At-Risk
CUS-006495,44,29.5,1240.82,One year,High,5,67,21,1,2,Mid Value / Moderate
CUS-006496,35,96.62,3308.45,Month-to-month,Medium,6,14,0,1,3,New / At-Risk
CUS-006497,55,135.19,7185.71,Month-to-month,High,6,64,5,0,1,Low Value / Dormant
CUS-006498,9,67.42,624.91,Month-to-month,High,9,32,0,1,3,New / At-Risk
CUS-006499,2,104.2,199.29,Two year,High,9,68,18,0,0,High Value / Loyal
CUS-006500,61,50.08,3130.7,Month-to-month,Low,7,60,26,1,2,Mid Value / Moderate
CUS-006501,41,92.6,3752.16,One year,Medium,4,21,9,0,3,New / At-Risk
CUS-006502,44,122.28,5474.78,Month-to-month,Medium,3,27,54,1,1,Low Value / Dormant
CUS-006503,64,132.71,8113.77,One year,Low,6,5,13,0,1,Low Value / Dormant
CUS-006504,31,33.67,1087.54,Month-to-month,Medium,1,67,33,1,0,High Value / Loyal
CUS-006505,47,66.33,3200.8,Month-to-month,Medium,7,86,40,1,2,Mid Value / Moderate
CUS-006506,2,103.15,198.88,One year,Medium,3,84,31,1,0,High Value / Loyal
CUS-006507,69,24.51,1643.9,One year,Low,9,41,2,0,2,Mid Value / Moderate
CUS-006508,58,109.78,6458.92,One year,Medium,0,2,50,1,1,Low Value / Dormant
CUS-006509,44,88.64,4064.78,Month-to-month,Medium,1,43,45,1,2,Mid Value / Moderate
CUS-006510,56,57.51,3203.32,One year,Medium,0,1,15,0,2,Mid Value / Moderate
CUS-006511,43,125.91,5406.14,Month-to-month,Medium,4,23,38,0,1,Low Value / Dormant
CUS-006512,34,57.71,1910.58,One year,Low,0,63,32,0,2,Mid Value / Moderate
CUS-006513,30,148.88,4414.27,Month-to-month,High,8,48,4,1,1,Low Value / Dormant
CUS-006514,71,126.13,8763.47,Month-to-month,High,3,25,57,1,1,Low Value / Dormant
CUS-006515,70,112.04,7725.43,Month-to-month,Medium,9,90,34,1,1,Low Value / Dormant
CUS-006516,55,27.98,1464.87,Month-to-month,Low,2,67,16,0,2,Mid Value / Moderate
CUS-006517,67,137.56,8793.56,Month-to-month,High,8,95,22,0,1,Low Value / Dormant
CUS-006518,13,122.71,1624.02,One year,High,3,91,25,1,0,High Value / Loyal
CUS-006519,3,49.77,152.03,Month-to-month,Low,0,77,45,1,0,High Value / Loyal
CUS-006520,26,70.99,1814.46,Month-to-month,Medium,1,47,47,1,3,New / At-Risk
CUS-006521,57,54.92,3251.23,Month-to-month,Medium,3,97,6,0,2,Mid Value / Moderate
CUS-006522,24,147.97,3468.32,Month-to-month,Low,0,89,40,0,0,High Value / Loyal
CUS-006523,53,131.05,6873.03,Month-to-month,High,5,56,6,0,1,Low Value / Dormant
CUS-006524,70,140.93,10093.3,Month-to-month,Low,6,59,14,1,1,Low Value / Dormant
CUS-006525,43,122.54,5397.59,Month-to-month,High,0,16,29,0,1,Low Value / Dormant
CUS-006526,60,79.33,4931.41,Two year,Medium,5,47,19,1,1,Low Value / Dormant
CUS-006527,58,46.71,2581.4,One year,Medium,2,90,2,0,2,Mid Value / Moderate
CUS-006528,49,47.05,2232.56,One year,Low,6,54,21,0,2,Mid Value / Moderate
CUS-006529,42,39.72,1691.64,One year,Medium,1,47,47,0,2,Mid Value / Moderate
CUS-006530,66,91.06,5913.01,Two year,Low,1,52,53,0,1,Low Value / Dormant
CUS-006531,11,139.6,1465.46,Month-to-month,Medium,3,18,49,0,3,New / At-Risk
CUS-006532,18,148.93,2703.99,Month-to-month,Medium,7,81,6,0,0,High Value / Loyal
CUS-006533,52,57.35,2950.26,Two year,Low,2,46,30,1,2,Mid Value / Moderate
CUS-006534,46,110.65,5020.77,One year,Low,7,89,48,0,1,Low Value / Dormant
CUS-006535,44,97.62,4194.19,One year,High,6,26,56,0,1,Low Value / Dormant
CUS-006536,22,83.56,1747.54,One year,Medium,4,18,49,1,3,New / At-Risk
CUS-006537,53,106.55,5467.77,One year,Low,3,49,2,1,1,Low Value / Dormant
CUS-006538,59,68.28,4017.98,One year,Medium,9,65,53,1,2,Mid Value / Moderate
CUS-006539,30,142.78,4187.43,One year,Medium,9,7,42,1,3,New / At-Risk
CUS-006540,8,111.71,927.12,Month-to-month,High,1,30,54,1,3,New / At-Risk
CUS-006541,57,118.05,6488.42,One year,Low,8,97,45,0,1,Low Value / Dormant
CUS-006542,20,51.51,1068.97,Two year,Medium,3,25,16,0,3,New / At-Risk
CUS-006543,25,41.92,1037.92,One year,Medium,4,25,50,1,3,New / At-Risk
CUS-006544,19,71.26,1323.67,Month-to-month,Low,1,27,21,1,3,New / At-Risk
CUS-006545,5,119.67,586.63,One year,Medium,1,35,51,0,3,New / At-Risk
CUS-006546,27,142.04,3770.0,Month-to-month,High,1,82,36,0,0,High Value / Loyal
CUS-006547,40,75.55,3024.1,Two year,Medium,9,30,59,1,2,Mid Value / Moderate
CUS-006548,26,120.64,3090.82,One year,Low,1,14,2,0,3,New / At-Risk
CUS-006549,27,81.15,2223.39,Month-to-month,Medium,8,35,47,1,3,New / At-Risk
CUS-006550,62,58.38,3592.46,One year,Medium,4,34,29,1,2,Mid Value / Moderate
CUS-006551,50,116.1,5904.87,One year,High,5,84,23,0,1,Low Value / Dormant
CUS-006552,42,123.77,5252.47,Month-to-month,High,3,15,32,1,1,Low Value / Dormant
CUS-006553,29,46.37,1310.35,Month-to-month,Medium,1,7,42,1,3,New / At-Risk
CUS-006554,39,59.67,2400.0,Month-to-month,Medium,2,13,9,0,3,New / At-Risk
CUS-006555,60,84.32,5210.52,Two year,Medium,2,40,6,0,1,Low Value / Dormant
CUS-006556,41,44.25,1902.87,Month-to-month,High,9,60,15,0,2,Mid Value / Moderate
CUS-006557,33,140.75,4493.77,One year,Medium,7,34,31,1,1,Low Value / Dormant
CUS-006558,16,96.87,1603.89,Month-to-month,Medium,7,13,1,0,3,New / At-Risk
CUS-006559,23,35.76,852.99,Month-to-month,High,5,4,7,0,3,New / At-Risk
CUS-006560,7,43.92,311.84,Month-to-month,High,9,13,14,1,3,New / At-Risk
CUS-006561,26,144.07,3748.11,Month-to-month,Medium,7,48,47,0,1,Low Value / Dormant
CUS-006562,12,115.96,1455.17,Two year,High,2,13,2,0,3,New / At-Risk
CUS-006563,5,115.47,604.65,Two year,Medium,6,87,19,0,0,High Value / Loyal
CUS-006564,69,29.42,2059.08,Month-to-month,Medium,4,93,33,1,2,Mid Value / Moderate
CUS-006565,49,136.39,6589.2,Month-to-month,High,8,33,46,0,1,Low Value / Dormant
CUS-006566,26,77.69,2083.89,Two year,Medium,8,23,45,0,3,New / At-Risk
CUS-006567,5,105.76,507.1,Month-to-month,High,4,67,52,0,0,High Value / Loyal
CUS-006568,22,144.76,3118.02,Month-to-month,High,5,32,40,0,3,New / At-Risk
CUS-006569,13,33.0,449.85,Month-to-month,High,0,55,3,0,0,High Value / Loyal
CUS-006570,28,82.7,2388.27,One year,High,3,3,22,1,3,New / At-Risk
CUS-006571,33,26.45,911.21,Month-to-month,Low,0,12,7,1,3,New / At-Risk
CUS-006572,23,84.94,1972.16,One year,Low,3,56,9,1,0,High Value / Loyal
CUS-006573,18,52.79,941.51,One year,Medium,0,68,48,0,0,High Value / Loyal
CUS-006574,30,138.44,4352.38,Month-to-month,High,9,33,37,1,1,Low Value / Dormant
CUS-006575,26,71.8,1831.33,Month-to-month,Medium,3,32,4,0,3,New / At-Risk
CUS-006576,16,102.4,1680.63,Two year,High,5,17,9,0,3,New / At-Risk
CUS-006577,39,131.84,5171.58,Two year,High,8,52,25,0,1,Low Value / Dormant
CUS-006578,33,147.88,4747.55,One year,Medium,1,73,48,0,1,Low Value / Dormant
CUS-006579,26,85.5,2115.65,Month-to-month,Medium,1,5,15,1,3,New / At-Risk
CUS-006580,48,79.25,3759.71,Month-to-month,Medium,5,21,56,1,2,Mid Value / Moderate
CUS-006581,65,29.85,1949.25,One year,Medium,9,3,58,0,2,Mid Value / Moderate
CUS-006582,38,21.66,796.86,Month-to-month,High,5,67,57,1,2,Mid Value / Moderate
CUS-006583,2,99.14,196.59,Two year,Medium,2,37,22,0,3,New / At-Risk
CUS-006584,6,28.51,173.03,Month-to-month,High,1,35,16,1,3,New / At-Risk
CUS-006585,46,69.45,3263.33,One year,Medium,2,33,27,0,2,Mid Value / Moderate
CUS-006586,50,20.47,977.67,Month-to-month,Low,3,54,17,1,2,Mid Value / Moderate
CUS-006587,38,99.98,3861.6,One year,Low,3,3,51,0,3,New / At-Risk
CUS-006588,18,75.3,1295.38,One year,High,6,48,57,0,3,New / At-Risk
CUS-006589,27,36.51,939.33,Month-to-month,Low,3,18,40,0,3,New / At-Risk
CUS-006590,41,58.53,2316.23,Month-to-month,High,9,3,10,1,3,New / At-Risk
CUS-006591,17,94.06,1623.52,One year,Low,5,93,33,1,0,High Value / Loyal
CUS-006592,62,105.37,6240.96,Two year,Medium,5,5,45,1,1,Low Value / Dormant
CUS-006593,29,80.1,2211.71,One year,Medium,9,9,14,0,3,New / At-Risk
CUS-006594,58,124.51,6945.95,Month-to-month,Medium,2,76,0,0,1,Low Value / Dormant
CUS-006595,70,34.62,2532.18,Two year,Low,8,16,32,1,2,Mid Value / Moderate
CUS-006596,22,30.99,709.57,Month-to-month,Medium,9,91,8,1,0,High Value / Loyal
CUS-006597,6,25.75,148.12,Month-to-month,Medium,4,73,43,0,0,High Value / Loyal
CUS-006598,26,89.66,2285.41,Month-to-month,Medium,9,50,16,1,3,New / At-Risk
CUS-006599,39,111.81,4555.64,Month-to-month,Low,8,57,14,1,1,Low Value / Dormant
CUS-006600,12,36.97,425.77,Month-to-month,Low,9,57,3,1,0,High Value / Loyal
CUS-006601,14,103.06,1384.39,One year,High,5,86,36,0,0,High Value / Loyal
CUS-006602,22,82.0,1729.38,Month-to-month,Medium,5,17,45,0,3,New / At-Risk
CUS-006603,51,148.35,7926.6,Month-to-month,Medium,8,65,5,1,1,Low Value / Dormant
CUS-006604,23,113.27,2668.58,Month-to-month,High,9,57,5,1,0,High Value / Loyal
CUS-006605,48,105.47,4918.09,One year,Medium,4,63,18,1,1,Low Value / Dormant
CUS-006606,71,94.16,6381.71,Month-to-month,Medium,2,67,22,0,1,Low Value / Dormant
CUS-006607,50,149.66,7831.01,Month-to-month,Medium,2,5,29,0,1,Low Value / Dormant
CUS-006608,13,147.46,1902.69,Month-to-month,High,1,22,55,1,3,New / At-Risk
CUS-006609,10,89.95,908.4,Month-to-month,Medium,1,1,0,1,3,New / At-Risk
CUS-006610,55,79.17,4258.41,Month-to-month,Medium,5,47,8,1,2,Mid Value / Moderate
CUS-006611,9,80.07,739.29,Month-to-month,Low,7,49,21,1,3,New / At-Risk
CUS-006612,52,75.68,3816.27,Month-to-month,Medium,7,4,0,1,2,Mid Value / Moderate
CUS-006613,2,89.08,183.28,Month-to-month,High,7,22,58,0,3,New / At-Risk
CUS-006614,25,55.57,1351.73,Month-to-month,High,9,88,56,1,0,High Value / Loyal
CUS-006615,13,140.48,1752.84,One year,Low,6,55,35,1,0,High Value / Loyal
CUS-006616,51,83.73,4261.18,One year,Low,1,32,24,0,2,Mid Value / Moderate
CUS-006617,58,129.46,7743.93,One year,Low,9,66,15,1,1,Low Value / Dormant
CUS-006618,34,81.79,2748.82,Two year,High,1,69,25,0,0,High Value / Loyal
CUS-006619,35,113.38,3781.27,Two year,Medium,9,71,27,0,0,High Value / Loyal
CUS-006620,3,63.79,192.4,Month-to-month,High,6,8,4,1,3,New / At-Risk
CUS-006621,59,101.22,6080.05,Month-to-month,Medium,3,36,47,1,1,Low Value / Dormant
CUS-006622,70,84.79,6078.04,Two year,High,5,12,21,1,1,Low Value / Dormant
CUS-006623,48,67.72,3218.91,Month-to-month,Low,8,28,13,1,2,Mid Value / Moderate
CUS-006624,64,134.6,8267.4,One year,Medium,4,2,8,0,1,Low Value / Dormant
CUS-006625,19,34.65,663.95,Two year,Medium,9,78,13,1,0,High Value / Loyal
CUS-006626,67,83.3,5485.97,One year,High,3,19,15,1,1,Low Value / Dormant
CUS-006627,5,45.27,236.45,Month-to-month,Medium,2,85,29,1,0,High Value / Loyal
CUS-006628,67,131.94,8842.19,One year,Medium,6,94,31,0,1,Low Value / Dormant
CUS-006629,11,52.95,580.85,Month-to-month,High,6,49,5,1,0,High Value / Loyal
CUS-006630,68,102.35,6826.74,Two year,High,6,37,16,0,1,Low Value / Dormant
CUS-006631,69,41.52,2818.92,Month-to-month,High,4,52,0,0,2,Mid Value / Moderate
CUS-006632,1,72.64,72.73,Month-to-month,Medium,9,85,17,1,0,High Value / Loyal
CUS-006633,63,136.92,8458.97,One year,High,7,92,10,0,1,Low Value / Dormant
CUS-006634,29,41.59,1253.38,Month-to-month,Medium,1,60,10,0,0,High Value / Loyal
CUS-006635,12,106.22,1266.81,Month-to-month,High,3,97,27,0,0,High Value / Loyal
CUS-006636,41,46.59,1870.32,Month-to-month,High,0,42,11,0,2,Mid Value / Moderate
CUS-006637,2,74.05,142.99,Month-to-month,Medium,5,7,33,0,3,New / At-Risk
CUS-006638,37,90.28,3397.94,Two year,Medium,5,42,15,1,3,New / At-Risk
CUS-006639,45,95.05,4074.41,Month-to-month,Medium,2,57,53,1,1,Low Value / Dormant
CUS-006640,48,98.33,4696.07,Month-to-month,High,0,16,9,0,1,Low Value / Dormant
CUS-006641,24,103.22,2489.63,One year,Medium,4,25,57,0,3,New / At-Risk
CUS-006642,22,55.33,1197.76,Month-to-month,Medium,0,38,52,1,3,New / At-Risk
CUS-006643,11,72.18,813.79,One year,High,2,44,45,0,3,New / At-Risk
CUS-006644,58,24.85,1466.7,Month-to-month,Medium,7,38,38,0,2,Mid Value / Moderate
CUS-006645,46,119.94,5777.25,Month-to-month,High,9,45,7,1,1,Low Value / Dormant
CUS-006646,29,128.82,3739.14,Month-to-month,Medium,8,30,25,1,3,New / At-Risk
CUS-006647,35,45.9,1612.6,Month-to-month,Low,2,81,41,1,0,High Value / Loyal
CUS-006648,15,46.19,675.21,One year,High,8,16,41,1,3,New / At-Risk
CUS-006649,60,25.46,1510.39,Month-to-month,Medium,6,4,41,1,2,Mid Value / Moderate
CUS-006650,42,146.15,5847.87,Two year,Medium,7,94,13,0,1,Low Value / Dormant
CUS-006651,43,124.93,5473.85,One year,High,5,84,50,0,1,Low Value / Dormant
CUS-006652,49,66.89,3215.94,Month-to-month,Medium,4,35,8,0,2,Mid Value / Moderate
CUS-006653,64,82.65,5310.83,Two year,Medium,9,61,48,1,1,Low Value / Dormant
CUS-006654,32,57.96,1809.14,Month-to-month,Low,7,5,18,1,3,New / At-Risk
CUS-006655,64,97.64,6324.71,One year,High,1,78,33,0,1,Low Value / Dormant
CUS-006656,2,113.25,225.31,Month-to-month,Low,6,41,46,1,3,New / At-Risk
CUS-006657,24,78.16,1872.39,Month-to-month,Low,0,41,37,1,3,New / At-Risk
CUS-006658,66,133.57,9205.62,Two year,High,6,28,28,0,1,Low Value / Dormant
CUS-006659,38,87.21,3382.43,Two year,Medium,5,10,28,0,3,New / At-Risk
CUS-006660,31,38.75,1172.74,One year,Low,3,52,27,0,2,Mid Value / Moderate
CUS-006661,26,100.9,2624.37,Month-to-month,Medium,2,94,47,0,0,High Value / Loyal
CUS-006662,29,80.09,2314.87,Two year,High,8,32,48,1,3,New / At-Risk
CUS-006663,67,141.64,9769.7,One year,Medium,5,76,23,1,1,Low Value / Dormant
CUS-006664,25,70.95,1832.78,Month-to-month,Medium,5,45,27,1,3,New / At-Risk
CUS-006665,48,72.37,3398.65,Month-to-month,High,0,16,41,1,2,Mid Value / Moderate
CUS-006666,65,104.6,7017.39,Two year,Medium,4,90,43,0,1,Low Value / Dormant
CUS-006667,53,88.51,4540.59,Two year,Medium,6,64,57,1,1,Low Value / Dormant
CUS-006668,67,68.68,4722.37,Two year,Low,3,35,11,0,2,Mid Value / Moderate
CUS-006669,18,148.67,2608.85,Month-to-month,High,1,80,18,0,0,High Value / Loyal
CUS-006670,9,59.28,522.78,One year,Medium,8,17,5,0,3,New / At-Risk
CUS-006671,38,56.08,2206.1,Month-to-month,Low,5,87,1,1,0,High Value / Loyal
CUS-006672,21,132.38,2757.67,One year,Medium,8,42,52,1,3,New / At-Risk
CUS-006673,65,20.44,1393.67,One year,Low,7,22,49,1,2,Mid Value / Moderate
CUS-006674,21,46.16,935.68,Month-to-month,High,0,50,38,0,0,High Value / Loyal
CUS-006675,27,96.76,2602.89,One year,Medium,1,21,30,0,3,New / At-Risk
CUS-006676,70,41.12,2945.21,Month-to-month,Medium,1,98,36,0,2,Mid Value / Moderate
CUS-006677,44,148.15,6196.36,Month-to-month,Medium,1,46,55,1,1,Low Value / Dormant
CUS-006678,28,80.35,2171.35,Month-to-month,Medium,3,57,53,1,0,High Value / Loyal
CUS-006679,45,97.66,4183.8,One year,Medium,6,5,28,1,3,New / At-Risk
CUS-006680,17,40.85,728.65,Month-to-month,Low,6,52,39,1,0,High Value / Loyal
CUS-006681,40,57.62,2364.83,Month-to-month,High,0,31,11,1,2,Mid Value / Moderate
CUS-006682,3,99.9,295.91,Month-to-month,Low,7,33,56,1,3,New / At-Risk
CUS-006683,66,91.44,5827.73,One year,High,3,47,54,1,1,Low Value / Dormant
CUS-006684,46,121.97,5380.68,Month-to-month,Low,7,3,32,0,1,Low Value / Dormant
CUS-006685,30,55.0,1655.27,One year,Medium,9,53,56,1,2,Mid Value / Moderate
CUS-006686,69,104.96,7586.93,Two year,Medium,8,83,46,1,1,Low Value / Dormant
CUS-006687,9,57.83,529.53,Month-to-month,Medium,6,56,44,1,0,High Value / Loyal
CUS-006688,11,96.28,1044.77,One year,High,2,18,24,0,3,New / At-Risk
CUS-006689,69,98.65,6807.71,Month-to-month,High,2,28,41,1,1,Low Value / Dormant
CUS-006690,66,35.84,2483.39,Month-to-month,High,4,15,17,0,2,Mid Value / Moderate
CUS-006691,31,91.32,2836.3,Month-to-month,Medium,6,50,29,1,3,New / At-Risk
CUS-006692,33,21.55,744.23,One year,Medium,6,33,17,1,2,Mid Value / Moderate
CUS-006693,39,85.16,3160.52,Two year,Medium,8,28,6,1,3,New / At-Risk
CUS-006694,46,110.68,5203.68,Two year,High,0,46,14,0,1,Low Value / Dormant
CUS-006695,37,29.47,1104.19,Two year,Low,2,72,29,1,2,Mid Value / Moderate
CUS-006696,60,142.03,8679.88,Two year,High,0,94,4,0,1,Low Value / Dormant
CUS-006697,31,79.64,2486.21,Month-to-month,Medium,5,1,4,0,3,New / At-Risk
CUS-006698,11,141.99,1490.74,Month-to-month,High,9,71,32,1,0,High Value / Loyal
CUS-006699,2,33.96,65.54,Month-to-month,Medium,6,55,5,1,0,High Value / Loyal
CUS-006700,27,143.49,4037.74,One year,High,1,58,47,0,1,Low Value / Dormant
CUS-006701,2,34.2,66.56,Month-to-month,Low,8,78,39,1,0,High Value / Loyal
CUS-006702,21,79.99,1762.69,Two year,Medium,4,21,3,1,3,New / At-Risk
CUS-006703,58,141.94,8380.31,One year,Medium,2,56,12,0,1,Low Value / Dormant
CUS-006704,5,50.25,249.86,One year,Medium,6,70,50,1,0,High Value / Loyal
CUS-006705,52,24.52,1328.71,Month-to-month,High,6,17,41,1,2,Mid Value / Moderate
CUS-006706,45,123.1,5703.11,Month-to-month,Low,0,78,25,1,1,Low Value / Dormant
CUS-006707,20,97.46,1935.45,Month-to-month,High,5,7,48,1,3,New / At-Risk
CUS-006708,61,86.81,5066.95,Two year,Medium,2,79,19,0,1,Low Value / Dormant
CUS-006709,38,24.46,963.9,Month-to-month,Medium,6,72,31,0,2,Mid Value / Moderate
CUS-006710,20,104.92,2154.02,One year,Medium,4,60,31,0,0,High Value / Loyal
CUS-006711,25,42.31,1088.53,Two year,Medium,3,48,49,0,0,High Value / Loyal
CUS-006712,2,141.06,289.02,Month-to-month,Medium,9,10,36,1,3,New / At-Risk
CUS-006713,32,109.14,3414.3,Month-to-month,Low,6,93,43,0,0,High Value / Loyal
CUS-006714,26,111.91,3014.19,One year,Medium,6,41,57,1,3,New / At-Risk
CUS-006715,70,50.24,3341.44,One year,Medium,7,19,0,0,2,Mid Value / Moderate
CUS-006716,41,134.5,5369.54,Two year,Medium,4,62,24,0,1,Low Value / Dormant
CUS-006717,67,89.91,5750.51,Month-to-month,Medium,3,66,24,0,1,Low Value / Dormant
CUS-006718,1,131.42,126.3,Month-to-month,High,0,8,52,0,3,New / At-Risk
CUS-006719,51,55.22,2825.5,Month-to-month,Low,3,30,0,1,2,Mid Value / Moderate
CUS-006720,5,118.21,563.7,One year,Low,9,36,2,1,3,New / At-Risk
CUS-006721,13,94.69,1191.8,Month-to-month,High,0,50,38,0,3,New / At-Risk
CUS-006722,19,26.29,486.24,One year,Medium,6,82,20,0,0,High Value / Loyal
CUS-006723,12,72.69,885.88,Month-to-month,High,5,2,42,1,3,New / At-Risk
CUS-006724,48,43.91,2101.03,One year,Low,6,5,24,0,2,Mid Value / Moderate
CUS-006725,25,66.69,1660.38,Month-to-month,High,7,46,51,1,3,New / At-Risk
CUS-006726,57,69.84,4087.49,Month-to-month,Low,5,77,20,0,2,Mid Value / Moderate
CUS-006727,35,81.74,2848.54,Two year,Medium,1,40,46,1,3,New / At-Risk
CUS-006728,5,98.04,482.76,Month-to-month,High,1,57,2,0,0,High Value / Loyal
CUS-006729,22,94.23,2168.86,Month-to-month,Low,8,11,39,1,3,New / At-Risk
CUS-006730,57,25.07,1358.67,One year,Medium,5,72,28,0,2,Mid Value / Moderate
CUS-006731,47,117.59,5419.16,One year,Medium,5,38,34,0,1,Low Value / Dormant
CUS-006732,54,143.39,7827.98,Month-to-month,High,0,17,21,0,1,Low Value / Dormant
CUS-006733,3,65.33,201.53,One year,Medium,7,75,22,0,0,High Value / Loyal
CUS-006734,53,43.37,2371.18,Month-to-month,High,7,26,12,0,2,Mid Value / Moderate
CUS-006735,31,90.2,2669.28,Month-to-month,High,3,39,33,1,3,New / At-Risk
CUS-006736,69,111.64,7864.16,Month-to-month,Medium,6,98,22,1,1,Low Value / Dormant
CUS-006737,33,108.26,3651.19,Two year,Medium,8,67,34,1,0,High Value / Loyal
CUS-006738,50,99.57,4836.36,Two year,Low,0,25,18,0,1,Low Value / Dormant
CUS-006739,16,39.01,599.99,Month-to-month,Medium,4,88,14,1,0,High Value / Loyal
CUS-006740,39,128.79,5148.11,Month-to-month,Medium,7,87,52,1,1,Low Value / Dormant
CUS-006741,46,75.33,3378.41,Month-to-month,Low,6,30,14,1,2,Mid Value / Moderate
CUS-006742,47,48.79,2178.9,Month-to-month,Medium,9,46,51,1,2,Mid Value / Moderate
CUS-006743,44,31.21,1335.48,Two year,Medium,3,41,25,1,2,Mid Value / Moderate
CUS-006744,9,74.17,636.26,Month-to-month,Low,2,91,38,0,0,High Value / Loyal
CUS-006745,50,100.34,4891.0,Month-to-month,High,0,50,2,1,1,Low Value / Dormant
CUS-006746,60,106.5,6284.52,Month-to-month,High,2,44,56,1,1,Low Value / Dormant
CUS-006747,15,145.16,2127.56,Month-to-month,Low,1,10,16,1,3,New / At-Risk
CUS-006748,36,39.91,1497.07,Month-to-month,High,4,73,29,1,2,Mid Value / Moderate
CUS-006749,63,148.15,9083.85,One year,High,0,2,27,0,1,Low Value / Dormant
CUS-006750,69,105.11,7228.9,Month-to-month,Low,3,21,33,1,1,Low Value / Dormant
CUS-006751,41,79.05,3389.3,Month-to-month,Medium,7,75,15,1,0,High Value / Loyal
CUS-006752,24,135.47,3374.45,Month-to-month,High,8,74,42,0,0,High Value / Loyal
CUS-006753,49,110.28,5300.76,One year,High,0,25,40,0,1,Low Value / Dormant
CUS-006754,18,65.33,1155.59,Month-to-month,High,2,69,10,0,0,High Value / Loyal
CUS-006755,7,134.93,953.33,Month-to-month,Medium,5,22,23,1,3,New / At-Risk
CUS-006756,4,106.66,444.47,Month-to-month,Low,4,69,22,1,0,High Value / Loyal
CUS-006757,69,110.85,7273.79,Month-to-month,Medium,0,73,24,0,1,Low Value / Dormant
CUS-006758,60,136.53,8104.29,Month-to-month,Low,1,11,36,1,1,Low Value / Dormant
CUS-006759,55,78.29,4456.8,Month-to-month,Medium,1,44,12,1,2,Mid Value / Moderate
CUS-006760,16,105.4,1671.26,Month-to-month,Medium,6,5,18,0,3,New / At-Risk
CUS-006761,29,116.81,3462.02,Month-to-month,Medium,5,6,44,1,3,New / At-Risk
CUS-006762,23,79.01,1852.16,Month-to-month,Medium,5,97,33,0,0,High Value / Loyal
CUS-006763,14,30.85,419.16,One year,High,0,16,53,1,3,New / At-Risk
CUS-006764,49,120.29,5864.36,One year,Low,0,46,1,1,1,Low Value / Dormant
CUS-006765,33,26.22,870.86,Month-to-month,Medium,3,24,7,1,2,Mid Value / Moderate
CUS-006766,25,113.33,2894.27,One year,Medium,9,14,4,1,3,New / At-Risk
CUS-006767,21,138.41,3000.4,One year,Medium,5,24,10,0,3,New / At-Risk
CUS-006768,17,65.11,1135.57,Two year,High,5,76,1,0,0,High Value / Loyal
CUS-006769,23,33.27,729.07,One year,High,4,23,37,1,3,New / At-Risk
CUS-006770,57,50.27,2914.42,One year,Medium,3,39,53,0,2,Mid Value / Moderate
CUS-006771,58,93.1,5398.15,One year,High,1,6,31,0,1,Low Value / Dormant
CUS-006772,14,142.55,2010.38,Month-to-month,Low,6,21,23,1,3,New / At-Risk
CUS-006773,20,86.6,1709.93,Month-to-month,Low,5,73,11,0,0,High Value / Loyal
CUS-006774,30,34.66,1061.93,Month-to-month,Medium,6,46,37,1,2,Mid Value / Moderate
CUS-006775,19,101.61,1964.2,Month-to-month,High,2,41,15,0,3,New / At-Risk
CUS-006776,53,115.27,6157.86,Month-to-month,Medium,0,59,50,1,1,Low Value / Dormant
CUS-006777,56,71.13,4127.14,Month-to-month,Medium,0,69,23,0,2,Mid Value / Moderate
CUS-006778,23,113.8,2513.13,Month-to-month,Medium,3,42,49,1,3,New / At-Risk
CUS-006779,62,62.23,3781.31,Two year,Low,3,95,40,1,2,Mid Value / Moderate
CUS-006780,33,122.58,4043.23,Month-to-month,Medium,6,59,53,0,1,Low Value / Dormant
CUS-006781,18,64.34,1211.22,One year,Low,6,35,16,0,3,New / At-Risk
CUS-006782,33,53.29,1683.42,Two year,Medium,3,41,31,0,2,Mid Value / Moderate
CUS-006783,32,134.29,4227.38,One year,High,6,67,19,1,1,Low Value / Dormant
CUS-006784,61,91.3,5806.59,Month-to-month,Medium,7,83,48,1,1,Low Value / Dormant
CUS-006785,54,57.07,3204.44,One year,High,8,83,34,1,2,Mid Value / Moderate
CUS-006786,17,141.56,2494.44,Month-to-month,Low,5,65,29,1,0,High Value / Loyal
CUS-006787,19,109.81,2046.42,Month-to-month,Low,3,86,46,0,0,High Value / Loyal
CUS-006788,70,48.69,3526.59,Two year,Medium,9,19,41,0,2,Mid Value / Moderate
CUS-006789,34,99.9,3398.53,Month-to-month,High,1,90,21,0,0,High Value / Loyal
CUS-006790,25,133.15,3368.54,Two year,Medium,8,79,30,0,0,High Value / Loyal
CUS-006791,68,110.5,7317.75,Month-to-month,High,6,19,50,1,1,Low Value / Dormant
CUS-006792,11,51.82,581.79,One year,Medium,5,25,36,1,3,New / At-Risk
CUS-006793,16,104.35,1640.84,Month-to-month,High,3,39,23,1,3,New / At-Risk
CUS-006794,61,100.49,6034.23,Two year,High,3,95,23,0,1,Low Value / Dormant
CUS-006795,7,126.71,899.1,Month-to-month,Medium,1,94,12,0,0,High Value / Loyal
CUS-006796,16,43.16,672.55,Two year,Medium,0,33,24,0,3,New / At-Risk
CUS-006797,16,110.95,1726.32,Month-to-month,Medium,4,80,59,1,0,High Value / Loyal
CUS-006798,40,23.56,930.0,One year,High,5,40,30,1,2,Mid Value / Moderate
CUS-006799,12,110.5,1362.91,One year,Medium,9,12,35,0,3,New / At-Risk
CUS-006800,35,144.86,4930.4,Month-to-month,High,8,92,13,1,1,Low Value / Dormant
CUS-006801,21,42.67,921.83,One year,High,0,30,52,0,3,New / At-Risk
CUS-006802,50,60.47,3082.59,Month-to-month,Medium,4,70,19,1,2,Mid Value / Moderate
CUS-006803,43,95.77,4192.0,Month-to-month,Low,4,42,38,1,1,Low Value / Dormant
CUS-006804,17,115.21,1953.65,One year,High,8,14,27,0,3,New / At-Risk
CUS-006805,32,64.77,2123.55,Two year,Low,3,5,24,0,3,New / At-Risk
CUS-006806,41,106.35,4148.37,One year,High,2,36,37,0,1,Low Value / Dormant
CUS-006807,6,136.91,805.47,One year,Low,2,59,42,0,0,High Value / Loyal
CUS-006808,27,114.45,3145.58,One year,High,5,57,10,0,0,High Value / Loyal
CUS-006809,20,112.43,2358.24,Two year,Medium,0,87,17,0,0,High Value / Loyal
CUS-006810,25,69.66,1654.77,Two year,High,0,60,38,0,0,High Value / Loyal
CUS-006811,66,138.49,9149.18,One year,Medium,0,96,18,0,1,Low Value / Dormant
CUS-006812,9,56.05,525.85,Month-to-month,Medium,6,95,55,1,0,High Value / Loyal
CUS-006813,53,46.69,2564.34,Month-to-month,Low,4,78,2,1,2,Mid Value / Moderate
CUS-006814,61,67.35,3912.39,Month-to-month,High,8,96,40,1,2,Mid Value / Moderate
CUS-006815,38,104.52,3983.51,Two year,Low,2,63,45,0,1,Low Value / Dormant
CUS-006816,3,132.02,376.42,Two year,High,5,49,48,0,3,New / At-Risk
CUS-006817,70,37.17,2677.26,One year,Medium,6,91,53,0,2,Mid Value / Moderate
CUS-006818,55,125.79,6786.45,Two year,Medium,2,65,26,0,1,Low Value / Dormant
CUS-006819,1,125.67,129.0,Month-to-month,Medium,8,52,57,1,3,New / At-Risk
CUS-006820,70,96.3,7040.8,One year,Medium,1,9,22,0,1,Low Value / Dormant
CUS-006821,45,118.88,5604.49,One year,High,6,16,34,0,1,Low Value / Dormant
CUS-006822,47,43.64,2132.13,Month-to-month,Low,9,35,37,1,2,Mid Value / Moderate
CUS-006823,26,42.05,1060.86,One year,High,3,74,42,0,0,High Value / Loyal
CUS-006824,14,132.16,1793.79,Month-to-month,Medium,8,16,12,0,3,New / At-Risk
CUS-006825,54,84.76,4634.57,One year,Medium,6,94,25,1,1,Low Value / Dormant
CUS-006826,71,51.97,3706.26,One year,Medium,7,33,13,0,2,Mid Value / Moderate
CUS-006827,46,109.53,4791.48,Two year,Low,9,51,34,0,1,Low Value / Dormant
CUS-006828,31,135.94,4168.63,One year,Medium,2,61,40,0,1,Low Value / Dormant
CUS-006829,59,102.2,6275.15,Month-to-month,Low,5,79,5,0,1,Low Value / Dormant
CUS-006830,29,65.15,1964.76,Month-to-month,High,3,59,42,0,0,High Value / Loyal
CUS-006831,17,82.82,1366.27,Month-to-month,Medium,3,72,7,1,0,High Value / Loyal
CUS-006832,14,117.8,1629.66,Month-to-month,High,1,4,51,0,3,New / At-Risk
CUS-006833,36,28.78,1042.16,One year,Medium,9,2,39,1,3,New / At-Risk
CUS-006834,58,48.23,2896.11,Month-to-month,Low,8,71,52,1,2,Mid Value / Moderate
CUS-006835,24,80.14,1929.41,One year,Low,0,58,46,0,0,High Value / Loyal
CUS-006836,63,98.55,6499.43,Month-to-month,High,0,62,14,0,1,Low Value / Dormant
CUS-006837,25,64.09,1650.2,Month-to-month,Low,6,98,7,1,0,High Value / Loyal
CUS-006838,59,58.79,3625.82,Month-to-month,Low,9,25,44,1,2,Mid Value / Moderate
CUS-006839,32,25.38,830.96,Month-to-month,Low,6,71,46,1,2,Mid Value / Moderate
CUS-006840,18,24.24,452.76,Month-to-month,Medium,3,25,15,0,3,New / At-Risk
CUS-006841,37,56.23,2149.39,Month-to-month,High,7,66,28,1,2,Mid Value / Moderate
CUS-006842,26,88.97,2256.17,Month-to-month,High,4,26,33,1,3,New / At-Risk
CUS-006843,9,92.33,808.48,Month-to-month,Low,5,55,28,1,0,High Value / Loyal
CUS-006844,64,84.22,5586.72,Month-to-month,Low,3,3,34,0,1,Low Value / Dormant
CUS-006845,20,73.28,1404.82,Month-to-month,High,2,46,47,1,3,New / At-Risk
CUS-006846,54,52.8,2825.02,Month-to-month,Medium,1,29,9,1,2,Mid Value / Moderate
CUS-006847,30,72.09,2232.06,Month-to-month,High,7,58,51,1,0,High Value / Loyal
CUS-006848,53,38.04,2079.21,One year,Medium,4,11,0,0,2,Mid Value / Moderate
CUS-006849,63,34.98,2124.36,Month-to-month,Medium,9,21,4,0,2,Mid Value / Moderate
CUS-006850,11,58.99,648.12,One year,Low,5,43,2,1,3,New / At-Risk
CUS-006851,31,149.4,4621.92,Month-to-month,High,5,4,38,1,1,Low Value / Dormant
CUS-006852,49,62.44,3005.85,Two year,Low,3,69,49,0,2,Mid Value / Moderate
CUS-006853,19,141.74,2805.4,Month-to-month,Medium,8,70,13,1,0,High Value / Loyal
CUS-006854,12,70.99,864.97,One year,Medium,6,22,45,0,3,New / At-Risk
CUS-006855,15,77.07,1211.58,Month-to-month,Medium,9,6,26,1,3,New / At-Risk
CUS-006856,31,123.62,3666.14,One year,Low,7,78,45,0,0,High Value / Loyal
CUS-006857,43,32.17,1368.82,One year,Low,6,22,28,0,2,Mid Value / Moderate
CUS-006858,37,43.7,1671.12,Month-to-month,High,3,16,0,0,2,Mid Value / Moderate
CUS-006859,29,146.6,4218.51,Month-to-month,Medium,8,96,17,1,0,High Value / Loyal
CUS-006860,26,85.77,2176.9,Two year,Medium,1,36,2,0,3,New / At-Risk
CUS-006861,2,25.76,54.09,Two year,High,4,50,25,1,0,High Value / Loyal
CUS-006862,15,26.16,407.03,One year,High,1,58,20,0,0,High Value / Loyal
CUS-006863,4,137.94,554.33,Two year,Medium,7,71,53,1,0,High Value / Loyal
CUS-006864,50,133.54,6718.08,Month-to-month,Medium,8,87,23,0,1,Low Value / Dormant
CUS-006865,38,79.59,2875.34,One year,High,2,51,44,0,2,Mid Value / Moderate
CUS-006866,23,41.22,993.63,Month-to-month,Low,4,78,51,1,0,High Value / Loyal
CUS-006867,59,127.94,7779.48,One year,Medium,8,47,46,1,1,Low Value / Dormant
CUS-006868,28,62.2,1660.86,One year,Low,5,53,19,1,0,High Value / Loyal
CUS-006869,66,74.48,4756.42,Month-to-month,Low,2,6,28,0,2,Mid Value / Moderate
CUS-006870,8,108.72,897.7,One year,Medium,5,25,17,0,3,New / At-Risk
CUS-006871,29,65.94,1833.31,Month-to-month,High,8,3,2,1,3,New / At-Risk
CUS-006872,11,101.73,1168.43,Month-to-month,High,9,13,50,1,3,New / At-Risk
CUS-006873,18,135.09,2553.11,Two year,Medium,6,53,46,1,3,New / At-Risk
CUS-006874,55,123.66,7064.04,Two year,Medium,3,67,49,0,1,Low Value / Dormant
CUS-006875,50,69.61,3563.62,Month-to-month,Medium,3,31,32,0,2,Mid Value / Moderate
CUS-006876,14,57.43,803.02,One year,High,0,67,17,0,0,High Value / Loyal
CUS-006877,9,57.12,492.58,Month-to-month,Medium,2,81,36,1,0,High Value / Loyal
CUS-006878,11,65.32,735.04,Month-to-month,Medium,8,55,55,1,0,High Value / Loyal
CUS-006879,63,84.16,5247.22,Two year,Medium,0,66,20,1,1,Low Value / Dormant
CUS-006880,67,74.16,5003.46,Month-to-month,Medium,1,5,43,0,2,Mid Value / Moderate
CUS-006881,53,37.29,1935.56,Month-to-month,Low,1,9,18,1,2,Mid Value / Moderate
CUS-006882,39,41.25,1567.24,Month-to-month,Medium,7,29,22,1,2,Mid Value / Moderate
CUS-006883,56,64.58,3552.98,Month-to-month,High,5,35,19,1,2,Mid Value / Moderate
CUS-006884,28,93.07,2687.69,Month-to-month,Low,6,35,54,1,3,New / At-Risk
CUS-006885,39,97.05,3756.98,One year,Low,3,50,23,0,1,Low Value / Dormant
CUS-006886,25,83.21,2041.0,Month-to-month,High,3,30,18,1,3,New / At-Risk
CUS-006887,21,116.04,2420.52,Month-to-month,High,3,15,25,0,3,New / At-Risk
CUS-006888,10,115.84,1104.24,Month-to-month,Medium,5,29,32,1,3,New / At-Risk
CUS-006889,43,75.59,3377.4,Month-to-month,Medium,3,25,31,1,2,Mid Value / Moderate
CUS-006890,15,36.18,545.47,Month-to-month,Medium,0,75,55,0,0,High Value / Loyal
CUS-006891,48,88.92,4099.62,Month-to-month,Medium,0,57,53,0,2,Mid Value / Moderate
CUS-006892,21,69.59,1430.49,Month-to-month,High,7,51,34,0,0,High Value / Loyal
CUS-006893,60,37.93,2385.85,Month-to-month,Medium,1,68,24,1,2,Mid Value / Moderate
CUS-006894,50,147.64,7450.51,Month-to-month,High,8,58,32,1,1,Low Value / Dormant
CUS-006895,23,68.07,1532.91,One year,High,9,12,23,1,3,New / At-Risk
CUS-006896,13,101.35,1307.89,Month-to-month,Medium,7,96,56,1,0,High Value / Loyal
CUS-006897,69,83.72,5636.94,Month-to-month,Low,0,69,57,0,1,Low Value / Dormant
CUS-006898,4,38.57,147.05,One year,High,9,37,48,1,3,New / At-Risk
CUS-006899,9,27.22,253.37,Two year,High,7,25,8,0,3,New / At-Risk
CUS-006900,35,101.35,3473.64,Two year,Low,8,68,36,1,0,High Value / Loyal
CUS-006901,21,52.11,1131.4,Two year,Medium,3,24,36,1,3,New / At-Risk
CUS-006902,58,51.68,2990.72,Two year,High,6,36,10,0,2,Mid Value / Moderate
CUS-006903,18,144.41,2516.9,One year,Low,3,2,20,0,3,New / At-Risk
CUS-006904,43,80.03,3545.2,Two year,Medium,2,35,58,0,2,Mid Value / Moderate
CUS-006905,6,23.83,141.2,One year,Medium,0,8,16,0,3,New / At-Risk
CUS-006906,67,64.18,4389.35,Month-to-month,High,1,73,15,1,2,Mid Value / Moderate
CUS-006907,12,95.98,1190.65,Month-to-month,Medium,6,28,4,1,3,New / At-Risk
CUS-006908,12,62.71,787.41,One year,Medium,5,60,43,0,0,High Value / Loyal
CUS-006909,66,23.49,1486.17,Two year,Low,7,54,45,0,2,Mid Value / Moderate
CUS-006910,2,77.76,147.88,Month-to-month,High,2,44,9,0,3,New / At-Risk
CUS-006911,15,33.77,508.97,Month-to-month,Medium,5,10,12,0,3,New / At-Risk
CUS-006912,23,100.49,2256.8,One year,High,5,5,46,1,3,New / At-Risk
CUS-006913,29,100.55,2906.83,One year,Low,1,47,57,0,3,New / At-Risk
CUS-006914,7,24.91,166.91,Two year,High,0,31,5,0,3,New / At-Risk
CUS-006915,28,57.79,1618.28,Two year,High,1,29,36,0,3,New / At-Risk
CUS-006916,14,73.78,994.16,Month-to-month,Low,8,3,15,1,3,New / At-Risk
CUS-006917,44,91.53,4163.88,Month-to-month,Low,5,26,5,1,1,Low Value / Dormant
CUS-006918,30,58.49,1800.18,Month-to-month,Medium,2,95,28,1,0,High Value / Loyal
CUS-006919,32,57.41,1758.78,Two year,Medium,9,2,59,0,3,New / At-Risk
CUS-006920,70,147.79,10693.41,Month-to-month,High,6,79,24,0,1,Low Value / Dormant
CUS-006921,6,25.44,149.98,Month-to-month,Low,0,77,22,0,0,High Value / Loyal
CUS-006922,27,148.58,3952.52,Month-to-month,Medium,7,92,10,0,0,High Value / Loyal
CUS-006923,24,26.21,608.85,Month-to-month,Medium,9,56,28,0,0,High Value / Loyal
CUS-006924,34,57.48,2020.0,Month-to-month,Medium,6,14,20,0,3,New / At-Risk
CUS-006925,40,84.18,3335.11,Two year,Low,2,76,25,1,0,High Value / Loyal
CUS-006926,47,38.63,1733.64,One year,Medium,3,15,40,0,2,Mid Value / Moderate
CUS-006927,24,37.53,942.72,Two year,Low,6,85,52,1,0,High Value / Loyal
CUS-006928,65,53.32,3381.24,Month-to-month,Medium,3,93,36,1,2,Mid Value / Moderate
CUS-006929,18,146.56,2753.07,One year,Low,4,45,10,0,3,New / At-Risk
CUS-006930,44,69.42,2993.56,One year,High,0,99,37,0,0,High Value / Loyal
CUS-006931,57,93.58,5510.81,Month-to-month,High,4,47,23,1,1,Low Value / Dormant
CUS-006932,28,111.56,3174.92,Month-to-month,High,9,20,16,1,3,New / At-Risk
CUS-006933,71,116.49,8569.51,One year,High,9,18,8,1,1,Low Value / Dormant
CUS-006934,23,109.45,2637.09,One year,High,3,79,7,0,0,High Value / Loyal
CUS-006935,34,63.8,2249.81,Month-to-month,Medium,2,61,29,0,2,Mid Value / Moderate
CUS-006936,11,34.52,376.11,Month-to-month,Medium,8,76,6,1,0,High Value / Loyal
CUS-006937,35,56.62,2044.14,Month-to-month,Medium,0,98,36,0,0,High Value / Loyal
CUS-006938,42,47.34,2030.29,Month-to-month,Medium,9,5,48,1,2,Mid Value / Moderate
CUS-006939,28,37.72,1009.75,Month-to-month,High,4,58,22,0,0,High Value / Loyal
CUS-006940,24,23.18,580.34,Month-to-month,Medium,9,81,8,0,0,High Value / Loyal
CUS-006941,8,141.64,1129.3,Month-to-month,High,1,77,18,1,0,High Value / Loyal
CUS-006942,53,139.73,7135.2,One year,Medium,4,60,43,0,1,Low Value / Dormant
CUS-006943,4,26.55,105.42,Two year,High,4,13,7,1,3,New / At-Risk
CUS-006944,5,42.5,214.7,Month-to-month,High,9,80,47,1,0,High Value / Loyal
CUS-006945,49,38.14,1882.25,Month-to-month,Medium,0,40,45,0,2,Mid Value / Moderate
CUS-006946,30,56.56,1709.46,Month-to-month,Low,3,67,13,0,0,High Value / Loyal
CUS-006947,63,46.53,2859.75,One year,High,6,52,50,0,2,Mid Value / Moderate
CUS-006948,47,142.96,6808.33,One year,High,0,2,27,0,1,Low Value / Dormant
CUS-006949,26,30.94,837.27,One year,High,9,89,34,0,0,High Value / Loyal
CUS-006950,57,47.52,2678.33,One year,High,1,53,6,0,2,Mid Value / Moderate
CUS-006951,37,30.49,1143.01,Two year,Medium,3,67,5,0,2,Mid Value / Moderate
CUS-006952,7,147.45,1005.73,Two year,Medium,9,11,29,1,3,New / At-Risk
CUS-006953,40,139.39,5323.88,Month-to-month,High,1,11,36,1,1,Low Value / Dormant
CUS-006954,39,113.16,4451.16,Two year,Low,1,10,15,0,1,Low Value / Dormant
CUS-006955,62,75.38,4461.9,One year,Medium,0,28,42,1,2,Mid Value / Moderate
CUS-006956,53,44.72,2423.32,One year,Medium,1,11,54,0,2,Mid Value / Moderate
CUS-006957,4,48.79,198.5,One year,Medium,2,7,56,0,3,New / At-Risk
CUS-006958,25,77.6,1914.53,Two year,Medium,3,29,0,0,3,New / At-Risk
CUS-006959,7,119.87,831.64,Two year,Medium,0,65,41,0,0,High Value / Loyal
CUS-006960,28,54.41,1587.27,Month-to-month,Medium,0,52,16,0,0,High Value / Loyal
CUS-006961,69,60.4,3964.89,Month-to-month,Low,6,15,52,1,2,Mid Value / Moderate
CUS-006962,67,97.99,6607.08,Two year,High,4,7,55,1,1,Low Value / Dormant
CUS-006963,20,50.9,1061.2,Month-to-month,High,6,68,54,1,0,High Value / Loyal
CUS-006964,11,95.95,1099.13,Month-to-month,Low,9,55,6,0,0,High Value / Loyal
CUS-006965,67,70.33,4751.8,Month-to-month,Low,8,3,34,1,2,Mid Value / Moderate
CUS-006966,7,24.47,169.24,One year,High,0,20,56,0,3,New / At-Risk
CUS-006967,23,72.35,1597.33,One year,Medium,7,3,4,0,3,New / At-Risk
CUS-006968,61,139.54,8234.17,Month-to-month,Medium,9,29,26,1,1,Low Value / Dormant
CUS-006969,71,58.1,4199.55,One year,Medium,3,20,29,0,2,Mid Value / Moderate
CUS-006970,34,61.97,2005.08,Two year,Medium,8,10,43,0,3,New / At-Risk
CUS-006971,19,28.57,563.69,Month-to-month,Medium,1,61,41,0,0,High Value / Loyal
CUS-006972,58,99.96,5848.44,Month-to-month,High,8,99,34,0,1,Low Value / Dormant
CUS-006973,9,130.4,1120.23,Two year,Medium,7,90,15,0,0,High Value / Loyal
CUS-006974,48,65.88,3079.95,Two year,Medium,5,94,5,0,2,Mid Value / Moderate
CUS-006975,41,51.23,2120.3,Month-to-month,Medium,4,90,15,0,0,High Value / Loyal
CUS-006976,48,144.36,6607.46,One year,High,2,37,55,0,1,Low Value / Dormant
CUS-006977,45,116.86,5405.91,One year,High,0,84,7,0,1,Low Value / Dormant
CUS-006978,25,93.73,2441.68,Month-to-month,Medium,5,51,19,1,3,New / At-Risk
CUS-006979,25,59.72,1561.84,Two year,Low,9,42,30,0,3,New / At-Risk
CUS-006980,19,48.7,946.99,Month-to-month,Medium,4,73,19,0,0,High Value / Loyal
CUS-006981,39,113.05,4566.14,One year,Low,7,75,8,1,1,Low Value / Dormant
CUS-006982,27,87.83,2397.73,Month-to-month,Medium,0,97,29,1,0,High Value / Loyal
CUS-006983,63,87.68,5500.81,Two year,High,9,30,12,1,1,Low Value / Dormant
CUS-006984,68,29.58,2054.47,Month-to-month,Medium,0,94,25,1,2,Mid Value / Moderate
CUS-006985,19,86.59,1599.74,Month-to-month,High,6,45,1,0,3,New / At-Risk
CUS-006986,28,126.96,3416.07,Month-to-month,High,7,87,40,1,0,High Value / Loyal
CUS-006987,33,143.08,4845.41,Month-to-month,Medium,9,24,44,1,1,Low Value / Dormant
CUS-006988,10,33.87,354.21,Two year,Low,0,31,45,1,3,New / At-Risk
CUS-006989,30,102.05,3085.26,Month-to-month,Medium,8,23,23,0,3,New / At-Risk
CUS-006990,22,93.89,2061.87,One year,Medium,6,53,12,1,0,High Value / Loyal
CUS-006991,3,135.74,408.62,Two year,Medium,6,42,50,1,3,New / At-Risk
CUS-006992,48,117.66,5635.6,One year,Medium,7,36,15,0,1,Low Value / Dormant
CUS-006993,2,145.48,289.29,Month-to-month,Medium,7,34,17,1,3,New / At-Risk
CUS-006994,54,144.8,8168.98,One year,Low,0,85,15,1,1,Low Value / Dormant
CUS-006995,6,49.34,295.44,Month-to-month,High,3,26,1,0,3,New / At-Risk
CUS-006996,40,114.3,4380.31,Month-to-month,High,8,71,0,1,1,Low Value / Dormant
CUS-006997,2,88.97,182.66,Month-to-month,High,2,25,9,0,3,New / At-Risk
CUS-006998,2,47.9,94.76,One year,High,5,3,24,0,3,New / At-Risk
CUS-006999,55,45.33,2545.85,One year,Low,3,43,13,1,2,Mid Value / Moderate
CUS-007000,60,30.54,1847.04,One year,Medium,0,82,16,0,2,Mid Value / Moderate
CUS-007001,6,123.42,756.31,Month-to-month,High,2,6,17,1,3,New / At-Risk
CUS-007002,19,62.19,1129.78,One year,High,2,54,6,0,0,High Value / Loyal
CUS-007003,27,131.41,3382.58,Month-to-month,Low,2,52,20,0,3,New / At-Risk
CUS-007004,1,99.08,97.88,Month-to-month,Medium,5,13,28,1,3,New / At-Risk
CUS-007005,33,107.57,3618.46,Two year,Low,8,66,26,1,0,High Value / Loyal
CUS-007006,40,57.92,2252.69,Month-to-month,High,6,56,48,1,2,Mid Value / Moderate
CUS-007007,32,79.45,2525.41,Month-to-month,High,6,47,3,1,3,New / At-Risk
CUS-007008,69,73.6,5322.67,Two year,High,0,77,11,0,1,Low Value / Dormant
CUS-007009,17,50.64,836.33,Month-to-month,Medium,8,65,21,1,0,High Value / Loyal
CUS-007010,8,128.23,1061.51,One year,Medium,3,66,39,0,0,High Value / Loyal
CUS-007011,57,100.87,5936.77,One year,Medium,7,68,33,1,1,Low Value / Dormant
CUS-007012,42,24.87,1085.25,Month-to-month,Medium,0,13,25,0,2,Mid Value / Moderate
CUS-007013,9,126.59,1186.6,Two year,High,7,30,27,1,3,New / At-Risk
CUS-007014,35,33.78,1183.34,One year,Low,8,76,18,1,2,Mid Value / Moderate
CUS-007015,71,72.48,5239.74,Month-to-month,Medium,4,33,30,0,1,Low Value / Dormant
CUS-007016,53,94.26,5055.36,Month-to-month,High,6,38,13,0,1,Low Value / Dormant
CUS-007017,54,20.99,1112.05,Two year,Medium,9,43,22,1,2,Mid Value / Moderate
CUS-007018,25,104.88,2564.21,One year,High,1,98,16,1,0,High Value / Loyal
CUS-007019,67,105.76,6973.75,One year,Medium,0,3,22,0,1,Low Value / Dormant
CUS-007020,62,104.83,6316.38,Two year,High,5,43,16,0,1,Low Value / Dormant
CUS-007021,55,41.25,2327.19,Month-to-month,High,8,73,7,1,2,Mid Value / Moderate
CUS-007022,46,53.25,2563.07,One year,Low,0,71,37,1,2,Mid Value / Moderate
CUS-007023,24,52.16,1297.85,Two year,Medium,9,4,9,0,3,New / At-Risk
CUS-007024,46,144.81,6473.32,Month-to-month,Medium,0,92,29,0,1,Low Value / Dormant
CUS-007025,22,28.78,604.76,One year,Medium,3,32,6,0,3,New / At-Risk
CUS-007026,11,75.74,854.55,Month-to-month,Medium,9,1,1,0,3,New / At-Risk
CUS-007027,48,133.26,6326.4,One year,High,5,13,46,1,1,Low Value / Dormant
CUS-007028,8,120.03,991.42,One year,Low,8,36,21,1,3,New / At-Risk
CUS-007029,39,126.92,5088.0,Month-to-month,Low,1,26,4,1,1,Low Value / Dormant
CUS-007030,35,146.4,5188.2,Month-to-month,Low,4,77,2,0,1,Low Value / Dormant
CUS-007031,49,70.34,3362.53,Month-to-month,High,6,22,8,1,2,Mid Value / Moderate
CUS-007032,46,60.26,2661.99,One year,High,3,88,4,0,2,Mid Value / Moderate
CUS-007033,38,23.99,888.91,One year,Medium,5,11,55,0,2,Mid Value / Moderate
CUS-007034,8,39.5,316.33,Two year,Low,5,25,19,0,3,New / At-Risk
CUS-007035,54,93.06,5266.29,Month-to-month,Low,3,79,28,1,1,Low Value / Dormant
CUS-007036,37,40.5,1432.97,Two year,Low,3,45,5,0,2,Mid Value / Moderate
CUS-007037,40,115.72,4489.96,Month-to-month,Medium,8,36,3,0,1,Low Value / Dormant
CUS-007038,34,24.84,855.32,Month-to-month,Medium,0,34,35,0,2,Mid Value / Moderate
CUS-007039,17,53.73,895.6,Month-to-month,High,4,34,56,1,3,New / At-Risk
CUS-007040,33,110.41,3774.11,Two year,Low,8,32,20,1,3,New / At-Risk
CUS-007041,47,53.22,2410.94,Month-to-month,High,8,25,16,1,2,Mid Value / Moderate
CUS-007042,52,114.74,6242.76,Month-to-month,Medium,8,67,14,1,1,Low Value / Dormant
CUS-007043,9,149.46,1400.63,Month-to-month,High,1,59,26,0,0,High Value / Loyal
CUS-007044,33,123.62,4237.58,One year,High,6,57,38,0,1,Low Value / Dormant
CUS-007045,60,64.44,3739.91,Two year,High,9,29,18,0,2,Mid Value / Moderate
CUS-007046,21,137.08,2829.53,One year,High,7,21,42,0,3,New / At-Risk
CUS-007047,58,26.65,1592.91,Month-to-month,Low,0,73,2,1,2,Mid Value / Moderate
CUS-007048,69,114.25,8125.97,Two year,Low,1,85,27,1,1,Low Value / Dormant
CUS-007049,10,23.03,235.04,Two year,High,0,21,46,0,3,New / At-Risk
CUS-007050,6,42.69,254.82,Month-to-month,High,8,71,21,1,0,High Value / Loyal
CUS-007051,13,148.39,1892.68,One year,Low,9,47,50,1,3,New / At-Risk
CUS-007052,65,66.92,4550.84,Month-to-month,High,4,32,48,0,2,Mid Value / Moderate
CUS-007053,20,126.66,2441.91,One year,Medium,3,22,5,0,3,New / At-Risk
CUS-007054,57,68.89,3747.64,One year,Low,7,42,54,0,2,Mid Value / Moderate
CUS-007055,46,129.2,5651.63,Month-to-month,Low,2,11,30,1,1,Low Value / Dormant
CUS-007056,8,145.51,1196.07,Two year,Low,7,58,4,0,0,High Value / Loyal
CUS-007057,10,76.62,732.23,Month-to-month,Low,2,98,12,1,0,High Value / Loyal
CUS-007058,67,92.72,6235.94,One year,High,5,78,48,1,1,Low Value / Dormant
CUS-007059,11,101.72,1104.11,Two year,Medium,3,41,33,1,3,New / At-Risk
CUS-007060,12,141.53,1638.38,Month-to-month,Medium,7,86,49,0,0,High Value / Loyal
CUS-007061,10,53.38,546.61,Month-to-month,High,6,25,9,1,3,New / At-Risk
CUS-007062,25,99.46,2375.91,Month-to-month,High,4,16,55,1,3,New / At-Risk
CUS-007063,49,62.21,2993.11,One year,Medium,2,97,39,0,2,Mid Value / Moderate
CUS-007064,49,48.2,2376.55,Two year,Medium,4,66,39,0,2,Mid Value / Moderate
CUS-007065,11,31.04,338.1,Month-to-month,High,3,70,49,0,0,High Value / Loyal
CUS-007066,62,100.69,6092.57,Month-to-month,Medium,7,34,43,1,1,Low Value / Dormant
CUS-007067,36,134.67,5054.69,Month-to-month,Medium,4,46,27,0,1,Low Value / Dormant
CUS-007068,39,65.68,2671.96,One year,High,9,48,20,0,2,Mid Value / Moderate
CUS-007069,53,91.85,4827.04,One year,Low,9,37,36,0,1,Low Value / Dormant
CUS-007070,56,103.48,5733.16,Month-to-month,Low,4,22,35,1,1,Low Value / Dormant
CUS-007071,1,73.9,72.48,Month-to-month,Medium,1,80,55,1,0,High Value / Loyal
CUS-007072,56,137.44,7970.18,Month-to-month,Medium,8,7,55,0,1,Low Value / Dormant
CUS-007073,4,67.16,270.46,Month-to-month,High,5,47,27,1,3,New / At-Risk
CUS-007074,30,36.25,1042.9,Month-to-month,Low,0,77,12,0,0,High Value / Loyal
CUS-007075,12,38.72,481.09,Month-to-month,Medium,2,17,56,1,3,New / At-Risk
CUS-007076,35,135.81,4769.98,One year,High,3,3,35,0,1,Low Value / Dormant
CUS-007077,52,148.44,7653.78,Month-to-month,Medium,9,12,0,1,1,Low Value / Dormant
CUS-007078,31,57.56,1755.49,Month-to-month,Medium,9,70,42,1,0,High Value / Loyal
CUS-007079,68,38.67,2524.12,One year,Medium,1,76,8,0,2,Mid Value / Moderate
CUS-007080,52,82.69,4496.13,Two year,Medium,9,75,48,1,2,Mid Value / Moderate
CUS-007081,7,112.24,804.62,One year,Low,3,19,19,0,3,New / At-Risk
CUS-007082,22,99.61,2110.78,Month-to-month,Medium,1,31,42,0,3,New / At-Risk
CUS-007083,56,143.64,8053.13,Two year,Medium,5,2,41,1,1,Low Value / Dormant
CUS-007084,58,126.31,7366.76,Month-to-month,Medium,9,96,16,0,1,Low Value / Dormant
CUS-007085,64,132.97,8227.23,Month-to-month,High,8,18,2,1,1,Low Value / Dormant
CUS-007086,12,90.42,1077.1,Two year,Low,0,55,50,0,0,High Value / Loyal
CUS-007087,7,62.55,444.2,One year,Medium,4,4,31,1,3,New / At-Risk
CUS-007088,55,111.23,5985.28,One year,Medium,8,22,54,1,1,Low Value / Dormant
CUS-007089,62,77.08,4698.3,Month-to-month,Medium,6,78,59,0,2,Mid Value / Moderate
CUS-007090,55,57.41,3038.1,Month-to-month,Low,5,78,34,1,2,Mid Value / Moderate
CUS-007091,36,39.8,1420.2,Month-to-month,Low,6,93,5,0,0,High Value / Loyal
CUS-007092,24,88.62,2144.8,Month-to-month,High,8,34,57,1,3,New / At-Risk
CUS-007093,44,97.25,4115.04,Month-to-month,Medium,2,48,51,0,1,Low Value / Dormant
CUS-007094,17,93.94,1615.35,Month-to-month,Medium,7,70,5,1,0,High Value / Loyal
CUS-007095,2,35.15,69.58,Month-to-month,High,0,76,24,0,0,High Value / Loyal
CUS-007096,13,94.1,1245.08,One year,Low,9,24,27,1,3,New / At-Risk
CUS-007097,31,41.89,1274.66,Two year,High,5,45,38,1,2,Mid Value / Moderate
CUS-007098,28,106.28,2996.3,One year,Low,8,93,0,0,0,High Value / Loyal
CUS-007099,60,75.82,4600.51,One year,Medium,0,10,39,0,2,Mid Value / Moderate
CUS-007100,27,130.34,3586.29,Month-to-month,Medium,4,46,15,0,3,New / At-Risk
CUS-007101,15,121.17,1864.32,Month-to-month,Medium,7,36,19,1,3,New / At-Risk
CUS-007102,33,114.17,3630.59,Month-to-month,Low,9,98,23,0,0,High Value / Loyal
CUS-007103,20,111.1,2325.29,Month-to-month,Medium,5,51,14,0,3,New / At-Risk
CUS-007104,42,92.86,4034.3,One year,Low,5,32,50,1,1,Low Value / Dormant
CUS-007105,12,27.94,337.43,Two year,Low,2,32,9,1,3,New / At-Risk
CUS-007106,23,105.21,2514.38,Two year,Medium,7,15,11,0,3,New / At-Risk
CUS-007107,14,80.7,1116.52,Month-to-month,Medium,0,9,36,1,3,New / At-Risk
CUS-007108,25,81.04,1931.7,Two year,Medium,3,58,34,0,0,High Value / Loyal
CUS-007109,31,69.27,2196.21,Month-to-month,Low,7,36,59,1,3,New / At-Risk
CUS-007110,54,140.78,7939.11,Month-to-month,Medium,5,22,26,0,1,Low Value / Dormant
CUS-007111,5,52.43,253.28,Month-to-month,Low,8,13,12,1,3,New / At-Risk
CUS-007112,13,61.16,806.48,One year,Medium,0,41,29,1,3,New / At-Risk
CUS-007113,28,145.2,4192.89,One year,Medium,1,78,50,1,1,Low Value / Dormant
CUS-007114,43,125.32,5607.04,Month-to-month,Medium,0,26,2,0,1,Low Value / Dormant
CUS-007115,47,21.83,1003.14,Month-to-month,High,3,61,51,0,2,Mid Value / Moderate
CUS-007116,71,137.79,9420.15,Month-to-month,Medium,8,44,34,1,1,Low Value / Dormant
CUS-007117,38,49.46,1832.24,Month-to-month,High,3,89,47,1,0,High Value / Loyal
CUS-007118,67,111.77,7546.88,Two year,Medium,8,86,11,0,1,Low Value / Dormant
CUS-007119,62,91.9,5936.35,Two year,Medium,5,30,49,0,1,Low Value / Dormant
CUS-007120,39,89.79,3530.54,Two year,Medium,4,77,28,0,0,High Value / Loyal
CUS-007121,37,113.33,4369.16,Month-to-month,Low,9,96,29,1,0,High Value / Loyal
CUS-007122,8,46.93,385.61,Month-to-month,Medium,3,37,21,0,3,New / At-Risk
CUS-007123,52,40.67,2135.82,Two year,High,9,58,16,0,2,Mid Value / Moderate
CUS-007124,33,104.75,3291.4,Two year,Medium,1,83,52,0,0,High Value / Loyal
CUS-007125,42,57.78,2386.06,Month-to-month,Medium,7,35,26,0,2,Mid Value / Moderate
CUS-007126,27,146.61,3783.38,One year,Medium,2,49,21,0,1,Low Value / Dormant
CUS-007127,8,78.7,618.38,Month-to-month,Medium,0,59,59,1,0,High Value / Loyal
CUS-007128,23,34.51,758.94,Two year,High,9,93,48,1,0,High Value / Loyal
CUS-007129,64,109.16,6753.92,Month-to-month,Low,6,7,48,0,1,Low Value / Dormant
CUS-007130,20,59.8,1185.33,Two year,Medium,7,35,6,1,3,New / At-Risk
CUS-007131,16,39.32,630.0,Month-to-month,Medium,6,39,45,1,3,New / At-Risk
CUS-007132,17,74.97,1238.39,One year,Medium,3,6,10,0,3,New / At-Risk
CUS-007133,19,145.35,2825.86,Month-to-month,Medium,7,78,15,1,0,High Value / Loyal
CUS-007134,8,73.49,593.2,Month-to-month,Medium,9,92,53,1,0,High Value / Loyal
CUS-007135,38,65.15,2523.31,Month-to-month,High,3,65,56,0,2,Mid Value / Moderate
CUS-007136,38,77.79,3024.68,One year,Medium,4,85,35,0,0,High Value / Loyal
CUS-007137,53,21.58,1169.43,Month-to-month,Medium,7,27,50,0,2,Mid Value / Moderate
CUS-007138,31,37.3,1206.85,One year,Medium,1,86,21,0,0,High Value / Loyal
CUS-007139,44,130.46,5589.3,Month-to-month,Medium,9,11,39,1,1,Low Value / Dormant
CUS-007140,60,147.14,8625.75,Month-to-month,Low,7,9,36,0,1,Low Value / Dormant
CUS-007141,17,40.53,661.09,One year,Low,4,10,2,1,3,New / At-Risk
CUS-007142,39,89.62,3527.43,Month-to-month,High,4,54,34,1,2,Mid Value / Moderate
CUS-007143,42,145.62,6052.07,Two year,Medium,6,43,48,0,1,Low Value / Dormant
CUS-007144,48,40.36,1936.33,One year,High,3,50,37,1,2,Mid Value / Moderate
CUS-007145,12,44.22,513.12,One year,High,2,46,41,0,3,New / At-Risk
CUS-007146,18,140.49,2566.44,Month-to-month,Medium,5,63,54,0,0,High Value / Loyal
CUS-007147,6,111.74,678.42,Month-to-month,High,5,49,40,0,3,New / At-Risk
CUS-007148,43,39.76,1669.28,Two year,Medium,9,95,37,1,0,High Value / Loyal
CUS-007149,35,71.15,2481.78,Month-to-month,Low,5,96,23,1,0,High Value / Loyal
CUS-007150,54,27.32,1533.17,Two year,Medium,6,31,53,1,2,Mid Value / Moderate
CUS-007151,62,76.25,4856.62,Month-to-month,High,3,63,33,1,2,Mid Value / Moderate
CUS-007152,69,121.13,8129.56,Month-to-month,High,2,8,34,0,1,Low Value / Dormant
CUS-007153,16,92.02,1528.04,One year,High,2,40,10,0,3,New / At-Risk
CUS-007154,8,104.17,797.28,Two year,High,2,60,14,1,0,High Value / Loyal
CUS-007155,31,62.49,1920.41,Month-to-month,Medium,1,51,13,0,2,Mid Value / Moderate
CUS-007156,10,40.98,392.61,Month-to-month,High,5,5,44,0,3,New / At-Risk
CUS-007157,56,21.71,1267.05,One year,Medium,0,31,16,1,2,Mid Value / Moderate
CUS-007158,70,126.77,8466.36,Month-to-month,High,5,7,20,0,1,Low Value / Dormant
CUS-007159,20,102.77,1983.62,Month-to-month,Low,7,45,27,1,3,New / At-Risk
CUS-007160,5,49.81,259.4,Month-to-month,High,5,47,42,1,3,New / At-Risk
CUS-007161,23,74.4,1725.18,One year,Medium,1,14,37,1,3,New / At-Risk
CUS-007162,9,124.19,1150.68,One year,Medium,6,25,21,0,3,New / At-Risk
CUS-007163,58,90.03,4969.28,Two year,Low,2,85,59,0,1,Low Value / Dormant
CUS-007164,59,59.02,3454.05,Month-to-month,High,8,47,33,1,2,Mid Value / Moderate
CUS-007165,54,54.73,3098.83,Month-to-month,Medium,7,93,0,1,2,Mid Value / Moderate
CUS-007166,46,48.29,2239.06,Month-to-month,Medium,5,46,22,0,2,Mid Value / Moderate
CUS-007167,22,127.08,2893.63,Month-to-month,Medium,0,45,31,0,3,New / At-Risk
CUS-007168,64,95.64,6404.83,Month-to-month,Medium,1,31,3,0,1,Low Value / Dormant
CUS-007169,8,112.19,914.13,One year,High,7,52,40,0,3,New / At-Risk
CUS-007170,20,131.82,2590.87,Month-to-month,Low,5,4,42,1,3,New / At-Risk
CUS-007171,51,148.29,7418.14,One year,High,0,46,55,1,1,Low Value / Dormant
CUS-007172,39,52.43,1957.21,Two year,Medium,8,29,5,1,2,Mid Value / Moderate
CUS-007173,37,43.52,1598.51,Two year,High,7,49,15,1,2,Mid Value / Moderate
CUS-007174,50,80.06,4169.27,Month-to-month,Medium,1,65,9,1,2,Mid Value / Moderate
CUS-007175,34,24.56,833.18,Month-to-month,Medium,9,96,34,0,0,High Value / Loyal
CUS-007176,33,122.92,4223.19,Month-to-month,Medium,4,1,23,1,3,New / At-Risk
CUS-007177,31,134.89,4314.17,Two year,Medium,2,68,59,0,1,Low Value / Dormant
CUS-007178,54,109.19,6181.48,Two year,Medium,0,84,9,1,1,Low Value / Dormant
CUS-007179,44,54.84,2520.96,Two year,Medium,6,59,11,0,2,Mid Value / Moderate
CUS-007180,34,36.01,1249.63,One year,Low,8,37,32,1,2,Mid Value / Moderate
CUS-007181,71,69.68,5130.84,Month-to-month,High,6,78,26,0,2,Mid Value / Moderate
CUS-007182,62,128.33,8154.07,Two year,High,2,52,24,0,1,Low Value / Dormant
CUS-007183,23,65.22,1530.51,Two year,High,5,78,9,1,0,High Value / Loyal
CUS-007184,46,24.45,1149.09,Two year,High,2,2,24,0,2,Mid Value / Moderate
CUS-007185,56,55.66,3185.66,Month-to-month,Medium,3,21,31,0,2,Mid Value / Moderate
CUS-007186,7,148.69,1028.3,Month-to-month,Low,0,29,41,1,3,New / At-Risk
CUS-007187,61,107.97,6535.64,Month-to-month,Medium,1,76,55,0,1,Low Value / Dormant
CUS-007188,3,137.11,402.86,Two year,High,0,82,25,0,0,High Value / Loyal
CUS-007189,38,120.73,4426.46,Two year,High,9,38,3,0,1,Low Value / Dormant
CUS-007190,34,90.16,3052.76,Month-to-month,Medium,1,32,8,0,3,New / At-Risk
CUS-007191,44,39.33,1799.71,One year,Medium,3,41,26,0,2,Mid Value / Moderate
CUS-007192,30,65.32,1989.36,Month-to-month,Medium,5,22,8,1,3,New / At-Risk
CUS-007193,17,95.89,1557.72,Month-to-month,Medium,7,42,43,1,3,New / At-Risk
CUS-007194,59,133.18,8102.28,Month-to-month,Low,9,12,25,1,1,Low Value / Dormant
CUS-007195,10,54.93,573.19,Month-to-month,Medium,8,57,10,0,0,High Value / Loyal
CUS-007196,18,35.76,664.87,Month-to-month,High,9,85,52,1,0,High Value / Loyal
CUS-007197,45,92.65,4264.03,Month-to-month,High,6,8,37,1,3,New / At-Risk
CUS-007198,59,42.95,2445.11,One year,Medium,3,28,31,0,2,Mid Value / Moderate
CUS-007199,62,99.35,6066.51,Month-to-month,High,6,57,58,1,1,Low Value / Dormant
CUS-007200,59,54.26,3222.11,Two year,High,0,53,29,0,2,Mid Value / Moderate
CUS-007201,49,50.03,2347.51,One year,High,9,86,38,0,2,Mid Value / Moderate
CUS-007202,63,71.89,4350.96,One year,Medium,5,80,8,1,2,Mid Value / Moderate
CUS-007203,32,97.11,3242.63,Two year,Medium,0,76,10,0,0,High Value / Loyal
CUS-007204,10,90.89,927.34,Month-to-month,Medium,7,17,22,0,3,New / At-Risk
CUS-007205,11,51.82,557.15,Month-to-month,Medium,3,21,16,0,3,New / At-Risk
CUS-007206,70,135.85,9345.0,Month-to-month,Medium,7,51,31,1,1,Low Value / Dormant
CUS-007207,62,34.28,2101.08,Month-to-month,Medium,7,7,10,0,2,Mid Value / Moderate
CUS-007208,47,25.13,1130.96,Month-to-month,High,1,61,56,0,2,Mid Value / Moderate
CUS-007209,34,98.35,3423.94,One year,Medium,5,84,21,1,0,High Value / Loyal
CUS-007210,17,36.04,592.93,One year,Low,9,54,49,1,0,High Value / Loyal
CUS-007211,54,85.64,4765.43,Month-to-month,Medium,3,41,57,0,1,Low Value / Dormant
CUS-007212,40,143.73,5948.07,Month-to-month,Medium,2,60,31,1,1,Low Value / Dormant
CUS-007213,19,110.82,2134.64,Month-to-month,Low,8,44,8,1,3,New / At-Risk
CUS-007214,67,100.27,6899.34,Month-to-month,Low,9,77,16,1,1,Low Value / Dormant
CUS-007215,53,94.72,4855.66,One year,Medium,8,29,52,0,1,Low Value / Dormant
CUS-007216,64,43.34,2794.83,Month-to-month,Medium,1,43,24,1,2,Mid Value / Moderate
CUS-007217,47,76.24,3646.83,Two year,Medium,4,37,59,0,2,Mid Value / Moderate
CUS-007218,6,64.53,393.42,One year,Medium,9,61,15,0,0,High Value / Loyal
CUS-007219,16,143.9,2214.28,Month-to-month,Low,9,59,45,1,0,High Value / Loyal
CUS-007220,18,51.5,912.6,Month-to-month,Low,6,61,32,0,0,High Value / Loyal
CUS-007221,52,81.3,4153.49,Month-to-month,High,8,72,1,0,2,Mid Value / Moderate
CUS-007222,48,141.95,6863.03,Two year,Medium,7,20,42,0,1,Low Value / Dormant
CUS-007223,43,122.59,5411.34,Two year,Medium,9,44,38,1,1,Low Value / Dormant
CUS-007224,39,145.39,5710.12,Month-to-month,Low,3,56,41,1,1,Low Value / Dormant
CUS-007225,49,99.08,4978.78,One year,Medium,2,48,11,0,1,Low Value / Dormant
CUS-007226,12,63.39,730.2,Month-to-month,High,0,74,42,0,0,High Value / Loyal
CUS-007227,10,127.46,1322.84,Month-to-month,Medium,0,15,33,1,3,New / At-Risk
CUS-007228,71,57.89,4125.19,One year,High,8,76,24,0,2,Mid Value / Moderate
CUS-007229,55,41.42,2172.76,Two year,Medium,3,56,13,1,2,Mid Value / Moderate
CUS-007230,1,111.82,113.42,Month-to-month,Medium,7,56,8,0,0,High Value / Loyal
CUS-007231,49,103.06,5058.91,Month-to-month,High,3,46,58,0,1,Low Value / Dormant
CUS-007232,36,134.26,4698.32,One year,High,5,57,29,1,1,Low Value / Dormant
CUS-007233,21,145.05,3126.6,Two year,Medium,3,45,11,1,3,New / At-Risk
CUS-007234,37,131.44,5073.97,One year,Low,1,80,9,0,1,Low Value / Dormant
CUS-007235,24,27.8,655.44,Month-to-month,Medium,0,42,23,1,2,Mid Value / Moderate
CUS-007236,55,106.39,5847.71,Two year,Medium,7,62,33,0,1,Low Value / Dormant
CUS-007237,25,122.02,2936.96,Two year,High,5,8,11,1,3,New / At-Risk
CUS-007238,7,147.65,,One year,Medium,0,84,25,1,0,High Value / Loyal
CUS-007239,71,68.71,4789.73,Two year,Low,4,14,31,1,2,Mid Value / Moderate
CUS-007240,71,42.08,2896.81,One year,Medium,2,26,34,1,2,Mid Value / Moderate
CUS-007241,24,130.88,3134.38,Month-to-month,Low,1,41,12,0,3,New / At-Risk
CUS-007242,11,61.27,643.2,Month-to-month,Medium,2,29,18,1,3,New / At-Risk
CUS-007243,12,97.77,1144.2,One year,Medium,1,63,55,0,0,High Value / Loyal
CUS-007244,35,70.69,2367.06,Two year,Medium,9,13,12,1,3,New / At-Risk
CUS-007245,63,72.3,4385.32,Two year,High,1,98,55,0,2,Mid Value / Moderate
CUS-007246,68,115.22,7531.11,Month-to-month,Medium,0,86,21,1,1,Low Value / Dormant
CUS-007247,57,66.99,3960.74,Month-to-month,High,2,90,47,0,2,Mid Value / Moderate
CUS-007248,13,110.1,1492.9,Two year,Medium,2,98,22,1,0,High Value / Loyal
CUS-007249,23,21.86,501.56,One year,High,3,59,0,1,0,High Value / Loyal
CUS-007250,39,62.2,2457.6,Month-to-month,Medium,2,47,7,1,2,Mid Value / Moderate
CUS-007251,12,61.48,752.16,One year,High,7,88,44,1,0,High Value / Loyal
CUS-007252,34,117.35,3946.49,Month-to-month,Medium,3,21,38,0,3,New / At-Risk
CUS-007253,71,60.89,4267.25,Two year,Low,9,95,52,1,2,Mid Value / Moderate
CUS-007254,31,102.33,3228.0,Two year,Low,0,12,52,1,3,New / At-Risk
CUS-007255,62,109.51,6705.8,Two year,High,1,24,33,1,1,Low Value / Dormant
CUS-007256,13,105.6,1383.86,Month-to-month,Medium,6,21,12,0,3,New / At-Risk
CUS-007257,31,98.43,3055.91,Two year,Low,5,4,43,0,3,New / At-Risk
CUS-007258,2,73.77,147.9,One year,High,8,25,48,0,3,New / At-Risk
CUS-007259,15,68.53,1061.8,Month-to-month,Medium,5,8,40,0,3,New / At-Risk
CUS-007260,57,93.4,5432.2,Month-to-month,High,1,36,9,0,1,Low Value / Dormant
CUS-007261,34,28.28,1005.87,Two year,Medium,7,34,2,0,2,Mid Value / Moderate
CUS-007262,68,133.86,9367.1,One year,Low,8,50,27,1,1,Low Value / Dormant
CUS-007263,29,127.29,3560.68,Month-to-month,Low,4,91,26,1,0,High Value / Loyal
CUS-007264,66,65.03,4394.34,Two year,Medium,5,28,20,1,2,Mid Value / Moderate
CUS-007265,16,93.69,1523.81,Month-to-month,High,3,62,10,1,0,High Value / Loyal
CUS-007266,39,141.19,5586.81,Two year,Medium,1,93,23,0,1,Low Value / Dormant
CUS-007267,37,55.31,2042.63,One year,High,4,93,11,0,0,High Value / Loyal
CUS-007268,21,116.52,2339.84,One year,Medium,4,74,6,1,0,High Value / Loyal
CUS-007269,44,30.76,1414.32,One year,Medium,0,44,54,0,2,Mid Value / Moderate
CUS-007270,19,88.04,1731.6,Month-to-month,High,4,32,41,1,3,New / At-Risk
CUS-007271,71,134.92,9566.4,Two year,Medium,0,8,31,0,1,Low Value / Dormant
CUS-007272,8,91.72,708.73,Month-to-month,Low,2,54,9,1,0,High Value / Loyal
CUS-007273,66,100.11,6821.84,One year,Medium,8,17,27,0,1,Low Value / Dormant
CUS-007274,41,137.99,5618.49,Month-to-month,Medium,3,12,25,0,1,Low Value / Dormant
CUS-007275,70,113.0,7822.86,Month-to-month,Medium,8,90,28,1,1,Low Value / Dormant
CUS-007276,61,110.46,6849.69,One year,Medium,5,67,26,1,1,Low Value / Dormant
CUS-007277,26,96.23,2566.7,Two year,Medium,0,75,51,1,0,High Value / Loyal
CUS-007278,71,102.29,6945.0,Month-to-month,Medium,2,78,9,1,1,Low Value / Dormant
CUS-007279,70,124.48,8946.86,Month-to-month,Medium,2,71,3,1,1,Low Value / Dormant
CUS-007280,29,147.3,4371.64,One year,Medium,3,26,41,1,1,Low Value / Dormant
CUS-007281,66,123.39,8216.54,One year,High,9,33,21,0,1,Low Value / Dormant
CUS-007282,19,111.98,2093.24,Month-to-month,High,3,44,9,0,3,New / At-Risk
CUS-007283,68,37.62,2472.47,One year,Medium,7,32,3,0,2,Mid Value / Moderate
CUS-007284,58,126.22,7029.9,Month-to-month,Medium,2,38,6,0,1,Low Value / Dormant
CUS-007285,70,115.68,7693.63,Month-to-month,Medium,3,84,49,1,1,Low Value / Dormant
CUS-007286,57,120.16,6647.86,Month-to-month,Low,2,10,22,1,1,Low Value / Dormant
CUS-007287,37,50.04,1835.16,One year,Medium,6,79,2,1,0,High Value / Loyal
CUS-007288,61,137.45,8169.37,Month-to-month,Medium,5,79,23,0,1,Low Value / Dormant
CUS-007289,30,32.65,960.69,Month-to-month,Medium,0,70,46,1,0,High Value / Loyal
CUS-007290,71,52.97,3719.64,One year,Medium,9,89,36,1,2,Mid Value / Moderate
CUS-007291,25,106.19,2603.92,One year,Low,0,1,29,0,3,New / At-Risk
CUS-007292,65,107.58,7149.96,One year,Medium,5,70,40,0,1,Low Value / Dormant
CUS-007293,6,60.73,364.09,Month-to-month,Medium,2,77,51,0,0,High Value / Loyal
CUS-007294,18,111.2,1905.35,One year,Medium,8,75,11,1,0,High Value / Loyal
CUS-007295,10,70.43,685.06,Two year,High,1,88,20,0,0,High Value / Loyal
CUS-007296,11,20.02,224.87,Month-to-month,Low,2,84,47,1,0,High Value / Loyal
CUS-007297,65,41.14,2620.79,Month-to-month,Medium,8,90,42,0,2,Mid Value / Moderate
CUS-007298,65,134.74,9126.09,One year,Medium,5,25,16,0,1,Low Value / Dormant
CUS-007299,52,48.95,2599.54,One year,Medium,0,52,2,0,2,Mid Value / Moderate
CUS-007300,67,34.68,2274.64,One year,Low,1,52,14,0,2,Mid Value / Moderate
CUS-007301,31,108.69,3374.8,One year,Low,6,12,35,1,3,New / At-Risk
CUS-007302,17,77.29,1335.94,Month-to-month,Medium,5,46,31,0,3,New / At-Risk
CUS-007303,55,123.56,6587.25,One year,High,0,9,8,0,1,Low Value / Dormant
CUS-007304,36,131.99,4630.96,Month-to-month,High,9,45,39,1,1,Low Value / Dormant
CUS-007305,26,129.98,3381.85,Month-to-month,High,1,36,49,0,3,New / At-Risk
CUS-007306,53,60.69,3353.31,Two year,Medium,5,9,21,1,2,Mid Value / Moderate
CUS-007307,17,85.72,1434.52,Two year,Medium,5,97,35,1,0,High Value / Loyal
CUS-007308,25,104.52,2587.39,One year,Low,5,40,31,0,3,New / At-Risk
CUS-007309,2,61.86,119.89,Month-to-month,Medium,8,34,58,1,3,New / At-Risk
CUS-007310,5,25.34,127.9,One year,Medium,1,88,4,0,0,High Value / Loyal
CUS-007311,4,84.44,345.86,One year,Medium,9,53,57,1,0,High Value / Loyal
CUS-007312,36,21.67,775.36,One year,Medium,9,45,40,0,2,Mid Value / Moderate
CUS-007313,6,143.58,883.06,One year,Medium,8,97,47,1,0,High Value / Loyal
CUS-007314,21,123.57,2543.72,Month-to-month,Medium,8,33,3,1,3,New / At-Risk
CUS-007315,26,44.96,1193.19,Month-to-month,Medium,9,29,47,1,3,New / At-Risk
CUS-007316,55,57.38,3079.87,One year,Medium,8,38,4,0,2,Mid Value / Moderate
CUS-007317,39,147.77,5924.73,Two year,Medium,8,48,6,0,1,Low Value / Dormant
CUS-007318,33,68.56,2337.33,Two year,Low,2,77,10,0,0,High Value / Loyal
CUS-007319,14,121.88,1757.18,One year,High,9,82,38,0,0,High Value / Loyal
CUS-007320,56,78.09,4248.4,Month-to-month,High,8,59,5,0,2,Mid Value / Moderate
CUS-007321,21,132.33,2832.96,Month-to-month,Medium,9,62,28,1,0,High Value / Loyal
CUS-007322,46,111.49,5148.21,Month-to-month,Medium,8,35,50,1,1,Low Value / Dormant
CUS-007323,16,22.98,385.52,One year,Medium,2,47,16,0,0,High Value / Loyal
CUS-007324,16,58.27,919.43,Month-to-month,High,3,59,27,1,0,High Value / Loyal
CUS-007325,29,92.54,2756.42,One year,Low,3,59,56,0,0,High Value / Loyal
CUS-007326,8,140.4,1108.63,Two year,High,3,2,37,0,3,New / At-Risk
CUS-007327,3,33.26,98.76,Month-to-month,Medium,6,89,18,1,0,High Value / Loyal
CUS-007328,19,98.15,1792.33,Month-to-month,High,4,60,48,1,0,High Value / Loyal
CUS-007329,66,59.28,3810.81,Month-to-month,High,6,6,43,1,2,Mid Value / Moderate
CUS-007330,22,135.61,2883.38,Month-to-month,Medium,5,25,11,0,3,New / At-Risk
CUS-007331,46,119.47,5308.42,One year,Medium,6,53,44,0,1,Low Value / Dormant
CUS-007332,13,68.06,841.36,One year,High,7,84,37,1,0,High Value / Loyal
CUS-007333,33,41.72,1417.32,One year,High,5,78,18,1,0,High Value / Loyal
CUS-007334,5,21.49,107.13,Two year,Medium,8,4,32,0,3,New / At-Risk
CUS-007335,27,100.75,2802.92,Month-to-month,High,3,72,44,1,0,High Value / Loyal
CUS-007336,24,72.8,1766.77,One year,High,4,98,4,0,0,High Value / Loyal
CUS-007337,67,60.92,4216.77,One year,High,8,92,0,1,2,Mid Value / Moderate
CUS-007338,63,148.12,9334.78,Month-to-month,Medium,8,56,34,0,1,Low Value / Dormant
CUS-007339,48,80.6,3711.67,Month-to-month,Medium,1,2,34,0,3,New / At-Risk
CUS-007340,63,117.48,7487.6,One year,Medium,1,17,46,0,1,Low Value / Dormant
CUS-007341,12,43.06,525.95,Month-to-month,Low,8,68,46,1,0,High Value / Loyal
CUS-007342,28,21.75,616.68,Two year,Medium,5,48,30,0,2,Mid Value / Moderate
CUS-007343,44,74.28,3366.95,Month-to-month,High,7,98,53,1,0,High Value / Loyal
CUS-007344,43,106.54,4687.12,Month-to-month,Low,7,27,35,1,1,Low Value / Dormant
CUS-007345,17,85.86,1449.75,Month-to-month,Medium,7,83,39,1,0,High Value / Loyal
CUS-007346,40,135.76,5603.71,One year,Medium,4,92,34,1,1,Low Value / Dormant
CUS-007347,49,76.42,3816.26,Month-to-month,Medium,9,34,39,1,2,Mid Value / Moderate
CUS-007348,57,60.43,3313.76,Month-to-month,Medium,3,96,11,1,2,Mid Value / Moderate
CUS-007349,64,139.09,8937.02,Month-to-month,Medium,2,41,54,1,1,Low Value / Dormant
CUS-007350,57,72.88,4249.36,Month-to-month,High,3,95,17,0,2,Mid Value / Moderate
CUS-007351,70,55.05,3874.33,Month-to-month,Low,7,6,27,1,2,Mid Value / Moderate
CUS-007352,43,32.7,1469.06,Month-to-month,Medium,3,6,12,1,2,Mid Value / Moderate
CUS-007353,23,123.13,2719.14,One year,Low,7,28,29,0,3,New / At-Risk
CUS-007354,27,127.26,3512.46,One year,Medium,7,8,39,1,3,New / At-Risk
CUS-007355,58,24.33,1456.85,Month-to-month,High,0,1,16,1,2,Mid Value / Moderate
CUS-007356,37,66.62,2515.04,Month-to-month,Low,8,80,8,1,0,High Value / Loyal
CUS-007357,6,117.48,696.84,Two year,Low,2,83,38,0,0,High Value / Loyal
CUS-007358,65,143.03,9190.46,One year,Medium,5,18,21,1,1,Low Value / Dormant
CUS-007359,6,69.12,418.29,Two year,High,2,94,55,1,0,High Value / Loyal
CUS-007360,50,133.37,6599.73,Month-to-month,Medium,8,80,56,1,1,Low Value / Dormant
CUS-007361,22,71.18,1626.05,Month-to-month,High,0,97,14,0,0,High Value / Loyal
CUS-007362,25,43.33,1041.1,One year,Low,6,92,28,0,0,High Value / Loyal
CUS-007363,51,20.45,1057.36,Month-to-month,Medium,4,47,55,1,2,Mid Value / Moderate
CUS-007364,48,62.92,2909.82,Month-to-month,Medium,2,80,53,1,2,Mid Value / Moderate
CUS-007365,70,69.2,4863.58,Month-to-month,High,6,11,15,0,2,Mid Value / Moderate
CUS-007366,65,142.87,9486.44,Month-to-month,High,0,6,19,0,1,Low Value / Dormant
CUS-007367,60,46.79,2713.45,Month-to-month,Medium,5,14,24,1,2,Mid Value / Moderate
CUS-007368,46,69.69,3271.15,One year,Medium,6,22,39,1,2,Mid Value / Moderate
CUS-007369,36,23.27,807.56,One year,Medium,8,87,23,0,0,High Value / Loyal
CUS-007370,58,119.26,7000.48,Month-to-month,Medium,8,31,15,0,1,Low Value / Dormant
CUS-007371,38,138.97,5283.73,Month-to-month,Medium,6,28,50,1,1,Low Value / Dormant
CUS-007372,11,50.92,548.77,One year,Medium,4,19,15,0,3,New / At-Risk
CUS-007373,12,75.77,873.91,Month-to-month,Medium,6,86,57,1,0,High Value / Loyal
CUS-007374,42,35.87,1542.27,One year,Medium,0,1,24,0,2,Mid Value / Moderate
CUS-007375,39,79.39,3059.56,One year,High,6,67,45,0,2,Mid Value / Moderate
CUS-007376,71,37.33,2541.15,Month-to-month,High,9,72,54,0,2,Mid Value / Moderate
CUS-007377,11,88.04,994.8,Month-to-month,Medium,3,13,47,1,3,New / At-Risk
CUS-007378,36,115.5,4046.97,One year,Low,1,51,0,0,1,Low Value / Dormant
CUS-007379,52,91.93,4893.64,Month-to-month,Low,5,1,49,1,1,Low Value / Dormant
CUS-007380,31,51.88,1618.67,Month-to-month,Medium,6,29,58,0,3,New / At-Risk
CUS-007381,33,65.99,2111.26,Month-to-month,Medium,6,13,49,1,3,New / At-Risk
CUS-007382,13,103.01,1282.46,Two year,Low,7,42,32,1,3,New / At-Risk
CUS-007383,18,96.67,1756.25,Two year,High,4,29,48,0,3,New / At-Risk
CUS-007384,41,37.78,1475.46,One year,Medium,9,94,51,1,0,High Value / Loyal
CUS-007385,58,129.84,7203.67,Month-to-month,Low,9,16,6,1,1,Low Value / Dormant
CUS-007386,56,81.77,4671.98,Month-to-month,Low,7,60,37,1,1,Low Value / Dormant
CUS-007387,24,41.11,990.43,Month-to-month,Medium,3,34,44,0,3,New / At-Risk
CUS-007388,31,35.97,1095.62,Month-to-month,Low,9,40,27,0,2,Mid Value / Moderate
CUS-007389,55,145.52,8035.09,Month-to-month,Medium,0,67,38,0,1,Low Value / Dormant
CUS-007390,10,56.6,571.18,One year,Medium,7,93,27,0,0,High Value / Loyal
CUS-007391,60,138.12,8341.13,Month-to-month,High,3,94,31,1,1,Low Value / Dormant
CUS-007392,2,73.38,148.84,Two year,Medium,4,55,23,1,0,High Value / Loyal
CUS-007393,15,70.17,1098.89,Month-to-month,Medium,3,58,7,0,0,High Value / Loyal
CUS-007394,3,111.12,329.65,One year,High,6,52,43,0,3,New / At-Risk
CUS-007395,43,21.28,897.05,One year,Medium,9,64,31,0,2,Mid Value / Moderate
CUS-007396,31,63.95,1891.0,Month-to-month,Medium,2,98,27,1,0,High Value / Loyal
CUS-007397,70,59.34,4007.47,Month-to-month,Low,1,4,59,0,2,Mid Value / Moderate
CUS-007398,67,132.85,8550.65,Month-to-month,Medium,9,48,47,1,1,Low Value / Dormant
CUS-007399,56,88.79,4890.2,Two year,Medium,1,72,2,0,1,Low Value / Dormant
CUS-007400,63,67.39,4292.53,Month-to-month,Medium,6,18,6,1,2,Mid Value / Moderate
CUS-007401,15,54.59,781.71,Month-to-month,Low,9,86,5,1,0,High Value / Loyal
CUS-007402,10,96.77,989.69,Two year,Medium,5,10,28,0,3,New / At-Risk
CUS-007403,38,39.72,1493.79,One year,High,1,14,44,0,2,Mid Value / Moderate
CUS-007404,47,52.01,2557.61,Month-to-month,High,7,51,13,0,2,Mid Value / Moderate
CUS-007405,57,58.17,3338.34,Month-to-month,Medium,5,95,44,0,2,Mid Value / Moderate
CUS-007406,50,99.03,5085.77,Month-to-month,Medium,7,99,58,1,1,Low Value / Dormant
CUS-007407,71,68.52,5040.86,Month-to-month,Low,5,46,39,1,2,Mid Value / Moderate
CUS-007408,15,85.75,1336.29,Month-to-month,Low,3,66,18,1,0,High Value / Loyal
CUS-007409,18,104.56,1885.5,Month-to-month,Medium,7,61,45,1,0,High Value / Loyal
CUS-007410,2,144.32,285.65,One year,Medium,3,2,58,0,3,New / At-Risk
CUS-007411,43,119.43,5166.52,Month-to-month,Medium,5,35,24,1,1,Low Value / Dormant
CUS-007412,26,72.68,1871.26,Month-to-month,Low,4,34,36,1,3,New / At-Risk
CUS-007413,71,117.28,8110.69,Two year,High,3,93,17,0,1,Low Value / Dormant
CUS-007414,38,143.46,5355.5,Month-to-month,Medium,6,70,3,0,1,Low Value / Dormant
CUS-007415,42,84.92,3471.31,Month-to-month,Medium,7,68,54,1,2,Mid Value / Moderate
CUS-007416,5,73.36,358.37,One year,Medium,5,65,0,0,0,High Value / Loyal
CUS-007417,11,30.14,318.09,Two year,Medium,0,35,32,1,3,New / At-Risk
CUS-007418,65,136.01,8775.52,Month-to-month,High,6,48,27,1,1,Low Value / Dormant
CUS-007419,34,52.04,1722.4,One year,Medium,3,47,40,0,2,Mid Value / Moderate
CUS-007420,1,28.31,28.17,One year,Medium,1,90,18,0,0,High Value / Loyal
CUS-007421,2,89.84,184.92,One year,Medium,2,93,32,0,0,High Value / Loyal
CUS-007422,20,129.97,2585.9,One year,Low,9,11,14,0,3,New / At-Risk
CUS-007423,61,72.86,4646.67,One year,Medium,3,62,44,0,2,Mid Value / Moderate
CUS-007424,21,121.8,2467.7,Two year,High,6,4,22,0,3,New / At-Risk
CUS-007425,68,128.73,9060.35,Two year,Medium,8,86,28,0,1,Low Value / Dormant
CUS-007426,12,79.07,924.98,Month-to-month,Medium,9,33,38,1,3,New / At-Risk
CUS-007427,22,96.82,2222.57,Two year,Medium,5,34,13,0,3,New / At-Risk
CUS-007428,20,89.41,1739.38,Month-to-month,Medium,9,95,29,0,0,High Value / Loyal
CUS-007429,1,142.1,145.6,One year,High,4,74,1,0,0,High Value / Loyal
CUS-007430,30,114.32,3279.3,Two year,Medium,8,35,12,0,3,New / At-Risk
CUS-007431,24,140.29,3410.78,Month-to-month,High,7,53,39,1,3,New / At-Risk
CUS-007432,14,48.6,661.28,Month-to-month,Medium,7,28,27,0,3,New / At-Risk
CUS-007433,36,60.33,2208.87,Two year,Low,7,23,30,0,3,New / At-Risk
CUS-007434,69,29.22,2043.48,Month-to-month,Medium,7,49,11,1,2,Mid Value / Moderate
CUS-007435,24,84.99,2126.13,Month-to-month,Medium,7,76,12,1,0,High Value / Loyal
CUS-007436,60,133.61,8118.16,One year,Low,9,93,2,0,1,Low Value / Dormant
CUS-007437,55,62.49,3405.42,Month-to-month,Medium,9,2,28,1,2,Mid Value / Moderate
CUS-007438,24,36.68,853.27,Two year,Medium,6,77,50,1,0,High Value / Loyal
CUS-007439,24,28.9,704.47,Month-to-month,Medium,1,26,29,0,3,New / At-Risk
CUS-007440,54,78.18,4059.5,Two year,Medium,1,17,11,0,2,Mid Value / Moderate
CUS-007441,26,41.32,1109.69,Two year,Medium,4,43,20,1,3,New / At-Risk
CUS-007442,66,64.99,4181.19,One year,High,5,97,1,0,2,Mid Value / Moderate
CUS-007443,38,126.6,4822.32,One year,High,8,59,51,1,1,Low Value / Dormant
CUS-007444,65,69.93,4588.81,One year,High,0,86,49,1,2,Mid Value / Moderate
CUS-007445,51,99.28,4993.82,Month-to-month,Medium,6,66,15,1,1,Low Value / Dormant
CUS-007446,35,85.28,3033.74,Month-to-month,Medium,6,74,31,0,0,High Value / Loyal
CUS-007447,43,113.41,4754.79,Two year,Medium,7,39,27,1,1,Low Value / Dormant
CUS-007448,29,40.3,1114.35,One year,High,0,26,8,1,3,New / At-Risk
CUS-007449,37,139.66,5404.64,Two year,Medium,9,94,53,0,1,Low Value / Dormant
CUS-007450,58,103.67,5904.79,One year,Medium,3,22,16,0,1,Low Value / Dormant
CUS-007451,54,55.22,3045.75,Month-to-month,High,9,75,56,1,2,Mid Value / Moderate
CUS-007452,39,36.02,1405.95,Month-to-month,High,4,22,55,0,2,Mid Value / Moderate
CUS-007453,42,39.46,1685.51,Month-to-month,Medium,1,88,49,1,2,Mid Value / Moderate
CUS-007454,28,121.75,3276.27,Two year,Low,1,58,18,0,0,High Value / Loyal
CUS-007455,29,96.45,2802.45,One year,Medium,3,29,6,0,3,New / At-Risk
CUS-007456,43,69.5,2956.23,One year,High,2,10,35,0,3,New / At-Risk
CUS-007457,3,63.28,188.92,One year,Low,6,98,39,1,0,High Value / Loyal
CUS-007458,10,131.25,1373.67,Month-to-month,High,6,25,0,0,3,New / At-Risk
CUS-007459,59,133.72,7602.48,Month-to-month,High,1,21,41,0,1,Low Value / Dormant
CUS-007460,14,95.56,1371.97,Month-to-month,High,4,61,35,0,0,High Value / Loyal
CUS-007461,47,88.19,4074.64,Month-to-month,High,4,39,48,1,2,Mid Value / Moderate
CUS-007462,42,126.14,5186.74,Month-to-month,High,7,77,38,1,1,Low Value / Dormant
CUS-007463,32,117.41,3671.11,Month-to-month,Medium,7,66,56,1,0,High Value / Loyal
CUS-007464,32,72.04,2270.49,Two year,Low,3,6,0,0,3,New / At-Risk
CUS-007465,42,30.76,1273.3,One year,High,9,1,47,1,2,Mid Value / Moderate
CUS-007466,32,119.91,3749.0,Month-to-month,Low,0,28,23,0,3,New / At-Risk
CUS-007467,26,41.93,1108.47,One year,Low,5,86,9,0,0,High Value / Loyal
CUS-007468,1,22.13,21.13,Month-to-month,Low,6,11,10,0,3,New / At-Risk
CUS-007469,56,129.63,7137.5,One year,Medium,0,39,37,1,1,Low Value / Dormant
CUS-007470,2,95.17,186.16,Month-to-month,Medium,7,69,21,0,0,High Value / Loyal
CUS-007471,30,135.92,4180.01,Two year,Low,8,18,55,0,3,New / At-Risk
CUS-007472,71,83.0,5684.44,Month-to-month,Medium,7,20,30,1,1,Low Value / Dormant
CUS-007473,52,140.44,7624.85,Two year,Medium,2,76,0,0,1,Low Value / Dormant
CUS-007474,9,66.02,574.57,One year,High,8,85,40,0,0,High Value / Loyal
CUS-007475,22,114.19,2479.48,One year,Medium,9,91,10,0,0,High Value / Loyal
CUS-007476,34,59.13,1949.99,Two year,Medium,2,58,5,0,2,Mid Value / Moderate
CUS-007477,49,20.15,966.35,Month-to-month,Medium,3,50,50,1,2,Mid Value / Moderate
CUS-007478,1,69.37,71.18,Month-to-month,High,5,41,44,1,3,New / At-Risk
CUS-007479,53,115.91,6128.71,Month-to-month,Medium,6,98,16,0,1,Low Value / Dormant
CUS-007480,40,39.5,1526.81,Two year,Low,7,18,13,0,2,Mid Value / Moderate
CUS-007481,45,85.62,3678.41,Month-to-month,Medium,6,34,31,1,2,Mid Value / Moderate
CUS-007482,68,47.6,3149.5,Month-to-month,Medium,2,66,19,0,2,Mid Value / Moderate
CUS-007483,9,29.7,279.22,Month-to-month,Medium,1,78,52,1,0,High Value / Loyal
CUS-007484,22,100.27,2282.09,One year,High,1,65,3,0,0,High Value / Loyal
CUS-007485,18,143.76,2572.12,Month-to-month,Medium,8,92,58,1,0,High Value / Loyal
CUS-007486,43,60.39,2592.16,Month-to-month,Medium,6,27,38,1,2,Mid Value / Moderate
CUS-007487,39,95.48,3872.59,Month-to-month,Medium,6,30,46,0,3,New / At-Risk
CUS-007488,6,143.97,871.7,Month-to-month,Medium,4,86,21,1,0,High Value / Loyal
CUS-007489,48,104.56,5210.12,One year,Medium,5,76,28,1,1,Low Value / Dormant
CUS-007490,7,107.5,751.92,Month-to-month,Low,6,1,41,1,3,New / At-Risk
CUS-007491,69,43.26,2895.47,Two year,High,8,97,36,1,2,Mid Value / Moderate
CUS-007492,16,84.04,1375.01,One year,Medium,9,41,12,1,3,New / At-Risk
CUS-007493,1,67.72,67.9,Month-to-month,High,3,62,14,1,0,High Value / Loyal
CUS-007494,37,81.22,3055.92,One year,Low,5,1,34,0,3,New / At-Risk
CUS-007495,37,124.11,4434.58,Two year,Medium,0,5,24,0,3,New / At-Risk
CUS-007496,64,79.89,5188.48,Month-to-month,Low,6,48,50,1,1,Low Value / Dormant
CUS-007497,62,28.17,1726.01,Month-to-month,Low,3,5,2,1,2,Mid Value / Moderate
CUS-007498,61,137.72,8259.81,One year,High,1,71,50,1,1,Low Value / Dormant
CUS-007499,33,90.83,3048.66,Month-to-month,Medium,3,84,11,0,0,High Value / Loyal
CUS-007500,66,140.18,9337.5,One year,Medium,7,26,13,1,1,Low Value / Dormant
CUS-007501,30,94.41,2874.41,One year,High,1,49,39,0,3,New / At-Risk
CUS-007502,20,29.05,608.09,Month-to-month,Medium,0,70,31,1,0,High Value / Loyal
CUS-007503,60,91.87,5623.29,Month-to-month,Medium,0,90,49,0,1,Low Value / Dormant
CUS-007504,24,94.85,2308.38,Two year,Medium,6,61,3,0,0,High Value / Loyal
CUS-007505,4,47.86,193.63,Month-to-month,Low,6,3,28,1,3,New / At-Risk
CUS-007506,37,81.23,2975.21,Month-to-month,Medium,3,39,30,1,2,Mid Value / Moderate
CUS-007507,4,79.73,329.73,One year,High,4,78,31,0,0,High Value / Loyal
CUS-007508,18,100.97,1795.89,Month-to-month,Medium,4,49,23,0,3,New / At-Risk
CUS-007509,66,53.75,3618.53,Two year,Low,6,14,10,1,2,Mid Value / Moderate
CUS-007510,48,95.63,4495.16,One year,Medium,2,20,29,1,1,Low Value / Dormant
CUS-007511,33,51.32,1634.03,One year,Medium,4,58,48,0,2,Mid Value / Moderate
CUS-007512,58,78.04,4358.62,Month-to-month,High,6,44,18,0,2,Mid Value / Moderate
CUS-007513,28,35.95,1020.19,Two year,Medium,6,9,35,0,3,New / At-Risk
CUS-007514,35,24.85,854.75,Two year,High,8,63,5,1,2,Mid Value / Moderate
CUS-007515,10,61.68,602.89,Month-to-month,Low,3,62,1,0,0,High Value / Loyal
CUS-007516,65,55.69,3653.46,One year,Low,0,6,38,0,2,Mid Value / Moderate
CUS-007517,42,72.9,2916.64,Month-to-month,Medium,4,66,59,0,2,Mid Value / Moderate
CUS-007518,9,145.06,1272.39,Month-to-month,High,3,43,18,1,3,New / At-Risk
CUS-007519,60,87.89,5189.3,Month-to-month,Medium,2,64,45,1,1,Low Value / Dormant
CUS-007520,15,91.91,1407.42,One year,High,6,97,47,1,0,High Value / Loyal
CUS-007521,57,142.41,8153.79,Two year,Low,8,44,39,1,1,Low Value / Dormant
CUS-007522,69,139.75,9985.96,One year,Medium,3,5,17,0,1,Low Value / Dormant
CUS-007523,22,134.93,2919.43,One year,Medium,5,13,40,1,3,New / At-Risk
CUS-007524,64,32.74,2052.66,Two year,Medium,0,15,35,1,2,Mid Value / Moderate
CUS-007525,41,102.46,4004.71,Two year,Medium,0,34,45,0,1,Low Value / Dormant
CUS-007526,71,125.05,9279.82,One year,Medium,2,56,55,0,1,Low Value / Dormant
CUS-007527,56,128.62,7204.06,Two year,Medium,4,73,51,1,1,Low Value / Dormant
CUS-007528,23,95.13,2188.49,Month-to-month,Medium,5,90,53,0,0,High Value / Loyal
CUS-007529,25,22.27,580.44,Month-to-month,Low,8,30,55,1,3,New / At-Risk
CUS-007530,6,146.58,861.02,Month-to-month,Medium,8,56,52,0,0,High Value / Loyal
CUS-007531,34,81.39,2720.65,Month-to-month,Medium,9,86,53,0,0,High Value / Loyal
CUS-007532,63,71.17,4553.65,Month-to-month,Medium,0,25,49,1,2,Mid Value / Moderate
CUS-007533,9,71.34,660.4,Two year,Medium,1,68,19,1,0,High Value / Loyal
CUS-007534,60,75.14,4598.23,One year,Medium,7,47,36,0,2,Mid Value / Moderate
CUS-007535,49,51.48,2595.53,One year,Medium,4,28,0,0,2,Mid Value / Moderate
CUS-007536,51,62.55,3214.18,Month-to-month,Medium,2,37,22,1,2,Mid Value / Moderate
CUS-007537,60,148.1,9208.19,One year,Medium,8,74,37,1,1,Low Value / Dormant
CUS-007538,70,67.86,4774.13,Month-to-month,High,1,73,19,0,2,Mid Value / Moderate
CUS-007539,37,88.47,3184.95,One year,High,6,36,3,0,3,New / At-Risk
CUS-007540,31,130.28,4055.47,One year,High,9,1,50,0,3,New / At-Risk
CUS-007541,41,88.57,3708.51,One year,Low,7,94,59,0,0,High Value / Loyal
CUS-007542,62,62.18,3914.3,Month-to-month,Medium,1,75,48,1,2,Mid Value / Moderate
CUS-007543,58,88.09,4977.79,Two year,High,0,25,37,0,1,Low Value / Dormant
CUS-007544,14,34.83,465.26,Month-to-month,Medium,2,75,4,0,0,High Value / Loyal
CUS-007545,36,36.9,1295.55,Month-to-month,Low,7,41,5,1,2,Mid Value / Moderate
CUS-007546,36,110.23,4160.51,Two year,Medium,3,55,25,1,1,Low Value / Dormant
CUS-007547,8,139.27,1079.0,Two year,Medium,4,69,0,0,0,High Value / Loyal
CUS-007548,26,114.34,2962.2,Month-to-month,High,8,91,49,1,0,High Value / Loyal
CUS-007549,36,29.7,1083.98,One year,High,3,87,14,0,0,High Value / Loyal
CUS-007550,48,72.38,3605.9,Month-to-month,Low,8,57,15,1,2,Mid Value / Moderate
CUS-007551,28,20.33,584.11,Month-to-month,Low,5,83,22,1,0,High Value / Loyal
CUS-007552,68,86.46,6119.49,One year,Medium,6,3,40,0,1,Low Value / Dormant
CUS-007553,62,45.12,2826.43,Month-to-month,Low,7,8,21,0,2,Mid Value / Moderate
CUS-007554,51,132.86,7023.35,One year,Low,9,48,53,1,1,Low Value / Dormant
CUS-007555,42,33.56,1376.38,Month-to-month,High,9,59,4,1,2,Mid Value / Moderate
CUS-007556,29,20.19,581.34,Two year,High,0,36,42,1,2,Mid Value / Moderate
CUS-007557,10,78.65,813.53,One year,Medium,8,55,4,0,0,High Value / Loyal
CUS-007558,39,40.21,1540.69,One year,High,1,79,5,0,2,Mid Value / Moderate
CUS-007559,1,115.94,120.24,One year,Medium,2,77,1,1,0,High Value / Loyal
CUS-007560,39,139.59,5369.55,Two year,High,0,94,9,0,1,Low Value / Dormant
CUS-007561,21,25.45,527.19,Two year,Medium,9,41,53,1,3,New / At-Risk
CUS-007562,65,71.43,4554.01,One year,High,2,74,35,0,2,Mid Value / Moderate
CUS-007563,15,149.59,2254.32,One year,Medium,1,59,45,0,0,High Value / Loyal
CUS-007564,4,115.25,443.89,One year,High,6,34,34,0,3,New / At-Risk
CUS-007565,60,143.91,8234.73,Month-to-month,High,6,30,44,1,1,Low Value / Dormant
CUS-007566,61,41.33,2621.38,Month-to-month,Medium,5,89,22,1,2,Mid Value / Moderate
CUS-007567,20,48.78,1017.4,Month-to-month,Medium,9,62,46,1,0,High Value / Loyal
CUS-007568,10,40.13,384.25,One year,High,3,70,15,1,0,High Value / Loyal
CUS-007569,34,59.31,2026.49,Month-to-month,Low,2,55,36,1,2,Mid Value / Moderate
CUS-007570,48,114.17,5501.9,One year,Low,6,81,41,1,1,Low Value / Dormant
CUS-007571,33,41.44,1350.17,Month-to-month,Low,2,96,34,0,0,High Value / Loyal
CUS-007572,61,88.15,5414.23,One year,Medium,8,22,47,0,1,Low Value / Dormant
CUS-007573,10,55.0,547.67,Two year,High,9,97,39,1,0,High Value / Loyal
CUS-007574,54,127.8,6893.8,Month-to-month,High,7,22,15,1,1,Low Value / Dormant
CUS-007575,65,20.86,1390.32,One year,Medium,6,82,4,0,2,Mid Value / Moderate
CUS-007576,1,49.0,49.13,One year,High,1,92,10,0,0,High Value / Loyal
CUS-007577,5,98.68,484.71,Month-to-month,Medium,9,13,50,1,3,New / At-Risk
CUS-007578,15,32.57,492.57,One year,High,2,82,28,0,0,High Value / Loyal
CUS-007579,28,80.62,2289.15,Month-to-month,High,7,23,47,1,3,New / At-Risk
CUS-007580,23,76.71,1792.9,Month-to-month,Medium,2,99,45,1,0,High Value / Loyal
CUS-007581,17,130.83,2250.39,Month-to-month,Low,7,18,10,1,3,New / At-Risk
CUS-007582,13,101.3,1338.6,Two year,Low,3,74,45,1,0,High Value / Loyal
CUS-007583,14,103.16,1416.83,Two year,Medium,4,66,15,1,0,High Value / Loyal
CUS-007584,11,143.73,1572.57,Two year,High,8,14,24,0,3,New / At-Risk
CUS-007585,28,147.71,4205.57,Two year,Low,9,32,49,1,1,Low Value / Dormant
CUS-007586,42,104.94,4519.65,Month-to-month,Medium,1,30,2,1,1,Low Value / Dormant
CUS-007587,61,87.86,5324.18,Month-to-month,Medium,2,19,2,0,1,Low Value / Dormant
CUS-007588,64,99.03,6252.54,Two year,Medium,0,69,0,0,1,Low Value / Dormant
CUS-007589,31,69.72,2207.91,One year,Medium,7,48,11,0,3,New / At-Risk
CUS-007590,10,148.37,1442.47,Month-to-month,Medium,8,96,6,0,0,High Value / Loyal
CUS-007591,8,111.65,849.41,One year,Medium,9,74,42,0,0,High Value / Loyal
CUS-007592,21,57.83,1210.95,Month-to-month,High,8,5,44,1,3,New / At-Risk
CUS-007593,59,27.51,1570.05,One year,High,2,78,45,0,2,Mid Value / Moderate
CUS-007594,50,25.81,1274.98,One year,Medium,4,39,31,1,2,Mid Value / Moderate
CUS-007595,69,46.64,3150.89,One year,Low,8,43,21,1,2,Mid Value / Moderate
CUS-007596,70,50.28,3617.09,One year,Medium,4,19,11,0,2,Mid Value / Moderate
CUS-007597,30,73.96,2181.27,Two year,Medium,0,75,5,1,0,High Value / Loyal
CUS-007598,17,47.93,826.27,Month-to-month,Medium,0,99,37,1,0,High Value / Loyal
CUS-007599,20,102.02,2075.85,One year,High,3,39,38,0,3,New / At-Risk
CUS-007600,48,47.46,2268.31,One year,Low,6,86,37,1,2,Mid Value / Moderate
CUS-007601,2,44.42,85.13,One year,Low,6,59,59,1,0,High Value / Loyal
CUS-007602,37,81.26,3066.89,Month-to-month,Medium,6,94,40,1,0,High Value / Loyal
CUS-007603,1,135.53,129.77,Two year,Low,5,52,20,1,3,New / At-Risk
CUS-007604,4,80.88,310.55,Month-to-month,Low,0,94,27,0,0,High Value / Loyal
CUS-007605,54,73.8,3864.07,Month-to-month,Medium,2,50,31,0,2,Mid Value / Moderate
CUS-007606,25,95.15,2326.56,One year,Medium,4,75,26,0,0,High Value / Loyal
CUS-007607,3,53.44,165.87,Month-to-month,Medium,3,86,48,1,0,High Value / Loyal
CUS-007608,9,65.95,603.9,Month-to-month,Low,3,10,48,1,3,New / At-Risk
CUS-007609,34,47.8,1606.82,Month-to-month,Medium,8,83,14,1,0,High Value / Loyal
CUS-007610,43,94.34,4250.57,One year,Medium,6,15,32,0,3,New / At-Risk
CUS-007611,22,110.66,2372.11,Month-to-month,High,8,60,31,1,0,High Value / Loyal
CUS-007612,70,107.58,7613.36,Month-to-month,High,6,35,45,0,1,Low Value / Dormant
CUS-007613,2,53.13,109.94,One year,Medium,9,35,33,0,3,New / At-Risk
CUS-007614,66,121.35,8251.28,Month-to-month,Medium,2,1,51,1,1,Low Value / Dormant
CUS-007615,32,53.27,1634.92,Month-to-month,High,9,47,53,1,2,Mid Value / Moderate
CUS-007616,16,39.54,645.13,Two year,Low,3,63,6,1,0,High Value / Loyal
CUS-007617,1,65.48,63.89,One year,Low,8,18,12,1,3,New / At-Risk
CUS-007618,48,97.71,4622.26,One year,Medium,0,26,52,0,1,Low Value / Dormant
CUS-007619,50,38.46,1920.89,Month-to-month,Medium,2,60,38,0,2,Mid Value / Moderate
CUS-007620,13,104.25,1394.67,One year,Low,3,18,49,1,3,New / At-Risk
CUS-007621,15,132.2,1916.79,One year,Medium,3,63,5,0,0,High Value / Loyal
CUS-007622,53,58.11,2959.18,Month-to-month,Low,6,41,50,1,2,Mid Value / Moderate
CUS-007623,44,78.53,3335.44,One year,Medium,3,82,59,1,0,High Value / Loyal
CUS-007624,8,49.68,386.24,One year,Medium,9,43,8,0,3,New / At-Risk
CUS-007625,46,66.96,2944.66,Month-to-month,High,7,82,41,0,2,Mid Value / Moderate
CUS-007626,69,22.86,1644.32,One year,Low,0,96,57,1,2,Mid Value / Moderate
CUS-007627,19,143.99,2686.32,Month-to-month,High,2,38,3,0,3,New / At-Risk
CUS-007628,38,74.07,2723.58,One year,Medium,9,27,52,1,3,New / At-Risk
CUS-007629,11,122.55,1366.67,One year,High,9,49,29,1,3,New / At-Risk
CUS-007630,43,38.54,1704.94,Month-to-month,High,5,56,27,0,2,Mid Value / Moderate
CUS-007631,20,125.61,2575.74,One year,Medium,2,93,20,0,0,High Value / Loyal
CUS-007632,20,131.82,2694.04,Two year,Low,7,49,11,0,3,New / At-Risk
CUS-007633,21,113.01,2266.58,Month-to-month,Medium,6,41,12,1,3,New / At-Risk
CUS-007634,57,137.42,8053.78,Two year,Medium,4,84,49,0,1,Low Value / Dormant
CUS-007635,50,41.74,2087.17,Month-to-month,High,1,60,12,0,2,Mid Value / Moderate
CUS-007636,26,81.94,2162.27,Two year,Low,4,99,51,1,0,High Value / Loyal
CUS-007637,30,100.61,3156.2,Month-to-month,Medium,8,87,54,1,0,High Value / Loyal
CUS-007638,31,97.51,3116.56,Month-to-month,Low,4,56,26,1,0,High Value / Loyal
CUS-007639,42,131.94,5721.58,Month-to-month,Medium,2,76,27,0,1,Low Value / Dormant
CUS-007640,68,48.04,3162.66,Two year,Medium,6,62,17,1,2,Mid Value / Moderate
CUS-007641,61,42.83,2606.69,One year,Medium,2,99,36,1,2,Mid Value / Moderate
CUS-007642,61,52.94,3374.39,One year,High,7,62,15,0,2,Mid Value / Moderate
CUS-007643,70,135.9,9591.76,Two year,High,4,42,52,0,1,Low Value / Dormant
CUS-007644,68,142.33,9294.04,Month-to-month,Low,4,28,20,1,1,Low Value / Dormant
CUS-007645,17,94.05,1635.95,Month-to-month,High,5,37,54,1,3,New / At-Risk
CUS-007646,19,85.18,1544.42,One year,Medium,9,20,9,1,3,New / At-Risk
CUS-007647,51,98.7,5155.67,Month-to-month,Low,5,35,13,1,1,Low Value / Dormant
CUS-007648,70,100.12,7274.56,Month-to-month,Medium,2,54,54,1,1,Low Value / Dormant
CUS-007649,63,42.14,2634.95,One year,High,6,71,27,1,2,Mid Value / Moderate
CUS-007650,30,109.23,3248.69,Month-to-month,Medium,8,98,28,0,0,High Value / Loyal
CUS-007651,25,78.81,1931.57,Month-to-month,Medium,0,6,46,0,3,New / At-Risk
CUS-007652,71,87.26,6428.97,Month-to-month,Medium,3,19,10,0,1,Low Value / Dormant
CUS-007653,26,23.94,625.44,Month-to-month,Medium,3,8,29,1,3,New / At-Risk
CUS-007654,56,119.39,6738.97,One year,Medium,0,48,39,0,1,Low Value / Dormant
CUS-007655,22,128.61,2875.08,Month-to-month,Low,5,94,26,1,0,High Value / Loyal
CUS-007656,19,100.52,1871.82,Month-to-month,Medium,1,66,48,1,0,High Value / Loyal
CUS-007657,31,117.33,3612.91,One year,Medium,5,16,2,0,3,New / At-Risk
CUS-007658,26,87.95,2342.0,Two year,Medium,0,24,0,0,3,New / At-Risk
CUS-007659,42,100.39,4420.9,One year,Low,9,25,31,1,1,Low Value / Dormant
CUS-007660,41,71.29,2786.94,One year,Medium,4,13,38,1,3,New / At-Risk
CUS-007661,23,122.94,2698.38,One year,Medium,5,73,20,0,0,High Value / Loyal
CUS-007662,47,80.88,3773.8,One year,Medium,9,30,1,0,2,Mid Value / Moderate
CUS-007663,13,108.43,1432.06,Two year,High,1,9,9,0,3,New / At-Risk
CUS-007664,66,100.79,6576.28,Two year,Medium,0,63,30,1,1,Low Value / Dormant
CUS-007665,66,111.3,7712.89,One year,Medium,6,40,17,0,1,Low Value / Dormant
CUS-007666,16,122.08,1893.75,Month-to-month,Medium,0,7,6,1,3,New / At-Risk
CUS-007667,28,86.65,2306.89,One year,High,6,80,4,0,0,High Value / Loyal
CUS-007668,35,125.7,4263.12,Month-to-month,High,0,32,28,1,1,Low Value / Dormant
CUS-007669,41,84.64,3604.63,Two year,Low,8,61,3,0,2,Mid Value / Moderate
CUS-007670,31,144.36,4316.43,One year,Medium,4,60,45,1,1,Low Value / Dormant
CUS-007671,32,117.85,3763.19,One year,High,5,93,55,0,0,High Value / Loyal
CUS-007672,54,42.25,2263.0,Month-to-month,Medium,6,51,2,1,2,Mid Value / Moderate
CUS-007673,59,127.85,7667.92,Month-to-month,High,0,40,12,1,1,Low Value / Dormant
CUS-007674,41,91.71,3592.49,Month-to-month,Low,7,79,2,1,0,High Value / Loyal
CUS-007675,66,147.98,9921.72,Month-to-month,Medium,5,11,7,0,1,Low Value / Dormant
CUS-007676,54,113.45,6037.13,One year,Medium,1,73,49,0,1,Low Value / Dormant
CUS-007677,40,30.97,1291.61,Month-to-month,Medium,0,16,50,0,2,Mid Value / Moderate
CUS-007678,28,71.34,2067.35,Two year,High,0,25,3,0,3,New / At-Risk
CUS-007679,37,87.25,3195.65,Month-to-month,Medium,3,32,41,1,3,New / At-Risk
CUS-007680,65,129.07,8803.18,Month-to-month,Low,2,74,34,0,1,Low Value / Dormant
CUS-007681,55,114.81,6031.88,One year,Medium,5,10,11,1,1,Low Value / Dormant
CUS-007682,4,68.02,279.92,Month-to-month,High,9,94,23,1,0,High Value / Loyal
CUS-007683,10,104.95,1042.52,Two year,Low,7,57,37,1,0,High Value / Loyal
CUS-007684,47,95.0,4435.15,Month-to-month,Medium,0,84,18,1,1,Low Value / Dormant
CUS-007685,14,36.39,492.61,Month-to-month,Medium,6,41,54,0,3,New / At-Risk
CUS-007686,38,50.53,1923.06,Month-to-month,High,7,98,35,0,0,High Value / Loyal
CUS-007687,12,64.35,740.08,Month-to-month,Medium,4,65,34,1,0,High Value / Loyal
CUS-007688,45,45.41,2067.4,One year,Medium,7,32,17,0,2,Mid Value / Moderate
CUS-007689,17,39.52,654.44,Month-to-month,Medium,0,95,39,0,0,High Value / Loyal
CUS-007690,35,27.57,986.49,One year,Medium,1,48,55,1,2,Mid Value / Moderate
CUS-007691,66,133.5,8905.82,One year,Medium,3,54,33,0,1,Low Value / Dormant
CUS-007692,41,57.56,2418.22,One year,High,0,75,24,0,2,Mid Value / Moderate
CUS-007693,67,57.74,3965.31,Month-to-month,High,4,41,59,0,2,Mid Value / Moderate
CUS-007694,29,46.81,1316.31,One year,High,9,83,6,0,0,High Value / Loyal
CUS-007695,18,81.8,1398.91,Month-to-month,Medium,2,61,10,0,0,High Value / Loyal
CUS-007696,20,86.85,1713.71,One year,Low,1,7,37,1,3,New / At-Risk
CUS-007697,14,47.08,686.69,Month-to-month,Low,6,53,18,1,0,High Value / Loyal
CUS-007698,34,99.11,3396.13,Month-to-month,Medium,1,93,34,0,0,High Value / Loyal
CUS-007699,49,113.99,5712.58,One year,High,8,53,44,1,1,Low Value / Dormant
CUS-007700,54,68.6,3844.96,One year,High,5,97,19,1,2,Mid Value / Moderate
CUS-007701,31,96.11,3100.35,Month-to-month,High,7,26,26,1,3,New / At-Risk
CUS-007702,58,85.3,4961.72,Month-to-month,Medium,2,93,30,0,1,Low Value / Dormant
CUS-007703,42,45.42,1915.5,Two year,Medium,4,61,24,0,2,Mid Value / Moderate
CUS-007704,58,114.9,6898.16,Month-to-month,Medium,2,93,55,1,1,Low Value / Dormant
CUS-007705,30,124.19,3840.23,Month-to-month,High,8,35,1,1,3,New / At-Risk
CUS-007706,25,104.34,2660.45,Month-to-month,Medium,0,3,28,1,3,New / At-Risk
CUS-007707,63,62.11,3953.58,One year,Medium,7,69,36,1,2,Mid Value / Moderate
CUS-007708,19,140.48,2700.46,One year,Low,5,97,30,0,0,High Value / Loyal
CUS-007709,8,79.2,624.89,Month-to-month,High,6,64,46,1,0,High Value / Loyal
CUS-007710,3,54.56,169.27,One year,Medium,1,11,41,0,3,New / At-Risk
CUS-007711,67,73.07,4953.39,One year,Medium,6,6,5,0,2,Mid Value / Moderate
CUS-007712,17,109.97,1817.8,One year,High,0,2,45,0,3,New / At-Risk
CUS-007713,14,129.97,1772.26,Two year,Medium,6,77,20,0,0,High Value / Loyal
CUS-007714,9,66.35,618.79,Month-to-month,Medium,7,65,32,0,0,High Value / Loyal
CUS-007715,62,50.24,3154.11,Two year,Medium,1,91,8,1,2,Mid Value / Moderate
CUS-007716,21,101.44,2108.75,Two year,Low,9,40,9,1,3,New / At-Risk
CUS-007717,37,139.76,5009.24,Month-to-month,Low,1,15,59,1,1,Low Value / Dormant
CUS-007718,11,43.83,487.42,Two year,Low,2,99,21,0,0,High Value / Loyal
CUS-007719,20,124.39,2409.31,One year,Medium,9,30,30,1,3,New / At-Risk
CUS-007720,35,81.96,2860.0,Two year,Low,3,6,52,1,3,New / At-Risk
CUS-007721,53,123.94,6685.24,One year,Medium,7,98,10,0,1,Low Value / Dormant
CUS-007722,47,85.72,4055.21,Month-to-month,Low,2,21,53,1,2,Mid Value / Moderate
CUS-007723,52,69.05,3742.3,One year,High,5,96,18,0,2,Mid Value / Moderate
CUS-007724,8,110.58,843.89,Month-to-month,High,9,57,40,0,0,High Value / Loyal
CUS-007725,4,137.08,536.25,Month-to-month,Medium,7,55,11,1,0,High Value / Loyal
CUS-007726,27,61.63,1590.38,One year,High,9,84,51,0,0,High Value / Loyal
CUS-007727,44,79.9,3408.12,Two year,Medium,1,99,37,0,0,High Value / Loyal
CUS-007728,40,49.82,1917.95,One year,High,3,63,15,0,2,Mid Value / Moderate
CUS-007729,47,43.84,2108.57,One year,Medium,0,9,12,1,2,Mid Value / Moderate
CUS-007730,44,121.13,5259.92,Month-to-month,Medium,7,52,37,0,1,Low Value / Dormant
CUS-007731,48,46.09,2306.17,One year,High,0,37,12,0,2,Mid Value / Moderate
CUS-007732,52,123.13,6097.66,One year,Medium,8,70,14,0,1,Low Value / Dormant
CUS-007733,68,75.8,5233.1,Month-to-month,Medium,5,74,17,0,1,Low Value / Dormant
CUS-007734,11,149.36,1720.23,Month-to-month,Medium,2,9,15,1,3,New / At-Risk
CUS-007735,4,45.65,176.7,One year,High,7,97,40,0,0,High Value / Loyal
CUS-007736,48,32.09,1531.32,Month-to-month,Medium,1,16,49,0,2,Mid Value / Moderate
CUS-007737,26,29.81,790.61,Month-to-month,Medium,2,32,41,0,3,New / At-Risk
CUS-007738,39,128.6,5082.35,Two year,Medium,6,84,43,1,1,Low Value / Dormant
CUS-007739,58,76.91,4490.29,Two year,High,0,84,4,0,2,Mid Value / Moderate
CUS-007740,19,20.41,381.0,One year,Medium,8,3,26,0,3,New / At-Risk
CUS-007741,58,133.72,7932.76,One year,Medium,9,14,1,0,1,Low Value / Dormant
CUS-007742,28,134.0,3809.49,Month-to-month,Medium,8,21,40,1,3,New / At-Risk
CUS-007743,66,124.83,7961.23,Month-to-month,Low,2,72,49,0,1,Low Value / Dormant
CUS-007744,10,52.28,547.08,Two year,Medium,3,88,55,0,0,High Value / Loyal
CUS-007745,58,68.46,3992.66,One year,High,1,47,26,0,2,Mid Value / Moderate
CUS-007746,14,116.84,1639.93,One year,Medium,9,21,58,0,3,New / At-Risk
CUS-007747,15,83.62,1297.92,Month-to-month,Medium,0,42,0,0,3,New / At-Risk
CUS-007748,33,40.0,1338.45,Two year,Medium,7,96,13,1,0,High Value / Loyal
CUS-007749,17,51.56,839.28,Month-to-month,High,8,17,34,1,3,New / At-Risk
CUS-007750,24,146.44,3516.8,Month-to-month,Medium,8,40,22,1,3,New / At-Risk
CUS-007751,30,39.63,1222.31,Month-to-month,Medium,9,58,42,0,2,Mid Value / Moderate
CUS-007752,62,114.39,7234.04,One year,Medium,4,4,21,0,1,Low Value / Dormant
CUS-007753,13,82.14,1118.12,One year,Medium,4,42,26,1,3,New / At-Risk
CUS-007754,62,117.32,6928.17,One year,High,4,87,49,0,1,Low Value / Dormant
CUS-007755,47,105.94,4860.5,Month-to-month,High,5,57,24,1,1,Low Value / Dormant
CUS-007756,16,77.09,1239.53,Two year,Low,3,36,33,0,3,New / At-Risk
CUS-007757,66,66.01,4408.61,Two year,High,1,52,53,0,2,Mid Value / Moderate
CUS-007758,43,118.07,4962.31,Month-to-month,Medium,1,22,48,1,1,Low Value / Dormant
CUS-007759,8,62.01,512.28,Two year,Medium,5,89,26,0,0,High Value / Loyal
CUS-007760,3,122.41,354.9,Two year,High,4,68,34,0,0,High Value / Loyal
CUS-007761,12,108.38,1235.64,Month-to-month,Medium,3,10,20,0,3,New / At-Risk
CUS-007762,16,95.1,1590.39,Month-to-month,Low,5,24,38,1,3,New / At-Risk
CUS-007763,59,67.94,3965.23,Two year,High,3,35,2,1,2,Mid Value / Moderate
CUS-007764,49,46.66,2390.97,Month-to-month,Low,9,78,24,1,2,Mid Value / Moderate
CUS-007765,63,112.35,6921.15,Month-to-month,High,3,20,46,0,1,Low Value / Dormant
CUS-007766,62,31.88,1890.0,One year,Medium,5,52,3,0,2,Mid Value / Moderate
CUS-007767,49,146.17,7357.54,One year,Low,3,14,56,0,1,Low Value / Dormant
CUS-007768,51,147.24,7761.27,One year,Medium,8,39,14,1,1,Low Value / Dormant
CUS-007769,33,36.93,1217.69,One year,Low,6,73,2,0,0,High Value / Loyal
CUS-007770,30,33.51,962.5,One year,High,5,34,10,1,2,Mid Value / Moderate
CUS-007771,59,73.65,4412.52,Month-to-month,Low,2,84,27,0,2,Mid Value / Moderate
CUS-007772,15,145.28,2109.92,Month-to-month,Medium,3,67,2,0,0,High Value / Loyal
CUS-007773,23,72.04,1714.82,Month-to-month,Low,1,76,51,0,0,High Value / Loyal
CUS-007774,45,67.29,2959.81,Two year,High,2,12,17,0,2,Mid Value / Moderate
CUS-007775,62,111.47,7151.19,Two year,High,0,42,45,1,1,Low Value / Dormant
CUS-007776,71,43.24,3047.26,Month-to-month,Medium,8,86,52,1,2,Mid Value / Moderate
CUS-007777,15,67.23,1018.21,Month-to-month,High,9,99,8,0,0,High Value / Loyal
CUS-007778,46,57.87,2739.1,Two year,Medium,2,31,14,1,2,Mid Value / Moderate
CUS-007779,64,98.2,5995.94,Month-to-month,Medium,7,71,39,0,1,Low Value / Dormant
CUS-007780,46,41.16,1954.07,Month-to-month,Low,3,9,7,0,2,Mid Value / Moderate
CUS-007781,56,91.33,4929.73,Two year,Medium,7,51,39,1,1,Low Value / Dormant
CUS-007782,44,131.48,5703.26,One year,Low,6,37,55,0,1,Low Value / Dormant
CUS-007783,29,86.84,2511.57,Month-to-month,High,3,22,13,1,3,New / At-Risk
CUS-007784,62,108.85,7015.86,Two year,High,6,9,37,1,1,Low Value / Dormant
CUS-007785,52,29.78,1474.72,Two year,Medium,7,80,12,1,2,Mid Value / Moderate
CUS-007786,54,78.37,4257.07,Month-to-month,High,9,64,38,1,2,Mid Value / Moderate
CUS-007787,57,32.34,1869.43,Two year,Low,2,63,58,1,2,Mid Value / Moderate
CUS-007788,66,97.93,6344.83,One year,Medium,4,85,46,1,1,Low Value / Dormant
CUS-007789,22,56.54,1217.76,Month-to-month,Medium,2,73,9,0,0,High Value / Loyal
CUS-007790,20,57.34,1145.8,Two year,Medium,6,12,43,1,3,New / At-Risk
CUS-007791,33,29.98,958.37,Month-to-month,Medium,5,27,29,0,2,Mid Value / Moderate
CUS-007792,25,60.33,1503.46,Month-to-month,Low,0,47,4,0,3,New / At-Risk
CUS-007793,46,85.87,4054.61,Month-to-month,Medium,9,73,21,0,2,Mid Value / Moderate
CUS-007794,57,96.01,5661.34,One year,High,4,91,34,0,1,Low Value / Dormant
CUS-007795,5,28.67,141.69,Month-to-month,Medium,3,28,4,0,3,New / At-Risk
CUS-007796,55,104.69,5825.47,Two year,Medium,1,35,57,0,1,Low Value / Dormant
CUS-007797,61,83.55,4841.96,One year,Low,0,38,11,1,1,Low Value / Dormant
CUS-007798,8,89.8,722.0,Month-to-month,Medium,6,96,34,1,0,High Value / Loyal
CUS-007799,16,128.26,2149.75,One year,Medium,6,41,20,0,3,New / At-Risk
CUS-007800,48,64.49,3037.38,One year,Medium,5,67,25,0,2,Mid Value / Moderate
CUS-007801,61,42.63,2624.87,Month-to-month,High,4,56,0,1,2,Mid Value / Moderate
CUS-007802,15,91.74,1412.12,Month-to-month,Low,8,9,48,1,3,New / At-Risk
CUS-007803,65,142.85,9386.58,One year,Medium,1,3,9,0,1,Low Value / Dormant
CUS-007804,22,87.32,1905.45,Month-to-month,Medium,2,51,37,0,0,High Value / Loyal
CUS-007805,3,128.15,371.09,Two year,Low,8,77,23,1,0,High Value / Loyal
CUS-007806,54,118.41,6371.15,Month-to-month,High,1,49,51,1,1,Low Value / Dormant
CUS-007807,14,87.38,1198.26,Month-to-month,High,2,98,30,0,0,High Value / Loyal
CUS-007808,36,104.18,3824.04,Month-to-month,Medium,5,94,44,0,0,High Value / Loyal
CUS-007809,67,72.87,4853.83,One year,Medium,9,80,46,0,2,Mid Value / Moderate
CUS-007810,10,88.98,920.95,Month-to-month,High,6,97,22,1,0,High Value / Loyal
CUS-007811,49,85.95,4082.26,Month-to-month,Medium,1,35,20,0,2,Mid Value / Moderate
CUS-007812,65,112.18,7231.98,Month-to-month,Medium,7,16,1,0,1,Low Value / Dormant
CUS-007813,57,73.3,4201.99,One year,High,8,40,52,0,2,Mid Value / Moderate
CUS-007814,27,32.97,856.89,Month-to-month,High,0,69,30,1,0,High Value / Loyal
CUS-007815,5,122.53,618.05,Month-to-month,Medium,5,8,59,1,3,New / At-Risk
CUS-007816,71,109.03,7579.34,Month-to-month,Low,3,54,1,0,1,Low Value / Dormant
CUS-007817,57,143.52,7959.16,Two year,Medium,9,33,29,0,1,Low Value / Dormant
CUS-007818,15,75.73,1095.32,Two year,Medium,9,51,24,1,0,High Value / Loyal
CUS-007819,30,30.17,891.42,One year,High,4,94,48,0,0,High Value / Loyal
CUS-007820,20,35.81,,Month-to-month,Medium,5,2,18,0,3,New / At-Risk
CUS-007821,37,120.53,4250.51,Month-to-month,Medium,5,38,0,1,1,Low Value / Dormant
CUS-007822,3,28.81,89.47,Month-to-month,Low,6,56,36,1,0,High Value / Loyal
CUS-007823,41,138.02,5600.63,Month-to-month,Medium,8,20,27,1,1,Low Value / Dormant
CUS-007824,39,56.61,2221.57,Month-to-month,Medium,3,52,19,1,2,Mid Value / Moderate
CUS-007825,26,136.85,3562.77,Month-to-month,Medium,8,9,58,1,3,New / At-Risk
CUS-007826,2,120.56,251.38,Month-to-month,High,0,65,47,1,0,High Value / Loyal
CUS-007827,23,133.26,3147.68,Month-to-month,High,8,66,53,1,0,High Value / Loyal
CUS-007828,23,47.83,1153.31,Month-to-month,High,7,19,4,1,3,New / At-Risk
CUS-007829,16,97.44,1604.95,Month-to-month,Medium,1,16,54,1,3,New / At-Risk
CUS-007830,9,32.17,283.59,Month-to-month,High,6,69,29,0,0,High Value / Loyal
CUS-007831,13,46.3,629.71,Month-to-month,Medium,6,96,22,1,0,High Value / Loyal
CUS-007832,28,60.29,1769.67,Month-to-month,High,1,20,41,1,3,New / At-Risk
CUS-007833,27,116.31,3021.89,Month-to-month,Medium,7,52,26,0,3,New / At-Risk
CUS-007834,51,23.21,1231.33,Month-to-month,High,5,14,52,1,2,Mid Value / Moderate
CUS-007835,64,137.41,8938.33,Month-to-month,Medium,5,77,41,1,1,Low Value / Dormant
CUS-007836,52,29.2,1582.72,Month-to-month,High,4,91,0,1,2,Mid Value / Moderate
CUS-007837,38,68.94,2728.78,Month-to-month,Low,7,35,8,1,2,Mid Value / Moderate
CUS-007838,65,30.54,2062.9,One year,Low,9,57,49,1,2,Mid Value / Moderate
CUS-007839,18,119.97,2242.58,Two year,Medium,8,34,6,0,3,New / At-Risk
CUS-007840,63,38.37,2324.94,Two year,Medium,4,59,50,1,2,Mid Value / Moderate
CUS-007841,51,135.02,6640.47,Month-to-month,Medium,0,80,25,0,1,Low Value / Dormant
CUS-007842,9,88.93,769.77,Month-to-month,Medium,5,28,53,1,3,New / At-Risk
CUS-007843,13,143.3,1786.73,Month-to-month,Medium,0,43,15,0,3,New / At-Risk
CUS-007844,40,57.75,2275.99,Two year,Medium,4,35,52,0,2,Mid Value / Moderate
CUS-007845,55,79.06,4428.35,One year,High,5,15,5,0,2,Mid Value / Moderate
CUS-007846,43,110.25,4671.95,Two year,High,2,3,41,0,1,Low Value / Dormant
CUS-007847,44,128.15,5762.76,Month-to-month,Low,0,91,36,0,1,Low Value / Dormant
CUS-007848,68,74.78,5247.65,Month-to-month,Medium,1,27,56,1,1,Low Value / Dormant
CUS-007849,33,136.02,4563.14,Month-to-month,Low,2,4,44,0,3,New / At-Risk
CUS-007850,24,35.34,845.16,Two year,Medium,2,85,11,0,0,High Value / Loyal
CUS-007851,36,112.13,3954.1,Month-to-month,Medium,1,22,23,0,3,New / At-Risk
CUS-007852,10,65.27,628.15,One year,High,5,69,16,1,0,High Value / Loyal
CUS-007853,20,33.17,663.05,Month-to-month,High,6,23,56,1,3,New / At-Risk
CUS-007854,12,70.27,861.71,Two year,High,4,87,1,0,0,High Value / Loyal
CUS-007855,62,134.43,8374.75,Month-to-month,Medium,6,13,30,1,1,Low Value / Dormant
CUS-007856,18,147.47,2713.24,Two year,Medium,2,60,36,0,0,High Value / Loyal
CUS-007857,63,71.06,4403.26,Month-to-month,High,4,27,53,1,2,Mid Value / Moderate
CUS-007858,25,135.23,3234.39,One year,Low,2,50,41,1,3,New / At-Risk
CUS-007859,12,86.26,1063.12,Month-to-month,Medium,3,79,28,0,0,High Value / Loyal
CUS-007860,21,113.21,2310.82,Two year,Low,5,12,0,1,3,New / At-Risk
CUS-007861,25,25.9,654.99,One year,Medium,3,10,43,0,3,New / At-Risk
CUS-007862,11,92.45,1047.9,Month-to-month,Medium,3,49,13,0,3,New / At-Risk
CUS-007863,64,29.12,1796.49,One year,Medium,6,92,54,1,2,Mid Value / Moderate
CUS-007864,50,54.92,2773.06,Month-to-month,High,5,35,39,1,2,Mid Value / Moderate
CUS-007865,62,93.69,5918.52,Month-to-month,Medium,0,38,48,0,1,Low Value / Dormant
CUS-007866,49,124.93,6272.55,One year,High,7,54,10,1,1,Low Value / Dormant
CUS-007867,14,92.92,1254.99,One year,High,0,20,57,1,3,New / At-Risk
CUS-007868,1,141.7,146.31,One year,High,8,12,31,0,3,New / At-Risk
CUS-007869,25,125.34,3006.4,One year,High,3,3,19,0,3,New / At-Risk
CUS-007870,59,40.31,2383.02,One year,Low,6,2,1,0,2,Mid Value / Moderate
CUS-007871,69,70.56,4841.41,Two year,Medium,4,92,30,1,2,Mid Value / Moderate
CUS-007872,5,106.9,519.64,Month-to-month,High,9,22,4,1,3,New / At-Risk
CUS-007873,19,141.99,2644.43,One year,Medium,2,35,31,1,3,New / At-Risk
CUS-007874,23,148.4,3298.73,Two year,Low,7,9,49,1,3,New / At-Risk
CUS-007875,9,119.21,1064.96,Month-to-month,Medium,9,87,8,1,0,High Value / Loyal
CUS-007876,50,94.59,4509.82,Month-to-month,High,1,17,40,0,1,Low Value / Dormant
CUS-007877,16,118.36,1967.4,One year,High,9,14,9,1,3,New / At-Risk
CUS-007878,33,55.52,1770.53,Two year,Medium,2,32,52,0,3,New / At-Risk
CUS-007879,2,56.87,118.13,One year,High,4,59,52,1,0,High Value / Loyal
CUS-007880,14,105.07,1524.39,Month-to-month,Medium,4,58,35,0,0,High Value / Loyal
CUS-007881,1,133.34,132.69,Month-to-month,Medium,4,36,48,0,3,New / At-Risk
CUS-007882,58,146.08,8470.44,Month-to-month,Medium,6,33,25,0,1,Low Value / Dormant
CUS-007883,16,64.37,1009.57,Month-to-month,High,7,74,43,0,0,High Value / Loyal
CUS-007884,47,123.55,6095.47,Month-to-month,Medium,7,64,2,1,1,Low Value / Dormant
CUS-007885,44,130.7,5848.96,Month-to-month,Medium,2,13,35,0,1,Low Value / Dormant
CUS-007886,14,101.01,1478.07,One year,Medium,7,34,22,1,3,New / At-Risk
CUS-007887,24,65.19,1551.16,One year,Medium,9,5,29,1,3,New / At-Risk
CUS-007888,55,100.48,5738.16,Two year,Medium,1,70,38,0,1,Low Value / Dormant
CUS-007889,15,95.98,1432.22,Month-to-month,Medium,3,33,58,1,3,New / At-Risk
CUS-007890,34,98.85,3484.13,Month-to-month,Medium,1,5,22,0,3,New / At-Risk
CUS-007891,2,100.5,193.59,Month-to-month,Low,4,88,22,1,0,High Value / Loyal
CUS-007892,27,130.12,3561.25,Month-to-month,High,2,72,42,1,0,High Value / Loyal
CUS-007893,23,42.11,985.85,Month-to-month,Medium,9,18,35,0,3,New / At-Risk
CUS-007894,68,67.75,4678.82,Two year,High,9,89,24,0,2,Mid Value / Moderate
CUS-007895,14,96.18,1339.39,Month-to-month,High,2,18,19,0,3,New / At-Risk
CUS-007896,63,56.83,3646.3,Month-to-month,Medium,4,26,59,1,2,Mid Value / Moderate
CUS-007897,65,147.16,9316.18,Month-to-month,Low,3,84,37,1,1,Low Value / Dormant
CUS-007898,68,54.21,3721.58,Month-to-month,Medium,5,20,32,1,2,Mid Value / Moderate
CUS-007899,63,81.05,5133.95,Month-to-month,High,4,88,32,0,1,Low Value / Dormant
CUS-007900,64,134.06,8423.82,One year,Low,9,84,37,0,1,Low Value / Dormant
CUS-007901,32,30.41,1000.2,Two year,Medium,4,4,0,0,3,New / At-Risk
CUS-007902,13,126.69,1577.93,One year,High,2,22,46,0,3,New / At-Risk
CUS-007903,66,94.23,6014.91,One year,High,3,89,32,1,1,Low Value / Dormant
CUS-007904,19,24.13,457.23,One year,Medium,2,85,37,0,0,High Value / Loyal
CUS-007905,24,137.38,3426.25,Month-to-month,Medium,2,82,23,1,0,High Value / Loyal
CUS-007906,11,25.1,278.13,One year,Medium,9,73,8,1,0,High Value / Loyal
CUS-007907,59,86.98,5307.26,Month-to-month,Medium,8,9,30,1,1,Low Value / Dormant
CUS-007908,15,26.37,396.31,One year,Medium,9,59,37,1,0,High Value / Loyal
CUS-007909,10,29.26,300.91,Month-to-month,Medium,5,33,48,0,3,New / At-Risk
CUS-007910,41,135.34,5452.14,Two year,Medium,9,7,27,1,1,Low Value / Dormant
CUS-007911,27,119.56,3329.78,One year,Medium,1,33,22,1,3,New / At-Risk
CUS-007912,60,45.6,2709.24,Month-to-month,Low,0,66,29,1,2,Mid Value / Moderate
CUS-007913,52,100.66,5265.16,One year,High,2,72,17,0,1,Low Value / Dormant
CUS-007914,28,123.31,3340.73,Month-to-month,Low,2,97,54,1,0,High Value / Loyal
CUS-007915,65,135.65,9187.74,Month-to-month,High,3,59,57,0,1,Low Value / Dormant
CUS-007916,17,80.88,1402.66,Month-to-month,Medium,3,35,25,0,3,New / At-Risk
CUS-007917,44,136.67,6229.5,Month-to-month,Low,4,93,51,0,1,Low Value / Dormant
CUS-007918,10,86.02,835.08,Month-to-month,Medium,3,32,32,0,3,New / At-Risk
CUS-007919,63,109.47,6598.44,Month-to-month,Low,1,1,58,1,1,Low Value / Dormant
CUS-007920,47,147.27,6809.19,Month-to-month,Medium,0,95,56,1,1,Low Value / Dormant
CUS-007921,38,50.67,1928.81,Month-to-month,Low,9,52,15,1,2,Mid Value / Moderate
CUS-007922,70,41.91,3022.25,Month-to-month,Medium,6,35,28,1,2,Mid Value / Moderate
CUS-007923,53,64.46,3381.57,Month-to-month,Low,8,40,15,1,2,Mid Value / Moderate
CUS-007924,44,41.37,1778.49,Two year,Low,8,44,32,1,2,Mid Value / Moderate
CUS-007925,54,56.94,3035.63,Two year,Medium,0,39,38,1,2,Mid Value / Moderate
CUS-007926,20,116.59,2379.24,Two year,Medium,8,20,45,1,3,New / At-Risk
CUS-007927,31,82.08,2502.75,Month-to-month,Low,0,97,46,0,0,High Value / Loyal
CUS-007928,7,68.76,504.35,One year,Medium,0,87,37,1,0,High Value / Loyal
CUS-007929,58,67.93,3812.11,One year,Low,1,3,22,0,2,Mid Value / Moderate
CUS-007930,10,45.29,464.35,Month-to-month,High,9,53,25,0,0,High Value / Loyal
CUS-007931,10,78.16,788.6,Two year,Medium,5,12,48,1,3,New / At-Risk
CUS-007932,39,101.2,3841.56,Two year,Low,8,8,16,1,3,New / At-Risk
CUS-007933,28,38.09,1093.57,One year,High,4,64,37,0,0,High Value / Loyal
CUS-007934,30,146.47,4370.92,Month-to-month,High,8,41,44,1,1,Low Value / Dormant
CUS-007935,37,77.63,2924.57,One year,Medium,8,11,23,1,3,New / At-Risk
CUS-007936,67,143.23,9752.45,Month-to-month,Low,7,26,42,1,1,Low Value / Dormant
CUS-007937,43,37.51,1549.95,Month-to-month,Low,6,87,18,1,2,Mid Value / Moderate
CUS-007938,52,119.74,6438.07,One year,High,2,38,41,1,1,Low Value / Dormant
CUS-007939,56,100.29,5718.33,Month-to-month,Medium,9,5,26,1,1,Low Value / Dormant
CUS-007940,68,126.61,8850.93,Month-to-month,Low,2,32,1,0,1,Low Value / Dormant
CUS-007941,9,98.09,878.18,Month-to-month,High,3,69,51,1,0,High Value / Loyal
CUS-007942,23,145.17,3237.07,One year,Medium,8,15,7,1,3,New / At-Risk
CUS-007943,63,101.5,6283.44,Two year,Medium,2,61,14,0,1,Low Value / Dormant
CUS-007944,61,122.0,7740.68,Month-to-month,High,7,52,40,1,1,Low Value / Dormant
CUS-007945,40,134.09,5598.35,Month-to-month,High,7,87,12,0,1,Low Value / Dormant
CUS-007946,44,112.9,4958.41,Month-to-month,Low,5,28,26,1,1,Low Value / Dormant
CUS-007947,24,88.15,2073.05,One year,Medium,1,19,21,0,3,New / At-Risk
CUS-007948,51,55.47,2893.93,Two year,Medium,5,54,54,0,2,Mid Value / Moderate
CUS-007949,58,131.08,7805.11,Month-to-month,Low,3,81,46,1,1,Low Value / Dormant
CUS-007950,33,82.48,2807.54,Month-to-month,Medium,6,15,46,1,3,New / At-Risk
CUS-007951,16,100.69,1535.53,Month-to-month,Medium,0,13,0,0,3,New / At-Risk
CUS-007952,22,30.3,633.91,Two year,High,2,87,4,0,0,High Value / Loyal
CUS-007953,57,84.66,4756.45,Month-to-month,High,7,82,28,1,1,Low Value / Dormant
CUS-007954,62,110.76,6628.51,One year,High,0,23,14,0,1,Low Value / Dormant
CUS-007955,71,95.93,7018.71,Month-to-month,High,9,80,53,1,1,Low Value / Dormant
CUS-007956,70,78.31,5499.85,One year,Medium,2,62,29,0,1,Low Value / Dormant
CUS-007957,30,49.05,1519.24,Month-to-month,Medium,2,84,57,0,0,High Value / Loyal
CUS-007958,23,60.26,1341.14,Month-to-month,Medium,7,25,45,1,3,New / At-Risk
CUS-007959,32,111.08,3599.82,Month-to-month,Medium,0,32,5,1,3,New / At-Risk
CUS-007960,57,49.14,2823.71,One year,High,9,21,5,0,2,Mid Value / Moderate
CUS-007961,9,100.82,892.94,Month-to-month,Medium,4,1,22,0,3,New / At-Risk
CUS-007962,31,96.67,3001.76,One year,Medium,6,28,51,1,3,New / At-Risk
CUS-007963,71,146.15,10469.34,Month-to-month,Medium,3,91,4,0,1,Low Value / Dormant
CUS-007964,9,27.9,260.9,One year,High,9,91,21,0,0,High Value / Loyal
CUS-007965,13,34.06,423.05,One year,Medium,2,12,40,0,3,New / At-Risk
CUS-007966,58,85.79,5136.78,One year,High,9,79,19,1,1,Low Value / Dormant
CUS-007967,3,88.52,278.32,Month-to-month,Low,5,20,19,1,3,New / At-Risk
CUS-007968,35,25.19,902.11,Two year,Low,4,83,38,0,0,High Value / Loyal
CUS-007969,21,127.36,2738.07,Month-to-month,Medium,1,51,29,1,3,New / At-Risk
CUS-007970,64,84.31,5243.92,Month-to-month,High,5,26,47,0,1,Low Value / Dormant
CUS-007971,52,65.06,3391.12,One year,High,2,85,16,0,2,Mid Value / Moderate
CUS-007972,34,61.45,2132.36,One year,High,8,43,59,1,2,Mid Value / Moderate
CUS-007973,35,131.98,4666.65,One year,Medium,2,50,58,0,1,Low Value / Dormant
CUS-007974,15,45.58,675.78,One year,Medium,8,74,22,0,0,High Value / Loyal
CUS-007975,6,40.85,255.91,One year,Medium,5,28,39,0,3,New / At-Risk
CUS-007976,32,47.71,1528.96,Two year,High,7,26,59,1,3,New / At-Risk
CUS-007977,52,101.25,5512.55,One year,Medium,8,77,49,0,1,Low Value / Dormant
CUS-007978,28,125.42,3534.22,Month-to-month,Medium,7,25,51,0,3,New / At-Risk
CUS-007979,64,63.03,4152.09,Two year,Medium,1,31,12,0,2,Mid Value / Moderate
CUS-007980,19,42.55,828.02,Two year,Low,2,84,45,0,0,High Value / Loyal
CUS-007981,15,47.2,719.31,Month-to-month,Medium,7,79,35,1,0,High Value / Loyal
CUS-007982,6,100.49,573.69,Month-to-month,Medium,4,18,41,0,3,New / At-Risk
CUS-007983,38,51.98,1891.94,One year,High,9,40,9,0,2,Mid Value / Moderate
CUS-007984,26,134.05,3513.61,Month-to-month,High,3,87,37,1,0,High Value / Loyal
CUS-007985,51,33.51,1779.16,Month-to-month,Medium,5,67,38,0,2,Mid Value / Moderate
CUS-007986,53,24.21,1296.0,Two year,High,5,63,38,0,2,Mid Value / Moderate
CUS-007987,56,31.49,1716.84,Month-to-month,Low,6,11,3,0,2,Mid Value / Moderate
CUS-007988,59,129.93,7528.26,Month-to-month,High,4,27,18,1,1,Low Value / Dormant
CUS-007989,70,104.66,7416.42,One year,Medium,0,37,51,0,1,Low Value / Dormant
CUS-007990,58,144.51,8462.74,Month-to-month,High,7,12,40,1,1,Low Value / Dormant
CUS-007991,13,63.72,866.09,Two year,High,0,97,57,0,0,High Value / Loyal
CUS-007992,43,47.65,2054.83,Month-to-month,Low,3,28,27,1,2,Mid Value / Moderate
CUS-007993,51,93.06,4677.09,One year,High,2,6,26,0,1,Low Value / Dormant
CUS-007994,19,89.92,1712.71,Month-to-month,Low,2,70,22,1,0,High Value / Loyal
CUS-007995,21,96.83,2091.7,One year,High,5,44,18,0,3,New / At-Risk
CUS-007996,24,65.18,1570.62,One year,Low,7,85,15,1,0,High Value / Loyal
CUS-007997,26,20.77,530.54,Two year,High,4,89,34,0,0,High Value / Loyal
CUS-007998,45,24.55,1087.1,Month-to-month,Medium,5,47,4,1,2,Mid Value / Moderate
CUS-007999,28,106.3,3052.76,Two year,Medium,5,36,23,0,3,New / At-Risk
CUS-008000,29,88.02,2442.01,One year,High,0,82,4,0,0,High Value / Loyal
CUS-008001,17,126.73,2105.91,Two year,High,6,44,28,0,3,New / At-Risk
CUS-008002,68,59.05,3876.3,Month-to-month,High,0,69,5,0,2,Mid Value / Moderate
CUS-008003,44,126.01,5791.05,One year,High,6,23,40,0,1,Low Value / Dormant
CUS-008004,61,75.31,4405.83,Month-to-month,Medium,7,23,40,1,2,Mid Value / Moderate
CUS-008005,68,32.57,2272.0,Month-to-month,High,3,87,53,0,2,Mid Value / Moderate
CUS-008006,25,147.13,3726.19,One year,High,7,35,43,1,3,New / At-Risk
CUS-008007,67,86.55,5875.97,One year,Medium,5,93,47,0,1,Low Value / Dormant
CUS-008008,2,101.83,209.03,One year,High,5,69,47,0,0,High Value / Loyal
CUS-008009,49,107.2,5200.7,Month-to-month,High,8,61,36,1,1,Low Value / Dormant
CUS-008010,70,67.11,4651.32,Month-to-month,High,5,81,28,0,2,Mid Value / Moderate
CUS-008011,26,117.18,2982.27,Month-to-month,Low,4,38,55,0,3,New / At-Risk
CUS-008012,27,133.13,3629.77,Two year,High,9,52,32,1,1,Low Value / Dormant
CUS-008013,18,70.33,1320.43,Month-to-month,High,9,2,26,1,3,New / At-Risk
CUS-008014,54,105.41,5933.48,Month-to-month,Medium,5,19,34,1,1,Low Value / Dormant
CUS-008015,1,118.43,120.83,Month-to-month,High,7,63,37,0,0,High Value / Loyal
CUS-008016,61,44.72,2838.49,Month-to-month,Medium,8,67,39,0,2,Mid Value / Moderate
CUS-008017,3,63.24,198.51,Month-to-month,Medium,9,94,47,1,0,High Value / Loyal
CUS-008018,68,34.14,2390.27,One year,Low,9,97,5,0,2,Mid Value / Moderate
CUS-008019,41,98.29,3992.63,One year,Low,7,23,45,1,3,New / At-Risk
CUS-008020,37,124.12,4584.81,Two year,Medium,7,26,9,0,1,Low Value / Dormant
CUS-008021,51,99.41,5288.5,Two year,Medium,6,30,53,0,1,Low Value / Dormant
CUS-008022,15,43.37,661.64,Two year,Medium,0,19,35,0,3,New / At-Risk
CUS-008023,8,91.03,751.58,Month-to-month,Medium,3,39,43,1,3,New / At-Risk
CUS-008024,38,128.54,4697.06,Month-to-month,Medium,3,90,6,0,1,Low Value / Dormant
CUS-008025,56,59.35,3222.09,Month-to-month,High,2,96,6,1,2,Mid Value / Moderate
CUS-008026,47,128.24,5933.54,One year,High,3,28,28,0,1,Low Value / Dormant
CUS-008027,10,122.0,1181.98,One year,Medium,1,73,15,0,0,High Value / Loyal
CUS-008028,49,22.83,1163.95,One year,High,2,61,0,1,2,Mid Value / Moderate
CUS-008029,41,51.13,2036.95,Month-to-month,High,2,48,59,1,2,Mid Value / Moderate
CUS-008030,30,90.58,2733.01,Month-to-month,High,9,95,47,0,0,High Value / Loyal
CUS-008031,5,113.29,542.97,One year,Low,0,79,34,0,0,High Value / Loyal
CUS-008032,71,134.47,9217.88,Month-to-month,Low,6,96,46,1,1,Low Value / Dormant
CUS-008033,31,103.34,3122.49,One year,High,3,13,56,0,3,New / At-Risk
CUS-008034,52,69.44,3785.51,Two year,Medium,7,86,28,1,2,Mid Value / Moderate
CUS-008035,23,44.0,1042.1,Month-to-month,Medium,8,11,37,0,3,New / At-Risk
CUS-008036,48,118.8,5801.6,One year,Low,1,97,12,0,1,Low Value / Dormant
CUS-008037,40,46.88,1953.32,One year,Medium,1,88,51,0,0,High Value / Loyal
CUS-008038,6,110.41,692.66,Month-to-month,Medium,1,40,39,1,3,New / At-Risk
CUS-008039,38,43.56,1647.5,Month-to-month,Medium,7,51,11,0,2,Mid Value / Moderate
CUS-008040,41,31.84,1282.83,Month-to-month,Medium,1,70,22,1,2,Mid Value / Moderate
CUS-008041,27,52.64,1395.11,One year,Low,5,80,45,1,0,High Value / Loyal
CUS-008042,69,57.04,3753.09,Month-to-month,Medium,4,30,15,0,2,Mid Value / Moderate
CUS-008043,57,104.14,5805.02,Two year,Medium,9,30,57,1,1,Low Value / Dormant
CUS-008044,17,40.91,685.47,Two year,Medium,8,78,13,1,0,High Value / Loyal
CUS-008045,71,140.94,9543.32,Month-to-month,Medium,1,54,15,1,1,Low Value / Dormant
CUS-008046,47,92.07,4492.71,Month-to-month,Low,0,7,5,0,1,Low Value / Dormant
CUS-008047,13,83.82,1127.58,One year,High,1,67,35,0,0,High Value / Loyal
CUS-008048,11,76.51,820.7,Two year,High,9,95,51,1,0,High Value / Loyal
CUS-008049,24,93.66,2315.81,Month-to-month,Medium,4,10,23,1,3,New / At-Risk
CUS-008050,4,22.92,94.39,One year,Medium,7,97,50,0,0,High Value / Loyal
CUS-008051,46,148.71,6727.85,Two year,Medium,7,61,26,0,1,Low Value / Dormant
CUS-008052,18,92.48,1697.41,Month-to-month,Low,1,37,24,1,3,New / At-Risk
CUS-008053,43,24.58,1034.53,Month-to-month,High,4,15,39,1,2,Mid Value / Moderate
CUS-008054,33,96.7,3053.88,Two year,Low,1,50,35,1,3,New / At-Risk
CUS-008055,10,76.82,768.57,Month-to-month,Low,6,4,59,1,3,New / At-Risk
CUS-008056,59,23.12,1355.95,Month-to-month,Medium,9,42,28,1,2,Mid Value / Moderate
CUS-008057,31,140.18,4188.21,Month-to-month,High,7,68,30,1,1,Low Value / Dormant
CUS-008058,28,21.37,597.9,Month-to-month,High,4,10,2,1,3,New / At-Risk
CUS-008059,60,95.12,5963.88,Two year,Medium,0,22,12,0,1,Low Value / Dormant
CUS-008060,3,145.03,445.17,Month-to-month,Medium,6,31,3,0,3,New / At-Risk
CUS-008061,55,50.89,2865.73,Two year,Medium,2,76,10,0,2,Mid Value / Moderate
CUS-008062,14,53.04,761.73,Month-to-month,High,1,73,47,1,0,High Value / Loyal
CUS-008063,58,20.06,1191.65,Month-to-month,Low,5,28,14,0,2,Mid Value / Moderate
CUS-008064,15,28.63,408.77,One year,Low,1,98,59,0,0,High Value / Loyal
CUS-008065,2,25.84,53.87,Two year,High,9,69,1,1,0,High Value / Loyal
CUS-008066,24,126.95,3147.27,Month-to-month,High,7,94,14,0,0,High Value / Loyal
CUS-008067,64,128.78,8055.87,One year,Medium,2,80,5,1,1,Low Value / Dormant
CUS-008068,71,114.47,8170.31,Month-to-month,Medium,1,19,46,0,1,Low Value / Dormant
CUS-008069,24,65.86,1598.74,Two year,High,7,78,12,1,0,High Value / Loyal
CUS-008070,27,126.76,3296.63,Two year,High,5,47,34,0,3,New / At-Risk
CUS-008071,37,90.17,3254.23,One year,High,3,24,50,0,3,New / At-Risk
CUS-008072,39,59.56,2212.11,One year,Medium,4,56,43,1,2,Mid Value / Moderate
CUS-008073,63,76.85,5017.5,Month-to-month,High,9,11,43,0,1,Low Value / Dormant
CUS-008074,26,28.55,707.03,Month-to-month,Low,6,77,48,0,0,High Value / Loyal
CUS-008075,65,142.84,9116.15,Month-to-month,Medium,3,74,55,0,1,Low Value / Dormant
CUS-008076,4,100.49,384.99,Month-to-month,Medium,6,93,39,1,0,High Value / Loyal
CUS-008077,29,115.06,3430.65,One year,Low,5,91,56,1,0,High Value / Loyal
CUS-008078,1,107.96,112.54,Month-to-month,Medium,4,54,12,0,0,High Value / Loyal
CUS-008079,50,106.81,5373.92,Month-to-month,Low,2,59,58,0,1,Low Value / Dormant
CUS-008080,11,22.24,235.86,Two year,Low,0,65,11,0,0,High Value / Loyal
CUS-008081,59,88.3,5239.9,Two year,Low,7,32,15,1,1,Low Value / Dormant
CUS-008082,62,126.82,8075.55,Month-to-month,High,6,18,52,0,1,Low Value / Dormant
CUS-008083,36,25.79,948.62,One year,Low,5,4,42,0,2,Mid Value / Moderate
CUS-008084,56,144.3,8276.22,Month-to-month,Medium,3,80,51,0,1,Low Value / Dormant
CUS-008085,21,75.14,1543.11,Month-to-month,Medium,4,82,40,1,0,High Value / Loyal
CUS-008086,13,57.69,717.96,Month-to-month,High,4,85,50,1,0,High Value / Loyal
CUS-008087,9,89.14,774.07,Two year,Medium,1,51,19,1,0,High Value / Loyal
CUS-008088,11,124.16,1427.95,One year,High,5,47,39,1,3,New / At-Risk
CUS-008089,70,81.72,5785.2,One year,Medium,4,54,12,1,1,Low Value / Dormant
CUS-008090,1,103.86,106.23,Month-to-month,Medium,0,25,33,1,3,New / At-Risk
CUS-008091,70,84.99,6186.63,Month-to-month,High,8,10,18,1,1,Low Value / Dormant
CUS-008092,56,102.07,5917.28,Month-to-month,Medium,6,7,44,0,1,Low Value / Dormant
CUS-008093,31,37.94,1143.14,Two year,Medium,1,65,26,1,0,High Value / Loyal
CUS-008094,37,25.03,885.05,Month-to-month,Medium,5,97,28,1,0,High Value / Loyal
CUS-008095,47,37.8,1851.99,Month-to-month,High,0,97,18,0,2,Mid Value / Moderate
CUS-008096,47,57.16,2815.87,Month-to-month,High,1,19,42,1,2,Mid Value / Moderate
CUS-008097,69,52.94,3677.2,One year,Low,6,7,55,0,2,Mid Value / Moderate
CUS-008098,58,99.97,6023.63,Month-to-month,Low,2,45,26,1,1,Low Value / Dormant
CUS-008099,36,79.27,2777.03,Month-to-month,High,6,78,1,1,0,High Value / Loyal
CUS-008100,32,25.05,770.28,Month-to-month,Low,5,38,39,0,2,Mid Value / Moderate
CUS-008101,64,24.53,1570.06,One year,Medium,4,7,38,0,2,Mid Value / Moderate
CUS-008102,71,31.78,2326.33,One year,Low,9,46,0,0,2,Mid Value / Moderate
CUS-008103,42,65.9,2810.63,Two year,Low,8,67,13,1,2,Mid Value / Moderate
CUS-008104,48,20.8,1012.29,Month-to-month,High,9,75,7,0,2,Mid Value / Moderate
CUS-008105,30,84.22,2404.63,Two year,High,4,8,26,0,3,New / At-Risk
CUS-008106,21,66.89,1378.99,Month-to-month,Medium,4,90,32,0,0,High Value / Loyal
CUS-008107,60,92.21,5775.59,Month-to-month,Low,7,3,30,1,1,Low Value / Dormant
CUS-008108,13,113.71,1424.13,One year,High,6,93,29,0,0,High Value / Loyal
CUS-008109,1,52.63,53.82,One year,Medium,0,12,24,0,3,New / At-Risk
CUS-008110,65,40.42,2695.49,Month-to-month,Medium,9,82,48,1,2,Mid Value / Moderate
CUS-008111,33,56.15,1895.99,One year,Medium,1,43,52,1,2,Mid Value / Moderate
CUS-008112,38,20.23,806.32,Month-to-month,Medium,3,7,55,1,2,Mid Value / Moderate
CUS-008113,25,35.6,881.96,One year,Medium,8,94,35,0,0,High Value / Loyal
CUS-008114,26,117.61,3113.52,One year,High,6,48,37,1,3,New / At-Risk
CUS-008115,59,48.96,2800.43,Month-to-month,High,1,80,0,0,2,Mid Value / Moderate
CUS-008116,33,149.26,4876.15,Month-to-month,Medium,7,45,30,1,1,Low Value / Dormant
CUS-008117,41,41.82,1713.1,Month-to-month,Medium,0,25,34,0,2,Mid Value / Moderate
CUS-008118,30,122.54,3571.37,Month-to-month,Low,7,4,59,1,3,New / At-Risk
CUS-008119,57,111.66,6623.29,Month-to-month,Medium,4,4,20,1,1,Low Value / Dormant
CUS-008120,49,61.88,3097.53,Month-to-month,High,0,50,33,0,2,Mid Value / Moderate
CUS-008121,48,63.0,2958.42,Month-to-month,Medium,2,58,16,1,2,Mid Value / Moderate
CUS-008122,49,93.26,4403.01,Month-to-month,Low,6,65,8,0,1,Low Value / Dormant
CUS-008123,47,130.81,6017.59,One year,Medium,6,67,28,0,1,Low Value / Dormant
CUS-008124,56,70.2,3979.79,One year,Low,7,28,7,0,2,Mid Value / Moderate
CUS-008125,65,27.95,1876.28,One year,High,3,75,18,0,2,Mid Value / Moderate
CUS-008126,12,68.67,824.36,Month-to-month,Medium,5,37,46,0,3,New / At-Risk
CUS-008127,69,46.95,3110.82,Month-to-month,Medium,6,2,5,0,2,Mid Value / Moderate
CUS-008128,6,142.1,831.21,One year,Medium,7,73,23,1,0,High Value / Loyal
CUS-008129,65,110.65,7080.6,Two year,High,2,61,5,0,1,Low Value / Dormant
CUS-008130,25,26.61,674.26,Two year,High,4,81,39,1,0,High Value / Loyal
CUS-008131,1,58.09,56.62,One year,High,7,96,2,1,0,High Value / Loyal
CUS-008132,32,26.53,826.31,One year,Low,5,51,30,0,2,Mid Value / Moderate
CUS-008133,3,127.9,375.5,One year,Low,0,31,30,0,3,New / At-Risk
CUS-008134,49,137.82,6815.59,Month-to-month,Medium,1,85,11,0,1,Low Value / Dormant
CUS-008135,19,34.6,656.85,One year,Medium,2,81,51,0,0,High Value / Loyal
CUS-008136,60,77.24,4792.59,Month-to-month,Medium,6,81,7,1,2,Mid Value / Moderate
CUS-008137,29,141.14,4174.22,Month-to-month,High,9,43,42,1,1,Low Value / Dormant
CUS-008138,50,38.88,1976.3,One year,High,2,91,25,1,2,Mid Value / Moderate
CUS-008139,2,57.95,111.89,Two year,Medium,8,28,58,0,3,New / At-Risk
CUS-008140,56,59.56,3186.78,Month-to-month,Low,8,39,25,1,2,Mid Value / Moderate
CUS-008141,17,23.91,406.84,One year,Medium,7,65,14,0,0,High Value / Loyal
CUS-008142,60,24.72,1419.41,Month-to-month,Medium,8,16,12,1,2,Mid Value / Moderate
CUS-008143,36,143.86,5108.64,Month-to-month,High,7,67,55,1,1,Low Value / Dormant
CUS-008144,61,94.24,5476.34,One year,High,8,79,21,0,1,Low Value / Dormant
CUS-008145,17,59.86,984.8,Two year,Medium,3,68,57,0,0,High Value / Loyal
CUS-008146,49,69.23,3259.99,Month-to-month,Medium,3,36,12,1,2,Mid Value / Moderate
CUS-008147,60,112.93,6979.72,One year,Medium,4,30,45,1,1,Low Value / Dormant
CUS-008148,20,67.65,1332.13,Month-to-month,Low,6,93,53,0,0,High Value / Loyal
CUS-008149,50,49.61,2375.98,Two year,Medium,8,23,8,0,2,Mid Value / Moderate
CUS-008150,3,33.24,97.38,One year,High,3,63,23,0,0,High Value / Loyal
CUS-008151,43,114.76,5024.95,One year,Medium,6,69,2,0,1,Low Value / Dormant
CUS-008152,57,43.47,2538.85,Two year,Low,5,47,22,1,2,Mid Value / Moderate
CUS-008153,50,29.05,1397.49,Month-to-month,Medium,8,11,11,1,2,Mid Value / Moderate
CUS-008154,68,75.5,5277.3,Month-to-month,High,8,19,40,1,1,Low Value / Dormant
CUS-008155,50,25.14,1240.94,One year,Medium,8,62,43,0,2,Mid Value / Moderate
CUS-008156,37,145.45,5478.18,One year,High,4,72,57,1,1,Low Value / Dormant
CUS-008157,46,101.55,4751.33,One year,Medium,2,43,10,0,1,Low Value / Dormant
CUS-008158,42,39.85,1722.86,Month-to-month,Medium,5,75,18,0,2,Mid Value / Moderate
CUS-008159,15,42.42,648.83,One year,High,1,9,58,1,3,New / At-Risk
CUS-008160,33,94.08,2961.4,One year,Medium,6,25,8,0,3,New / At-Risk
CUS-008161,11,66.35,731.31,Month-to-month,High,6,89,36,0,0,High Value / Loyal
CUS-008162,20,120.65,2332.54,One year,Low,1,78,9,0,0,High Value / Loyal
CUS-008163,24,90.95,2285.51,Month-to-month,Medium,5,31,8,1,3,New / At-Risk
CUS-008164,64,76.33,4766.05,Two year,Low,3,13,32,1,2,Mid Value / Moderate
CUS-008165,65,145.19,9361.79,Month-to-month,High,6,65,12,0,1,Low Value / Dormant
CUS-008166,17,70.79,1167.01,Month-to-month,High,7,30,19,0,3,New / At-Risk
CUS-008167,61,72.08,4236.18,Month-to-month,Low,9,73,43,1,2,Mid Value / Moderate
CUS-008168,15,106.55,1614.39,Month-to-month,Medium,0,29,10,0,3,New / At-Risk
CUS-008169,51,125.23,6382.49,One year,Low,4,95,40,0,1,Low Value / Dormant
CUS-008170,27,101.41,2703.7,Two year,Medium,8,18,28,0,3,New / At-Risk
CUS-008171,61,110.82,6479.72,One year,Medium,1,3,46,0,1,Low Value / Dormant
CUS-008172,58,68.48,4065.62,Month-to-month,Medium,3,35,59,0,2,Mid Value / Moderate
CUS-008173,31,82.33,2426.25,Month-to-month,Medium,7,66,12,0,0,High Value / Loyal
CUS-008174,12,45.61,545.06,Month-to-month,High,4,4,59,1,3,New / At-Risk
CUS-008175,46,108.43,5054.0,Month-to-month,Medium,7,41,43,1,1,Low Value / Dormant
CUS-008176,31,48.79,1501.97,Month-to-month,High,9,79,13,1,0,High Value / Loyal
CUS-008177,32,20.16,621.11,One year,Medium,9,81,8,0,0,High Value / Loyal
CUS-008178,32,141.39,4650.34,Month-to-month,Medium,0,90,53,1,1,Low Value / Dormant
CUS-008179,53,59.78,3112.66,One year,Medium,6,95,41,0,2,Mid Value / Moderate
CUS-008180,61,45.56,2677.78,One year,Medium,5,30,37,1,2,Mid Value / Moderate
CUS-008181,46,54.86,2536.2,Month-to-month,Medium,1,87,18,1,2,Mid Value / Moderate
CUS-008182,7,62.96,419.52,Two year,Medium,6,94,41,0,0,High Value / Loyal
CUS-008183,4,81.69,321.02,Month-to-month,Low,2,11,46,1,3,New / At-Risk
CUS-008184,52,29.02,1546.63,Month-to-month,High,3,33,52,0,2,Mid Value / Moderate
CUS-008185,31,26.85,866.62,Two year,Medium,5,38,7,1,2,Mid Value / Moderate
CUS-008186,36,58.08,2110.0,Month-to-month,High,2,5,17,0,3,New / At-Risk
CUS-008187,54,58.45,3067.15,Month-to-month,Medium,0,59,33,1,2,Mid Value / Moderate
CUS-008188,54,35.29,1852.51,Month-to-month,High,9,99,35,1,2,Mid Value / Moderate
CUS-008189,17,72.62,1247.41,Month-to-month,High,0,51,8,1,0,High Value / Loyal
CUS-008190,30,56.92,1691.79,One year,High,5,65,15,0,0,High Value / Loyal
CUS-008191,22,23.39,497.91,Two year,Medium,3,68,4,0,0,High Value / Loyal
CUS-008192,43,135.14,5978.19,One year,Medium,6,58,50,1,1,Low Value / Dormant
CUS-008193,27,135.18,3540.52,One year,Medium,8,48,14,1,3,New / At-Risk
CUS-008194,37,47.19,1715.02,One year,Low,7,58,23,1,2,Mid Value / Moderate
CUS-008195,46,41.17,1810.91,Two year,Low,2,37,46,1,2,Mid Value / Moderate
CUS-008196,35,91.15,3254.42,One year,Medium,6,7,43,1,3,New / At-Risk
CUS-008197,4,102.0,398.82,Two year,High,0,60,47,1,0,High Value / Loyal
CUS-008198,26,144.48,3656.15,Month-to-month,Medium,1,59,42,0,1,Low Value / Dormant
CUS-008199,19,69.06,1286.25,Month-to-month,Medium,8,10,38,0,3,New / At-Risk
CUS-008200,45,100.37,4685.45,Month-to-month,Medium,9,33,24,1,1,Low Value / Dormant
CUS-008201,26,134.16,3494.54,Two year,Medium,7,51,15,0,3,New / At-Risk
CUS-008202,22,78.49,1667.79,Month-to-month,Low,6,78,41,1,0,High Value / Loyal
CUS-008203,58,35.9,2139.65,One year,Medium,9,36,21,1,2,Mid Value / Moderate
CUS-008204,63,69.07,4224.43,One year,High,1,38,49,0,2,Mid Value / Moderate
CUS-008205,28,37.75,1047.85,Two year,High,1,55,15,1,2,Mid Value / Moderate
CUS-008206,65,22.16,1450.41,One year,Medium,6,30,32,0,2,Mid Value / Moderate
CUS-008207,44,117.7,5222.62,One year,High,6,26,4,0,1,Low Value / Dormant
CUS-008208,43,51.0,2098.29,Two year,High,5,95,59,1,0,High Value / Loyal
CUS-008209,37,20.26,774.9,Two year,Medium,9,42,54,1,2,Mid Value / Moderate
CUS-008210,66,133.42,8787.36,Month-to-month,Low,4,47,6,1,1,Low Value / Dormant
CUS-008211,17,77.69,1385.39,Two year,High,5,19,17,1,3,New / At-Risk
CUS-008212,40,51.05,2086.47,Month-to-month,Medium,8,77,5,1,2,Mid Value / Moderate
CUS-008213,38,54.16,2159.56,One year,High,3,87,48,0,0,High Value / Loyal
CUS-008214,61,51.27,3112.92,Month-to-month,Medium,9,83,11,0,2,Mid Value / Moderate
CUS-008215,9,45.29,,Month-to-month,Medium,0,80,43,1,0,High Value / Loyal
CUS-008216,61,129.36,8070.29,Two year,Medium,8,25,32,0,1,Low Value / Dormant
CUS-008217,16,42.14,693.02,One year,High,7,90,33,0,0,High Value / Loyal
CUS-008218,2,93.04,192.65,Month-to-month,Medium,1,85,20,0,0,High Value / Loyal
CUS-008219,43,30.05,1266.56,Month-to-month,High,3,18,57,0,2,Mid Value / Moderate
CUS-008220,42,143.44,6030.82,Two year,Medium,2,9,57,1,1,Low Value / Dormant
CUS-008221,57,98.43,5811.14,Month-to-month,High,2,88,17,1,1,Low Value / Dormant
CUS-008222,67,137.41,9542.25,Month-to-month,Medium,5,17,13,0,1,Low Value / Dormant
CUS-008223,30,71.72,2049.66,One year,High,6,94,41,0,0,High Value / Loyal
CUS-008224,13,125.39,1657.9,Month-to-month,High,7,4,29,1,3,New / At-Risk
CUS-008225,19,130.98,2513.83,One year,Medium,6,55,45,0,0,High Value / Loyal
CUS-008226,7,111.38,747.2,Month-to-month,Medium,8,54,2,0,0,High Value / Loyal
CUS-008227,9,32.08,301.17,Month-to-month,Medium,1,28,56,0,3,New / At-Risk
CUS-008228,54,22.09,1186.37,Two year,Medium,9,40,52,1,2,Mid Value / Moderate
CUS-008229,61,41.91,2601.23,Two year,Medium,3,9,12,0,2,Mid Value / Moderate
CUS-008230,2,35.35,73.41,Two year,High,1,36,50,0,3,New / At-Risk
CUS-008231,50,114.27,5502.07,One year,Medium,2,8,36,0,1,Low Value / Dormant
CUS-008232,31,92.41,2966.68,Month-to-month,Low,9,62,18,0,0,High Value / Loyal
CUS-008233,33,88.37,2981.74,Month-to-month,Medium,0,86,58,0,0,High Value / Loyal
CUS-008234,11,52.87,601.35,One year,Medium,7,89,36,0,0,High Value / Loyal
CUS-008235,33,40.1,1322.58,Month-to-month,Medium,4,49,12,0,2,Mid Value / Moderate
CUS-008236,7,46.85,312.66,Month-to-month,Medium,4,70,14,0,0,High Value / Loyal
CUS-008237,31,72.04,2271.19,Month-to-month,High,7,90,25,0,0,High Value / Loyal
CUS-008238,48,116.22,5508.5,Month-to-month,Medium,8,42,5,1,1,Low Value / Dormant
CUS-008239,47,53.09,2470.75,Month-to-month,Medium,8,2,26,1,2,Mid Value / Moderate
CUS-008240,53,110.82,5838.94,Month-to-month,Low,9,31,11,0,1,Low Value / Dormant
CUS-008241,19,83.9,1592.9,Two year,Low,8,76,47,0,0,High Value / Loyal
CUS-008242,6,135.11,823.77,Month-to-month,Medium,1,19,24,0,3,New / At-Risk
CUS-008243,49,50.28,2519.54,One year,High,6,65,49,1,2,Mid Value / Moderate
CUS-008244,50,78.61,4039.38,Month-to-month,Medium,6,74,46,1,2,Mid Value / Moderate
CUS-008245,12,32.57,397.5,Two year,Medium,3,60,15,1,0,High Value / Loyal
CUS-008246,23,63.57,1506.48,One year,Medium,4,62,45,0,0,High Value / Loyal
CUS-008247,54,85.89,4463.04,Month-to-month,Medium,5,60,15,0,1,Low Value / Dormant
CUS-008248,69,115.26,8220.54,Month-to-month,Low,6,98,2,1,1,Low Value / Dormant
CUS-008249,59,45.75,2668.83,One year,Medium,1,16,53,0,2,Mid Value / Moderate
CUS-008250,36,48.35,1745.68,Month-to-month,Low,9,7,33,1,3,New / At-Risk
CUS-008251,3,102.11,304.29,Month-to-month,Medium,1,77,23,0,0,High Value / Loyal
CUS-008252,58,69.72,4033.91,Month-to-month,High,1,68,41,1,2,Mid Value / Moderate
CUS-008253,55,82.67,4449.41,Month-to-month,Low,4,95,45,0,1,Low Value / Dormant
CUS-008254,57,128.7,7093.64,Month-to-month,Medium,5,74,22,1,1,Low Value / Dormant
CUS-008255,17,84.88,1385.96,Month-to-month,High,5,12,29,1,3,New / At-Risk
CUS-008256,39,104.82,4068.3,Month-to-month,Medium,2,98,48,1,0,High Value / Loyal
CUS-008257,68,105.38,6897.36,Two year,Medium,3,92,20,0,1,Low Value / Dormant
CUS-008258,55,124.47,6671.25,Two year,Medium,6,5,52,0,1,Low Value / Dormant
CUS-008259,45,102.96,4463.37,Month-to-month,High,6,92,16,0,1,Low Value / Dormant
CUS-008260,1,28.43,27.31,Month-to-month,Medium,5,47,53,1,0,High Value / Loyal
CUS-008261,21,64.48,1405.92,Two year,Medium,0,11,17,0,3,New / At-Risk
CUS-008262,21,148.61,3175.14,One year,Medium,9,34,2,0,3,New / At-Risk
CUS-008263,52,45.55,2468.77,Two year,Medium,5,79,52,1,2,Mid Value / Moderate
CUS-008264,43,96.27,4199.43,Month-to-month,High,0,51,46,1,1,Low Value / Dormant
CUS-008265,52,129.58,6970.04,Month-to-month,High,4,5,11,1,1,Low Value / Dormant
CUS-008266,67,96.25,6484.59,Two year,Medium,5,48,15,1,1,Low Value / Dormant
CUS-008267,44,68.4,2998.14,Month-to-month,Medium,6,85,37,1,2,Mid Value / Moderate
CUS-008268,32,30.43,976.52,One year,High,7,31,13,1,2,Mid Value / Moderate
CUS-008269,10,67.02,658.12,One year,Low,8,40,26,1,3,New / At-Risk
CUS-008270,64,43.67,2838.95,Two year,High,5,7,17,0,2,Mid Value / Moderate
CUS-008271,69,144.91,10396.07,Two year,Medium,6,99,19,1,1,Low Value / Dormant
CUS-008272,68,112.95,7897.75,Month-to-month,Low,3,85,34,0,1,Low Value / Dormant
CUS-008273,28,117.42,3275.26,Month-to-month,Low,9,40,16,1,3,New / At-Risk
CUS-008274,53,76.68,4248.29,Month-to-month,Medium,6,69,19,1,2,Mid Value / Moderate
CUS-008275,51,34.3,1833.97,Two year,Medium,9,14,5,1,2,Mid Value / Moderate
CUS-008276,53,54.67,2895.68,Month-to-month,High,0,98,25,0,2,Mid Value / Moderate
CUS-008277,4,53.76,222.89,Month-to-month,Medium,2,10,6,0,3,New / At-Risk
CUS-008278,17,83.28,1345.67,Two year,Low,0,82,37,1,0,High Value / Loyal
CUS-008279,67,79.93,5123.07,One year,Medium,7,81,11,1,1,Low Value / Dormant
CUS-008280,47,76.34,3416.75,Two year,Low,2,49,16,0,2,Mid Value / Moderate
CUS-008281,56,84.48,4859.94,One year,Medium,6,96,20,0,1,Low Value / Dormant
CUS-008282,23,148.31,3267.85,Month-to-month,High,1,17,52,1,3,New / At-Risk
CUS-008283,18,58.79,1007.04,Month-to-month,Medium,4,86,5,0,0,High Value / Loyal
CUS-008284,1,99.98,96.46,Month-to-month,High,2,89,46,1,0,High Value / Loyal
CUS-008285,35,51.14,1755.09,Month-to-month,Medium,9,51,36,0,2,Mid Value / Moderate
CUS-008286,64,80.66,5143.94,One year,Medium,2,80,24,0,1,Low Value / Dormant
CUS-008287,58,46.01,2552.4,Month-to-month,Medium,4,62,53,0,2,Mid Value / Moderate
CUS-008288,59,92.56,5460.78,Month-to-month,High,7,30,14,1,1,Low Value / Dormant
CUS-008289,1,54.45,53.08,One year,Low,1,55,10,0,0,High Value / Loyal
CUS-008290,3,24.78,72.67,Two year,High,3,34,8,0,3,New / At-Risk
CUS-008291,67,125.99,8712.73,Two year,Low,3,69,3,0,1,Low Value / Dormant
CUS-008292,37,36.67,1422.98,One year,High,4,33,2,0,2,Mid Value / Moderate
CUS-008293,29,67.85,1960.4,Month-to-month,Low,5,5,12,1,3,New / At-Risk
CUS-008294,33,82.03,2658.84,Two year,Medium,8,42,31,1,3,New / At-Risk
CUS-008295,61,76.22,4850.17,One year,Low,4,3,5,1,2,Mid Value / Moderate
CUS-008296,4,114.34,457.37,Two year,Medium,9,63,0,1,0,High Value / Loyal
CUS-008297,14,97.58,1397.6,One year,Medium,7,38,41,0,3,New / At-Risk
CUS-008298,33,58.4,1910.52,Month-to-month,Medium,4,13,4,1,3,New / At-Risk
CUS-008299,22,26.72,570.38,Two year,Medium,2,8,1,0,3,New / At-Risk
CUS-008300,48,119.79,5838.85,One year,Medium,5,61,21,0,1,Low Value / Dormant
CUS-008301,3,65.83,200.74,Month-to-month,Low,3,30,31,1,3,New / At-Risk
CUS-008302,23,135.66,3107.85,Month-to-month,High,4,50,50,0,3,New / At-Risk
CUS-008303,68,71.36,4740.67,Month-to-month,Low,7,69,47,1,2,Mid Value / Moderate
CUS-008304,21,113.3,2458.15,One year,High,3,38,40,1,3,New / At-Risk
CUS-008305,43,142.14,5974.84,One year,High,6,59,49,0,1,Low Value / Dormant
CUS-008306,26,104.65,2764.16,Month-to-month,Medium,2,95,48,0,0,High Value / Loyal
CUS-008307,41,73.75,2988.81,Two year,Medium,3,2,6,0,3,New / At-Risk
CUS-008308,38,93.76,3553.15,One year,Low,7,57,20,0,2,Mid Value / Moderate
CUS-008309,11,90.65,968.35,Month-to-month,Medium,7,7,16,0,3,New / At-Risk
CUS-008310,29,96.03,2826.4,Month-to-month,Medium,8,80,52,1,0,High Value / Loyal
CUS-008311,60,39.09,2280.9,Two year,High,3,10,19,0,2,Mid Value / Moderate
CUS-008312,67,110.81,7413.42,Month-to-month,High,9,29,0,1,1,Low Value / Dormant
CUS-008313,65,38.86,2482.29,Two year,High,3,94,31,0,2,Mid Value / Moderate
CUS-008314,61,21.9,1397.85,Month-to-month,Medium,4,84,39,1,2,Mid Value / Moderate
CUS-008315,19,101.22,2015.95,Month-to-month,High,4,34,31,0,3,New / At-Risk
CUS-008316,46,35.2,1660.19,One year,Low,2,72,19,0,2,Mid Value / Moderate
CUS-008317,49,120.15,6172.43,One year,High,0,98,9,0,1,Low Value / Dormant
CUS-008318,22,132.58,2803.95,Month-to-month,Medium,9,98,54,0,0,High Value / Loyal
CUS-008319,57,142.82,8541.28,Two year,Medium,0,45,5,0,1,Low Value / Dormant
CUS-008320,14,106.38,1430.3,Month-to-month,Medium,7,71,40,1,0,High Value / Loyal
CUS-008321,44,82.66,3606.37,Two year,Low,3,58,32,0,2,Mid Value / Moderate
CUS-008322,16,65.8,1025.26,One year,Medium,9,78,9,0,0,High Value / Loyal
CUS-008323,12,83.82,1051.49,Month-to-month,High,1,84,24,0,0,High Value / Loyal
CUS-008324,55,44.75,2494.44,One year,Medium,5,33,23,1,2,Mid Value / Moderate
CUS-008325,51,65.29,3362.39,Two year,Medium,8,95,30,0,2,Mid Value / Moderate
CUS-008326,39,113.33,4639.77,One year,Medium,4,97,28,0,1,Low Value / Dormant
CUS-008327,33,48.26,1610.65,One year,Medium,2,90,11,0,0,High Value / Loyal
CUS-008328,33,54.33,1819.05,Month-to-month,Low,3,90,42,0,0,High Value / Loyal
CUS-008329,29,117.41,3249.96,One year,High,1,51,36,0,3,New / At-Risk
CUS-008330,69,43.12,3082.01,Two year,Medium,6,64,50,1,2,Mid Value / Moderate
CUS-008331,70,51.97,3808.58,One year,High,3,38,41,0,2,Mid Value / Moderate
CUS-008332,31,22.28,722.51,One year,Medium,3,80,49,1,0,High Value / Loyal
CUS-008333,31,113.61,3423.59,Month-to-month,High,7,12,8,0,3,New / At-Risk
CUS-008334,46,100.33,4488.57,Two year,Medium,9,63,28,1,1,Low Value / Dormant
CUS-008335,52,110.27,5657.24,Month-to-month,High,4,65,2,0,1,Low Value / Dormant
CUS-008336,10,47.86,469.54,One year,Medium,2,60,3,0,0,High Value / Loyal
CUS-008337,41,109.36,4396.56,Month-to-month,Medium,5,20,53,1,1,Low Value / Dormant
CUS-008338,3,97.53,295.67,Month-to-month,Medium,7,66,20,1,0,High Value / Loyal
CUS-008339,59,67.6,4110.04,One year,Medium,9,95,5,0,2,Mid Value / Moderate
CUS-008340,52,76.92,4174.4,One year,High,0,18,1,0,2,Mid Value / Moderate
CUS-008341,34,93.83,3052.35,Two year,Low,8,42,36,1,3,New / At-Risk
CUS-008342,49,84.13,4030.75,Month-to-month,Medium,3,74,19,0,2,Mid Value / Moderate
CUS-008343,28,103.44,2825.3,Month-to-month,Medium,4,6,44,1,3,New / At-Risk
CUS-008344,13,43.53,557.79,Two year,High,9,66,32,0,0,High Value / Loyal
CUS-008345,69,90.29,6183.03,Month-to-month,Low,2,80,13,0,1,Low Value / Dormant
CUS-008346,67,78.54,5203.62,One year,Medium,8,69,19,0,1,Low Value / Dormant
CUS-008347,61,79.93,5096.35,Two year,Medium,5,86,42,0,1,Low Value / Dormant
CUS-008348,60,81.02,4830.62,Two year,High,0,22,1,0,1,Low Value / Dormant
CUS-008349,71,134.59,9605.29,Month-to-month,Medium,8,22,46,1,1,Low Value / Dormant
CUS-008350,24,126.42,3109.56,One year,Medium,4,65,6,0,0,High Value / Loyal
CUS-008351,63,101.84,6560.6,One year,High,2,49,54,0,1,Low Value / Dormant
CUS-008352,61,113.14,6959.0,Month-to-month,Medium,3,77,36,1,1,Low Value / Dormant
CUS-008353,23,25.56,609.2,Month-to-month,Low,4,12,11,1,3,New / At-Risk
CUS-008354,30,116.72,3545.05,Two year,High,0,63,48,1,0,High Value / Loyal
CUS-008355,60,83.2,5179.17,Month-to-month,Low,9,13,15,0,1,Low Value / Dormant
CUS-008356,18,61.31,1081.76,One year,Medium,2,62,16,0,0,High Value / Loyal
CUS-008357,56,38.17,2058.92,One year,Medium,6,59,30,0,2,Mid Value / Moderate
CUS-008358,53,29.78,1628.61,Month-to-month,Low,8,11,58,1,2,Mid Value / Moderate
CUS-008359,7,25.84,178.72,Month-to-month,Medium,5,82,6,1,0,High Value / Loyal
CUS-008360,69,41.03,2874.09,One year,Medium,3,86,25,1,2,Mid Value / Moderate
CUS-008361,52,23.92,1273.29,Month-to-month,Medium,3,1,0,0,2,Mid Value / Moderate
CUS-008362,4,115.24,452.99,One year,Medium,8,68,1,0,0,High Value / Loyal
CUS-008363,34,52.32,1779.79,Month-to-month,Medium,0,9,30,0,3,New / At-Risk
CUS-008364,69,67.94,4872.73,Month-to-month,High,5,3,19,0,2,Mid Value / Moderate
CUS-008365,33,126.95,4348.57,Month-to-month,Low,3,72,36,0,1,Low Value / Dormant
CUS-008366,69,34.91,2468.53,Month-to-month,Medium,2,9,58,1,2,Mid Value / Moderate
CUS-008367,38,128.63,5016.26,Month-to-month,Medium,0,82,32,0,1,Low Value / Dormant
CUS-008368,26,103.14,2788.29,One year,Medium,4,69,12,0,0,High Value / Loyal
CUS-008369,1,64.46,65.99,Month-to-month,High,3,22,0,1,3,New / At-Risk
CUS-008370,4,35.31,138.99,Month-to-month,Medium,9,69,50,1,0,High Value / Loyal
CUS-008371,39,31.89,1196.7,Month-to-month,Medium,3,23,32,0,2,Mid Value / Moderate
CUS-008372,54,63.62,3408.48,One year,Medium,7,80,2,0,2,Mid Value / Moderate
CUS-008373,33,38.24,1209.99,One year,High,1,5,36,0,3,New / At-Risk
CUS-008374,33,54.8,1738.99,Month-to-month,Low,9,39,59,1,2,Mid Value / Moderate
CUS-008375,20,26.88,561.89,One year,Medium,9,3,18,0,3,New / At-Risk
CUS-008376,16,97.35,1585.01,One year,High,3,26,43,0,3,New / At-Risk
CUS-008377,21,38.89,845.32,Month-to-month,Medium,0,8,57,1,3,New / At-Risk
CUS-008378,45,118.38,5403.0,Two year,Medium,1,85,39,1,1,Low Value / Dormant
CUS-008379,62,48.36,2974.06,Month-to-month,Medium,9,52,31,1,2,Mid Value / Moderate
CUS-008380,31,123.74,3653.7,Month-to-month,High,9,82,4,1,0,High Value / Loyal
CUS-008381,42,44.68,1962.31,One year,Medium,2,69,46,0,2,Mid Value / Moderate
CUS-008382,12,113.78,1306.75,Month-to-month,Medium,0,6,42,0,3,New / At-Risk
CUS-008383,65,63.3,4159.81,Month-to-month,High,1,27,46,0,2,Mid Value / Moderate
CUS-008384,3,95.81,275.98,Two year,Low,6,86,36,1,0,High Value / Loyal
CUS-008385,9,25.03,220.37,One year,Medium,9,22,5,1,3,New / At-Risk
CUS-008386,51,84.38,4168.26,Month-to-month,High,9,56,59,1,2,Mid Value / Moderate
CUS-008387,16,39.33,632.65,Two year,Medium,5,43,35,1,3,New / At-Risk
CUS-008388,3,83.22,259.33,Month-to-month,High,1,27,36,1,3,New / At-Risk
CUS-008389,24,38.38,933.53,Month-to-month,High,0,45,12,1,3,New / At-Risk
CUS-008390,13,76.82,1015.08,Month-to-month,High,9,46,53,1,3,New / At-Risk
CUS-008391,2,34.38,71.57,One year,Low,8,33,11,0,3,New / At-Risk
CUS-008392,71,48.59,3536.21,Month-to-month,Medium,0,95,5,0,2,Mid Value / Moderate
CUS-008393,21,97.36,2119.39,One year,Medium,9,28,29,1,3,New / At-Risk
CUS-008394,19,146.97,2769.01,Month-to-month,Low,4,94,36,0,0,High Value / Loyal
CUS-008395,47,78.39,3819.14,One year,Medium,8,98,27,0,0,High Value / Loyal
CUS-008396,22,109.33,2440.4,Month-to-month,Medium,8,81,9,0,0,High Value / Loyal
CUS-008397,33,90.13,2865.76,Month-to-month,Medium,5,51,27,0,3,New / At-Risk
CUS-008398,32,84.79,2588.01,Two year,Medium,2,64,5,0,0,High Value / Loyal
CUS-008399,64,28.41,1771.8,Month-to-month,Medium,1,35,8,0,2,Mid Value / Moderate
CUS-008400,39,38.76,1493.2,One year,High,2,36,23,1,2,Mid Value / Moderate
CUS-008401,42,134.8,5852.61,Month-to-month,High,0,6,51,1,1,Low Value / Dormant
CUS-008402,9,73.32,675.81,One year,Medium,2,93,17,0,0,High Value / Loyal
CUS-008403,25,99.86,2610.27,Month-to-month,Low,1,58,3,1,0,High Value / Loyal
CUS-008404,2,88.67,178.39,One year,Medium,7,23,44,1,3,New / At-Risk
CUS-008405,19,69.25,1348.44,One year,Medium,9,14,53,1,3,New / At-Risk
CUS-008406,20,70.42,1376.68,Month-to-month,Medium,6,73,57,0,0,High Value / Loyal
CUS-008407,70,92.21,6570.64,Month-to-month,Medium,0,56,22,1,1,Low Value / Dormant
CUS-008408,17,38.35,665.36,One year,High,0,79,26,0,0,High Value / Loyal
CUS-008409,68,70.34,4950.03,Month-to-month,Medium,4,25,3,0,2,Mid Value / Moderate
CUS-008410,3,78.11,235.17,Two year,High,3,20,12,1,3,New / At-Risk
CUS-008411,51,148.07,7663.91,Month-to-month,Low,7,86,10,0,1,Low Value / Dormant
CUS-008412,26,65.69,1657.2,Month-to-month,Medium,7,71,10,0,0,High Value / Loyal
CUS-008413,56,103.8,5950.15,Month-to-month,Medium,2,18,18,0,1,Low Value / Dormant
CUS-008414,64,37.86,2505.3,Month-to-month,Medium,4,17,32,1,2,Mid Value / Moderate
CUS-008415,8,28.51,230.24,Month-to-month,Medium,6,14,13,1,3,New / At-Risk
CUS-008416,37,133.3,4742.56,Month-to-month,High,7,26,12,0,1,Low Value / Dormant
CUS-008417,27,115.0,3046.77,Month-to-month,Low,2,32,6,1,3,New / At-Risk
CUS-008418,45,61.27,2750.62,Month-to-month,Medium,7,93,32,1,0,High Value / Loyal
CUS-008419,4,85.6,348.45,Month-to-month,Medium,9,59,31,0,0,High Value / Loyal
CUS-008420,37,37.65,1367.9,Month-to-month,Medium,8,71,44,1,2,Mid Value / Moderate
CUS-008421,71,111.93,8217.52,Month-to-month,High,2,57,55,0,1,Low Value / Dormant
CUS-008422,33,29.14,949.39,Month-to-month,Medium,1,73,36,1,2,Mid Value / Moderate
CUS-008423,31,118.41,3503.03,One year,Medium,1,12,7,0,3,New / At-Risk
CUS-008424,55,91.09,5157.17,One year,Low,4,3,45,1,1,Low Value / Dormant
CUS-008425,12,56.25,684.74,Two year,Medium,9,32,33,1,3,New / At-Risk
CUS-008426,11,132.13,1497.37,Month-to-month,Medium,0,97,18,1,0,High Value / Loyal
CUS-008427,32,148.19,4670.4,Month-to-month,High,5,15,35,0,1,Low Value / Dormant
CUS-008428,57,53.07,2878.82,Month-to-month,Medium,6,9,33,1,2,Mid Value / Moderate
CUS-008429,38,124.81,4540.69,Month-to-month,High,4,49,35,0,1,Low Value / Dormant
CUS-008430,60,117.52,6777.57,Two year,Low,7,44,5,1,1,Low Value / Dormant
CUS-008431,19,117.13,2293.47,Month-to-month,Medium,5,81,58,1,0,High Value / Loyal
CUS-008432,56,144.44,7928.06,Month-to-month,Medium,0,28,54,1,1,Low Value / Dormant
CUS-008433,14,83.26,1223.68,Month-to-month,Low,8,45,53,1,3,New / At-Risk
CUS-008434,33,107.64,3643.97,Two year,High,4,13,54,1,3,New / At-Risk
CUS-008435,10,127.1,1283.9,One year,Medium,4,47,49,0,3,New / At-Risk
CUS-008436,64,82.34,5524.6,Month-to-month,Low,0,21,0,0,1,Low Value / Dormant
CUS-008437,64,82.59,5188.42,Two year,Medium,4,50,44,0,1,Low Value / Dormant
CUS-008438,62,61.43,3681.01,Two year,High,2,47,29,0,2,Mid Value / Moderate
CUS-008439,68,121.51,8458.55,Month-to-month,Low,9,5,14,1,1,Low Value / Dormant
CUS-008440,43,109.21,4591.63,Month-to-month,Medium,2,7,8,0,1,Low Value / Dormant
CUS-008441,59,78.65,4854.18,Month-to-month,Medium,9,38,54,1,1,Low Value / Dormant
CUS-008442,52,74.51,4063.83,One year,Medium,7,37,28,0,2,Mid Value / Moderate
CUS-008443,19,29.44,583.15,Month-to-month,Medium,8,83,58,1,0,High Value / Loyal
CUS-008444,21,20.85,457.22,Two year,Medium,5,32,1,1,3,New / At-Risk
CUS-008445,22,88.76,1975.22,Month-to-month,Medium,2,56,29,0,0,High Value / Loyal
CUS-008446,9,74.27,681.31,Two year,Medium,7,43,45,0,3,New / At-Risk
CUS-008447,9,123.48,1066.27,One year,High,2,67,54,0,0,High Value / Loyal
CUS-008448,27,90.55,2509.02,One year,High,6,99,3,0,0,High Value / Loyal
CUS-008449,17,141.77,2338.31,Month-to-month,Low,1,27,18,0,3,New / At-Risk
CUS-008450,44,45.5,2070.06,Two year,Medium,5,51,19,0,2,Mid Value / Moderate
CUS-008451,45,148.72,7001.25,One year,Medium,7,48,4,0,1,Low Value / Dormant
CUS-008452,8,58.73,456.32,One year,Low,2,72,8,1,0,High Value / Loyal
CUS-008453,18,103.52,1784.65,Month-to-month,Medium,8,53,19,1,0,High Value / Loyal
CUS-008454,33,85.24,2808.42,Two year,Low,8,83,56,0,0,High Value / Loyal
CUS-008455,1,66.74,68.69,Month-to-month,Medium,2,94,51,0,0,High Value / Loyal
CUS-008456,6,38.11,234.85,Two year,Low,2,48,48,0,0,High Value / Loyal
CUS-008457,41,37.53,1568.95,Month-to-month,Low,4,10,58,1,2,Mid Value / Moderate
CUS-008458,55,112.5,6385.69,One year,High,8,94,59,1,1,Low Value / Dormant
CUS-008459,5,69.09,334.24,Two year,Medium,0,9,58,1,3,New / At-Risk
CUS-008460,59,144.97,8683.11,Month-to-month,Low,0,86,15,1,1,Low Value / Dormant
CUS-008461,18,62.33,1133.87,One year,Medium,0,95,58,0,0,High Value / Loyal
CUS-008462,49,147.86,6993.96,Month-to-month,Low,3,46,48,1,1,Low Value / Dormant
CUS-008463,65,46.71,3009.85,Month-to-month,High,6,10,19,1,2,Mid Value / Moderate
CUS-008464,54,33.37,1865.27,One year,Medium,1,36,19,0,2,Mid Value / Moderate
CUS-008465,61,60.63,3873.18,Month-to-month,Medium,2,10,25,1,2,Mid Value / Moderate
CUS-008466,8,135.13,1098.89,Month-to-month,High,3,27,38,1,3,New / At-Risk
CUS-008467,3,87.84,274.64,Month-to-month,High,0,79,32,0,0,High Value / Loyal
CUS-008468,25,37.63,906.24,Month-to-month,Low,1,19,11,1,3,New / At-Risk
CUS-008469,69,46.32,3348.27,One year,Medium,1,11,20,1,2,Mid Value / Moderate
CUS-008470,55,60.46,3170.38,Month-to-month,Low,5,32,57,1,2,Mid Value / Moderate
CUS-008471,40,96.72,3879.41,One year,Low,3,20,55,0,3,New / At-Risk
CUS-008472,50,63.21,3094.41,Month-to-month,Medium,6,46,55,1,2,Mid Value / Moderate
CUS-008473,33,117.12,3986.18,Month-to-month,Medium,7,60,22,1,1,Low Value / Dormant
CUS-008474,18,100.12,1751.22,Month-to-month,Low,1,79,19,0,0,High Value / Loyal
CUS-008475,57,133.6,7243.06,Month-to-month,Medium,1,68,22,0,1,Low Value / Dormant
CUS-008476,16,85.13,1350.37,Month-to-month,Medium,4,17,48,0,3,New / At-Risk
CUS-008477,38,63.05,2291.57,Month-to-month,High,3,65,46,0,2,Mid Value / Moderate
CUS-008478,41,149.52,6001.45,Month-to-month,Low,9,57,5,0,1,Low Value / Dormant
CUS-008479,7,66.23,470.29,Month-to-month,Medium,1,19,44,1,3,New / At-Risk
CUS-008480,53,75.72,3930.69,Month-to-month,Medium,8,5,54,1,2,Mid Value / Moderate
CUS-008481,63,125.19,7686.27,One year,High,8,82,11,1,1,Low Value / Dormant
CUS-008482,32,31.52,973.98,One year,Low,9,81,34,1,0,High Value / Loyal
CUS-008483,38,70.24,2571.88,Month-to-month,Medium,3,55,7,0,2,Mid Value / Moderate
CUS-008484,22,31.14,686.9,Month-to-month,High,1,4,55,1,3,New / At-Risk
CUS-008485,16,38.11,620.82,Month-to-month,Medium,2,52,55,1,0,High Value / Loyal
CUS-008486,52,20.6,1066.31,One year,High,7,19,26,0,2,Mid Value / Moderate
CUS-008487,29,21.24,592.8,One year,Medium,7,31,15,0,2,Mid Value / Moderate
CUS-008488,16,69.44,1127.41,Month-to-month,Low,6,3,46,1,3,New / At-Risk
CUS-008489,17,125.19,2140.41,Month-to-month,Low,3,67,52,0,0,High Value / Loyal
CUS-008490,64,96.31,6090.7,Two year,High,0,29,31,1,1,Low Value / Dormant
CUS-008491,13,102.54,1310.35,Month-to-month,Medium,9,53,28,1,0,High Value / Loyal
CUS-008492,56,87.5,4744.88,Month-to-month,Medium,8,8,6,0,1,Low Value / Dormant
CUS-008493,5,126.57,610.48,Month-to-month,High,6,5,15,0,3,New / At-Risk
CUS-008494,12,134.45,1587.38,Month-to-month,Medium,0,64,52,0,0,High Value / Loyal
CUS-008495,41,130.47,5103.93,Month-to-month,Medium,4,95,28,1,1,Low Value / Dormant
CUS-008496,3,125.58,374.34,Month-to-month,Medium,2,27,55,0,3,New / At-Risk
CUS-008497,33,43.75,1458.5,One year,Low,1,33,24,1,2,Mid Value / Moderate
CUS-008498,50,97.2,5074.85,Month-to-month,High,2,58,42,0,1,Low Value / Dormant
CUS-008499,56,95.68,5425.57,Two year,High,5,62,35,1,1,Low Value / Dormant
CUS-008500,9,88.63,807.59,Month-to-month,Low,6,82,47,1,0,High Value / Loyal
CUS-008501,50,82.51,4073.48,One year,Medium,9,88,3,0,2,Mid Value / Moderate
CUS-008502,29,31.59,882.58,Month-to-month,High,8,26,26,0,3,New / At-Risk
CUS-008503,39,33.28,1291.08,Month-to-month,Medium,9,95,22,1,0,High Value / Loyal
CUS-008504,45,137.3,6239.31,Two year,Medium,6,14,22,1,1,Low Value / Dormant
CUS-008505,17,101.92,1771.53,Month-to-month,Medium,0,89,59,1,0,High Value / Loyal
CUS-008506,56,54.1,3128.46,Two year,High,6,32,29,0,2,Mid Value / Moderate
CUS-008507,46,56.31,2527.0,One year,Low,0,41,42,0,2,Mid Value / Moderate
CUS-008508,67,99.33,6482.58,One year,High,7,14,23,0,1,Low Value / Dormant
CUS-008509,69,72.9,5063.05,Month-to-month,Low,1,48,47,0,2,Mid Value / Moderate
CUS-008510,14,77.37,1090.36,One year,Low,1,48,15,0,3,New / At-Risk
CUS-008511,67,27.88,1815.57,Month-to-month,Medium,0,91,6,0,2,Mid Value / Moderate
CUS-008512,23,38.04,882.48,Two year,Medium,8,86,22,0,0,High Value / Loyal
CUS-008513,61,71.14,4272.39,One year,High,7,38,37,1,2,Mid Value / Moderate
CUS-008514,23,110.96,2587.62,Month-to-month,Medium,8,7,30,1,3,New / At-Risk
CUS-008515,27,26.24,693.76,Two year,Medium,7,33,53,0,2,Mid Value / Moderate
CUS-008516,54,63.49,3460.24,Month-to-month,Medium,3,97,41,1,2,Mid Value / Moderate
CUS-008517,10,110.36,1133.2,Two year,High,8,24,18,1,3,New / At-Risk
CUS-008518,16,122.97,2061.94,One year,High,7,26,51,0,3,New / At-Risk
CUS-008519,41,44.73,1909.26,Month-to-month,Medium,0,50,46,0,2,Mid Value / Moderate
CUS-008520,55,115.09,6332.37,One year,Medium,9,42,57,1,1,Low Value / Dormant
CUS-008521,61,144.2,8786.17,One year,Medium,4,95,3,1,1,Low Value / Dormant
CUS-008522,49,137.89,6714.3,One year,High,8,91,56,1,1,Low Value / Dormant
CUS-008523,52,122.62,6075.07,Month-to-month,Low,7,13,5,1,1,Low Value / Dormant
CUS-008524,2,112.6,217.68,Month-to-month,Low,0,31,59,0,3,New / At-Risk
CUS-008525,50,50.57,2416.94,Month-to-month,Medium,5,96,57,0,2,Mid Value / Moderate
CUS-008526,43,102.41,4489.98,Two year,Low,5,23,18,0,1,Low Value / Dormant
CUS-008527,8,103.63,821.81,Month-to-month,Medium,1,37,59,1,3,New / At-Risk
CUS-008528,59,72.89,4112.73,Two year,Medium,1,59,26,0,2,Mid Value / Moderate
CUS-008529,65,84.09,5570.15,Month-to-month,Low,0,58,51,1,1,Low Value / Dormant
CUS-008530,12,110.22,1341.79,Month-to-month,Low,5,16,28,1,3,New / At-Risk
CUS-008531,4,143.77,587.74,Month-to-month,Medium,8,39,53,1,3,New / At-Risk
CUS-008532,41,58.39,2417.88,Two year,Medium,7,72,11,0,2,Mid Value / Moderate
CUS-008533,7,52.03,351.86,Month-to-month,Medium,4,82,37,0,0,High Value / Loyal
CUS-008534,69,98.23,6480.91,Month-to-month,Medium,7,91,12,0,1,Low Value / Dormant
CUS-008535,69,37.0,2634.24,Two year,Medium,1,9,59,0,2,Mid Value / Moderate
CUS-008536,30,95.73,2790.26,One year,Low,5,64,27,0,0,High Value / Loyal
CUS-008537,6,31.55,190.11,Two year,Medium,1,92,4,0,0,High Value / Loyal
CUS-008538,19,83.78,1589.39,Two year,High,7,22,45,1,3,New / At-Risk
CUS-008539,66,100.65,6922.87,Two year,Medium,1,75,45,0,1,Low Value / Dormant
CUS-008540,10,29.11,292.67,One year,Medium,4,54,16,0,0,High Value / Loyal
CUS-008541,16,46.9,756.47,One year,Medium,6,22,26,1,3,New / At-Risk
CUS-008542,37,63.6,2310.68,One year,Low,6,14,25,0,3,New / At-Risk
CUS-008543,32,67.92,2273.06,Month-to-month,Medium,3,87,53,0,0,High Value / Loyal
CUS-008544,47,107.89,5127.98,One year,High,7,66,3,0,1,Low Value / Dormant
CUS-008545,43,88.77,3628.27,Month-to-month,Medium,6,79,7,0,0,High Value / Loyal
CUS-008546,36,69.67,2522.33,Two year,Medium,9,50,25,0,2,Mid Value / Moderate
CUS-008547,26,78.59,2015.47,One year,Low,4,5,32,0,3,New / At-Risk
CUS-008548,10,21.69,206.72,Two year,Low,3,93,11,1,0,High Value / Loyal
CUS-008549,31,120.17,3699.72,Month-to-month,High,1,97,12,0,0,High Value / Loyal
CUS-008550,29,25.33,754.68,One year,High,1,94,20,0,0,High Value / Loyal
CUS-008551,5,127.81,639.3,One year,High,3,17,51,0,3,New / At-Risk
CUS-008552,1,90.33,91.59,Two year,Medium,7,1,36,0,3,New / At-Risk
CUS-008553,3,88.62,269.56,Month-to-month,Medium,5,14,24,0,3,New / At-Risk
CUS-008554,67,111.6,7604.75,Month-to-month,Medium,8,55,38,0,1,Low Value / Dormant
CUS-008555,71,131.74,9248.59,One year,High,1,17,2,0,1,Low Value / Dormant
CUS-008556,35,142.54,4924.18,One year,Medium,6,9,18,0,1,Low Value / Dormant
CUS-008557,15,90.64,1292.22,Month-to-month,High,0,99,6,0,0,High Value / Loyal
CUS-008558,67,39.59,2560.52,Two year,High,1,95,16,0,2,Mid Value / Moderate
CUS-008559,30,134.22,4208.19,Month-to-month,Medium,8,12,12,1,3,New / At-Risk
CUS-008560,43,25.29,1124.59,One year,Medium,7,66,23,1,2,Mid Value / Moderate
CUS-008561,60,124.95,7328.62,Month-to-month,High,8,15,50,0,1,Low Value / Dormant
CUS-008562,40,108.45,4295.33,Month-to-month,High,6,34,44,1,1,Low Value / Dormant
CUS-008563,65,137.61,9338.46,Two year,Medium,9,37,7,0,1,Low Value / Dormant
CUS-008564,29,136.67,3864.53,Month-to-month,Low,8,53,7,1,1,Low Value / Dormant
CUS-008565,19,26.91,512.95,Two year,Medium,3,41,44,0,3,New / At-Risk
CUS-008566,3,99.23,283.46,Two year,Medium,2,94,1,0,0,High Value / Loyal
CUS-008567,36,36.21,1319.07,Two year,High,3,78,29,0,2,Mid Value / Moderate
CUS-008568,43,30.2,1354.49,Month-to-month,High,4,4,2,0,2,Mid Value / Moderate
CUS-008569,15,78.28,1219.31,Two year,Medium,9,8,44,1,3,New / At-Risk
CUS-008570,41,32.69,1340.46,Month-to-month,High,3,87,25,1,2,Mid Value / Moderate
CUS-008571,36,114.63,4188.33,Month-to-month,Medium,3,71,16,1,1,Low Value / Dormant
CUS-008572,33,145.96,4850.38,Month-to-month,Medium,6,17,37,1,1,Low Value / Dormant
CUS-008573,5,94.05,449.87,Month-to-month,Low,3,22,2,1,3,New / At-Risk
CUS-008574,14,50.57,683.84,Two year,High,3,90,56,1,0,High Value / Loyal
CUS-008575,68,129.62,9222.75,One year,Medium,8,8,32,1,1,Low Value / Dormant
CUS-008576,47,130.9,6002.32,Two year,Low,8,22,29,1,1,Low Value / Dormant
CUS-008577,54,115.26,6152.24,Month-to-month,High,4,40,14,0,1,Low Value / Dormant
CUS-008578,4,99.97,400.23,Two year,High,8,22,7,1,3,New / At-Risk
CUS-008579,9,132.81,1252.59,Month-to-month,Low,1,5,29,0,3,New / At-Risk
CUS-008580,53,41.23,2226.59,Two year,Medium,4,9,22,1,2,Mid Value / Moderate
CUS-008581,60,141.11,8576.21,Two year,High,6,60,11,0,1,Low Value / Dormant
CUS-008582,46,143.14,6600.34,Month-to-month,High,7,20,38,0,1,Low Value / Dormant
CUS-008583,54,133.36,7345.9,One year,High,4,86,58,0,1,Low Value / Dormant
CUS-008584,37,52.59,1977.6,One year,Medium,8,34,47,1,2,Mid Value / Moderate
CUS-008585,23,131.56,3147.85,Month-to-month,Medium,2,99,7,0,0,High Value / Loyal
CUS-008586,27,84.69,2296.28,Month-to-month,Medium,7,36,8,0,3,New / At-Risk
CUS-008587,70,97.34,6760.38,Two year,Medium,8,83,7,0,1,Low Value / Dormant
CUS-008588,66,129.28,8794.43,Month-to-month,High,6,92,37,0,1,Low Value / Dormant
CUS-008589,61,23.85,1498.2,Month-to-month,Medium,4,71,32,0,2,Mid Value / Moderate
CUS-008590,51,67.18,3313.19,Month-to-month,Low,8,38,47,1,2,Mid Value / Moderate
CUS-008591,50,126.04,6136.13,One year,Medium,7,67,32,0,1,Low Value / Dormant
CUS-008592,19,125.81,2500.1,Month-to-month,Medium,7,32,44,1,3,New / At-Risk
CUS-008593,1,130.33,129.6,One year,Medium,5,46,10,0,3,New / At-Risk
CUS-008594,40,42.0,1683.23,One year,Medium,1,95,22,0,0,High Value / Loyal
CUS-008595,32,111.77,3508.59,Month-to-month,Medium,3,25,42,1,3,New / At-Risk
CUS-008596,22,39.05,857.37,Month-to-month,Low,0,64,50,0,0,High Value / Loyal
CUS-008597,66,122.06,8252.19,One year,High,9,33,50,0,1,Low Value / Dormant
CUS-008598,40,51.87,2070.99,Two year,Low,4,47,42,0,2,Mid Value / Moderate
CUS-008599,38,115.92,4323.24,One year,Low,9,69,24,0,1,Low Value / Dormant
CUS-008600,48,79.15,3645.72,Two year,Medium,0,29,14,1,2,Mid Value / Moderate
CUS-008601,55,148.21,8500.89,Month-to-month,High,5,59,9,0,1,Low Value / Dormant
CUS-008602,55,95.39,5441.22,One year,Low,9,31,19,1,1,Low Value / Dormant
CUS-008603,51,102.24,5365.92,Month-to-month,Low,7,26,15,1,1,Low Value / Dormant
CUS-008604,60,67.86,4150.69,One year,Medium,9,63,34,0,2,Mid Value / Moderate
CUS-008605,8,115.49,925.33,One year,Medium,0,58,33,0,0,High Value / Loyal
CUS-008606,68,84.34,5962.69,Two year,High,5,85,20,0,1,Low Value / Dormant
CUS-008607,9,22.35,207.01,Two year,Medium,3,98,56,0,0,High Value / Loyal
CUS-008608,2,99.12,204.5,Two year,High,8,49,45,1,3,New / At-Risk
CUS-008609,70,127.96,8786.59,Month-to-month,Medium,7,65,46,1,1,Low Value / Dormant
CUS-008610,59,50.78,2973.34,Month-to-month,Medium,3,59,59,0,2,Mid Value / Moderate
CUS-008611,19,48.74,945.18,Month-to-month,High,1,62,55,0,0,High Value / Loyal
CUS-008612,28,99.16,2740.55,Month-to-month,Low,5,68,39,0,0,High Value / Loyal
CUS-008613,14,126.34,1767.66,Month-to-month,Low,2,47,0,1,3,New / At-Risk
CUS-008614,24,52.45,1277.26,One year,Medium,0,22,24,0,3,New / At-Risk
CUS-008615,44,141.19,6173.87,Two year,Medium,6,80,55,1,1,Low Value / Dormant
CUS-008616,56,140.56,8102.04,One year,Medium,3,64,45,0,1,Low Value / Dormant
CUS-008617,51,46.07,2259.4,Two year,Low,8,46,58,0,2,Mid Value / Moderate
CUS-008618,32,54.29,1775.23,Two year,Medium,9,59,13,1,2,Mid Value / Moderate
CUS-008619,50,111.08,5356.85,Month-to-month,Medium,9,32,18,1,1,Low Value / Dormant
CUS-008620,41,143.73,6150.74,Two year,High,2,98,7,0,1,Low Value / Dormant
CUS-008621,66,112.28,7272.98,Month-to-month,Medium,9,85,40,0,1,Low Value / Dormant
CUS-008622,25,77.84,2003.41,Month-to-month,Medium,9,91,14,0,0,High Value / Loyal
CUS-008623,61,41.97,2565.66,Month-to-month,Medium,9,37,43,1,2,Mid Value / Moderate
CUS-008624,66,79.93,5059.74,Month-to-month,Medium,0,67,17,0,1,Low Value / Dormant
CUS-008625,42,98.88,4187.25,Month-to-month,Medium,1,52,0,1,1,Low Value / Dormant
CUS-008626,65,63.02,4265.39,Month-to-month,Medium,3,43,46,0,2,Mid Value / Moderate
CUS-008627,36,86.33,3001.47,Two year,High,6,34,32,0,3,New / At-Risk
CUS-008628,9,36.93,326.41,Two year,Medium,7,61,0,0,0,High Value / Loyal
CUS-008629,36,78.78,2818.98,One year,Medium,3,71,52,1,0,High Value / Loyal
CUS-008630,38,31.8,1181.25,One year,Medium,2,93,33,1,0,High Value / Loyal
CUS-008631,33,26.38,909.23,Month-to-month,High,9,67,3,0,2,Mid Value / Moderate
CUS-008632,42,131.44,5452.9,One year,Medium,8,45,16,0,1,Low Value / Dormant
CUS-008633,61,46.66,2891.29,Month-to-month,High,7,41,1,1,2,Mid Value / Moderate
CUS-008634,46,94.77,4239.07,Month-to-month,Medium,5,52,38,0,1,Low Value / Dormant
CUS-008635,61,39.37,2334.12,Month-to-month,Low,8,66,56,0,2,Mid Value / Moderate
CUS-008636,18,54.13,942.73,One year,Medium,7,12,53,1,3,New / At-Risk
CUS-008637,70,66.97,4657.63,One year,High,6,15,9,1,2,Mid Value / Moderate
CUS-008638,15,38.68,582.08,Month-to-month,High,5,16,41,1,3,New / At-Risk
CUS-008639,48,25.98,1185.8,Month-to-month,Medium,9,3,44,1,2,Mid Value / Moderate
CUS-008640,13,134.03,1800.41,One year,Medium,2,27,36,1,3,New / At-Risk
CUS-008641,43,21.54,927.33,One year,Medium,5,23,25,0,2,Mid Value / Moderate
CUS-008642,60,27.97,1620.77,Month-to-month,Medium,3,64,26,0,2,Mid Value / Moderate
CUS-008643,57,124.66,6798.12,Month-to-month,Medium,4,33,38,1,1,Low Value / Dormant
CUS-008644,71,56.66,3847.21,Month-to-month,Medium,6,48,24,1,2,Mid Value / Moderate
CUS-008645,17,113.97,1890.48,Month-to-month,High,6,91,28,1,0,High Value / Loyal
CUS-008646,50,39.01,1950.33,One year,Low,8,88,45,0,2,Mid Value / Moderate
CUS-008647,32,50.85,1685.71,One year,Medium,8,55,17,0,2,Mid Value / Moderate
CUS-008648,22,94.46,2161.88,One year,Medium,5,27,21,0,3,New / At-Risk
CUS-008649,55,148.52,8440.22,Month-to-month,High,5,47,50,1,1,Low Value / Dormant
CUS-008650,57,29.55,1655.35,One year,Medium,1,31,25,0,2,Mid Value / Moderate
CUS-008651,13,72.07,918.81,Month-to-month,Low,7,79,59,1,0,High Value / Loyal
CUS-008652,47,25.6,1261.88,Month-to-month,Medium,2,35,25,0,2,Mid Value / Moderate
CUS-008653,62,45.9,2897.35,Month-to-month,High,0,36,51,1,2,Mid Value / Moderate
CUS-008654,54,137.97,7305.13,Two year,High,3,24,20,0,1,Low Value / Dormant
CUS-008655,29,32.54,927.53,One year,High,4,17,20,0,3,New / At-Risk
CUS-008656,22,131.39,2871.72,Month-to-month,Medium,2,45,41,1,3,New / At-Risk
CUS-008657,65,43.11,2836.57,One year,Low,6,98,7,1,2,Mid Value / Moderate
CUS-008658,29,132.03,3981.31,Month-to-month,High,4,62,52,0,1,Low Value / Dormant
CUS-008659,48,89.94,4187.01,One year,High,9,1,1,1,3,New / At-Risk
CUS-008660,5,134.17,642.95,Two year,Low,4,20,45,1,3,New / At-Risk
CUS-008661,35,39.72,1377.15,Month-to-month,Low,5,70,33,1,2,Mid Value / Moderate
CUS-008662,71,119.06,8238.42,Month-to-month,Medium,5,69,11,0,1,Low Value / Dormant
CUS-008663,46,108.49,5028.52,Month-to-month,High,8,64,48,1,1,Low Value / Dormant
CUS-008664,35,90.58,3233.5,One year,Low,2,93,17,1,0,High Value / Loyal
CUS-008665,45,125.38,5535.15,Month-to-month,High,7,70,16,0,1,Low Value / Dormant
CUS-008666,13,104.28,1380.73,Month-to-month,Low,6,50,14,1,3,New / At-Risk
CUS-008667,10,134.02,1319.14,Month-to-month,Low,8,53,2,1,3,New / At-Risk
CUS-008668,66,69.54,4651.46,Month-to-month,High,4,97,20,1,2,Mid Value / Moderate
CUS-008669,70,96.69,6858.36,One year,High,6,38,18,1,1,Low Value / Dormant
CUS-008670,25,133.18,3255.59,One year,Medium,7,52,58,0,3,New / At-Risk
CUS-008671,44,47.93,2137.36,One year,Low,8,93,54,0,2,Mid Value / Moderate
CUS-008672,60,83.15,4929.39,Month-to-month,Medium,7,61,57,1,1,Low Value / Dormant
CUS-008673,47,144.9,6698.76,One year,Low,1,74,31,0,1,Low Value / Dormant
CUS-008674,40,81.57,3193.98,Month-to-month,Medium,5,96,10,1,0,High Value / Loyal
CUS-008675,7,52.87,364.36,Month-to-month,Medium,3,25,17,0,3,New / At-Risk
CUS-008676,46,65.64,3106.02,Month-to-month,Medium,3,92,52,0,2,Mid Value / Moderate
CUS-008677,23,135.06,3027.24,Two year,Medium,8,29,28,1,3,New / At-Risk
CUS-008678,46,144.13,6750.86,One year,Medium,6,35,2,0,1,Low Value / Dormant
CUS-008679,13,143.51,1940.42,One year,High,5,47,49,0,3,New / At-Risk
CUS-008680,21,110.86,2293.29,Two year,Medium,1,57,3,0,0,High Value / Loyal
CUS-008681,1,86.25,82.19,Two year,Medium,0,32,27,0,3,New / At-Risk
CUS-008682,19,43.75,791.72,Month-to-month,Medium,9,46,8,1,3,New / At-Risk
CUS-008683,60,36.02,2083.22,Month-to-month,Medium,3,36,56,0,2,Mid Value / Moderate
CUS-008684,33,27.77,880.66,Month-to-month,High,8,71,37,0,2,Mid Value / Moderate
CUS-008685,4,22.3,91.42,Month-to-month,High,3,10,6,0,3,New / At-Risk
CUS-008686,3,134.16,394.21,Two year,Medium,1,46,0,0,3,New / At-Risk
CUS-008687,52,125.18,6608.7,Two year,Medium,7,98,34,1,1,Low Value / Dormant
CUS-008688,28,93.82,2506.68,Month-to-month,High,5,97,46,1,0,High Value / Loyal
CUS-008689,70,149.83,10274.15,Month-to-month,High,0,26,33,1,1,Low Value / Dormant
CUS-008690,70,143.9,9804.99,Month-to-month,Medium,3,48,8,0,1,Low Value / Dormant
CUS-008691,55,105.16,5654.98,Month-to-month,High,9,48,25,0,1,Low Value / Dormant
CUS-008692,57,80.39,4440.77,One year,Medium,4,13,7,1,2,Mid Value / Moderate
CUS-008693,16,39.78,644.02,Month-to-month,Medium,0,30,18,0,3,New / At-Risk
CUS-008694,24,87.03,2122.63,Month-to-month,Low,1,96,25,0,0,High Value / Loyal
CUS-008695,69,40.51,2696.71,Month-to-month,Medium,8,97,45,0,2,Mid Value / Moderate
CUS-008696,41,71.8,3014.73,Two year,Medium,0,70,55,0,2,Mid Value / Moderate
CUS-008697,47,142.54,6532.12,Month-to-month,High,7,66,9,1,1,Low Value / Dormant
CUS-008698,69,64.46,4351.01,Month-to-month,Low,8,7,55,1,2,Mid Value / Moderate
CUS-008699,31,39.86,1276.36,One year,Medium,1,56,42,0,2,Mid Value / Moderate
CUS-008700,30,95.71,2986.54,Month-to-month,Medium,1,30,29,1,3,New / At-Risk
CUS-008701,18,98.31,1827.0,One year,High,6,55,39,0,0,High Value / Loyal
CUS-008702,44,45.19,1918.52,Month-to-month,Medium,9,90,35,1,2,Mid Value / Moderate
CUS-008703,27,45.56,1291.43,Two year,Medium,8,89,54,0,0,High Value / Loyal
CUS-008704,26,148.64,3931.21,Month-to-month,Medium,9,33,57,1,1,Low Value / Dormant
CUS-008705,60,51.63,3100.9,Month-to-month,Low,8,42,30,1,2,Mid Value / Moderate
CUS-008706,18,128.96,2426.95,Month-to-month,High,2,6,7,1,3,New / At-Risk
CUS-008707,56,81.14,4688.17,Two year,Low,6,8,41,1,2,Mid Value / Moderate
CUS-008708,31,76.55,2418.51,One year,Medium,5,73,46,0,0,High Value / Loyal
CUS-008709,59,58.35,3558.85,Month-to-month,Medium,7,75,12,0,2,Mid Value / Moderate
CUS-008710,2,120.6,238.43,Month-to-month,Low,7,88,36,1,0,High Value / Loyal
CUS-008711,39,134.49,5341.69,One year,Medium,7,70,29,1,1,Low Value / Dormant
CUS-008712,61,53.95,3188.92,One year,Medium,7,40,56,0,2,Mid Value / Moderate
CUS-008713,63,32.36,2138.34,One year,Low,9,56,14,0,2,Mid Value / Moderate
CUS-008714,18,37.8,686.45,Month-to-month,High,5,80,56,1,0,High Value / Loyal
CUS-008715,17,123.06,2157.84,One year,Medium,8,17,34,1,3,New / At-Risk
CUS-008716,39,76.66,2961.94,Month-to-month,Medium,4,88,2,1,0,High Value / Loyal
CUS-008717,71,37.15,2705.78,Two year,Low,3,7,28,0,2,Mid Value / Moderate
CUS-008718,54,64.24,3429.76,Two year,Medium,6,40,23,0,2,Mid Value / Moderate
CUS-008719,35,86.85,3067.13,One year,Medium,2,58,44,0,0,High Value / Loyal
CUS-008720,11,130.77,1478.44,Two year,High,7,62,22,0,0,High Value / Loyal
CUS-008721,61,103.43,6067.06,Month-to-month,Medium,7,91,8,1,1,Low Value / Dormant
CUS-008722,44,42.88,1859.88,One year,Medium,4,74,1,1,2,Mid Value / Moderate
CUS-008723,68,40.63,2775.35,Month-to-month,Medium,9,54,14,1,2,Mid Value / Moderate
CUS-008724,25,73.6,1809.54,Two year,Medium,7,9,31,0,3,New / At-Risk
CUS-008725,48,29.78,1401.93,Month-to-month,High,2,51,17,0,2,Mid Value / Moderate
CUS-008726,32,118.23,3700.6,One year,High,2,10,54,0,3,New / At-Risk
CUS-008727,4,72.19,280.9,Two year,High,3,49,28,0,3,New / At-Risk
CUS-008728,38,64.59,2540.18,One year,High,8,30,39,0,2,Mid Value / Moderate
CUS-008729,63,86.18,5659.64,Month-to-month,Medium,4,9,2,0,1,Low Value / Dormant
CUS-008730,47,112.16,5377.25,Month-to-month,Medium,5,46,32,0,1,Low Value / Dormant
CUS-008731,1,94.02,89.6,Month-to-month,Medium,3,26,57,0,3,New / At-Risk
CUS-008732,3,124.31,383.61,Month-to-month,Medium,8,64,6,1,0,High Value / Loyal
CUS-008733,62,101.82,6332.82,Month-to-month,Low,3,34,29,0,1,Low Value / Dormant
CUS-008734,64,122.44,8038.17,Month-to-month,Medium,2,99,26,0,1,Low Value / Dormant
CUS-008735,17,110.58,1868.11,Month-to-month,High,1,27,37,0,3,New / At-Risk
CUS-008736,62,45.11,2668.29,Month-to-month,High,2,84,28,1,2,Mid Value / Moderate
CUS-008737,35,26.81,955.26,Month-to-month,Medium,0,88,30,1,0,High Value / Loyal
CUS-008738,13,137.44,1776.76,One year,Medium,7,27,0,0,3,New / At-Risk
CUS-008739,35,142.94,5189.86,Month-to-month,Medium,0,41,40,1,1,Low Value / Dormant
CUS-008740,43,114.5,5040.8,Month-to-month,Medium,5,83,42,1,1,Low Value / Dormant
CUS-008741,2,114.15,225.09,Month-to-month,Low,1,18,26,1,3,New / At-Risk
CUS-008742,56,55.12,3155.84,Two year,Low,2,50,26,0,2,Mid Value / Moderate
CUS-008743,51,90.52,4614.18,Two year,Medium,8,43,53,0,1,Low Value / Dormant
CUS-008744,54,148.99,7803.71,One year,Medium,8,41,28,1,1,Low Value / Dormant
CUS-008745,16,131.3,2083.95,Two year,Low,5,76,4,1,0,High Value / Loyal
CUS-008746,18,59.57,1042.53,Month-to-month,Medium,6,18,2,1,3,New / At-Risk
CUS-008747,7,59.14,393.46,Month-to-month,Medium,4,61,28,1,0,High Value / Loyal
CUS-008748,45,82.87,3634.51,Month-to-month,Medium,6,72,40,0,2,Mid Value / Moderate
CUS-008749,36,72.6,2537.6,Month-to-month,High,5,53,38,1,2,Mid Value / Moderate
CUS-008750,41,68.25,2659.55,One year,Medium,4,80,51,0,0,High Value / Loyal
CUS-008751,42,101.51,4384.31,Month-to-month,Medium,2,53,12,1,1,Low Value / Dormant
CUS-008752,7,21.49,144.09,One year,Medium,1,13,32,0,3,New / At-Risk
CUS-008753,15,119.23,1779.4,One year,Medium,4,26,59,1,3,New / At-Risk
CUS-008754,60,116.21,6915.16,Month-to-month,Medium,7,90,19,1,1,Low Value / Dormant
CUS-008755,40,127.94,4954.65,Month-to-month,High,4,56,2,0,1,Low Value / Dormant
CUS-008756,37,129.39,5010.89,Month-to-month,High,2,85,5,0,1,Low Value / Dormant
CUS-008757,66,93.63,6243.81,One year,Low,9,61,42,1,1,Low Value / Dormant
CUS-008758,55,121.41,6886.88,Two year,High,2,50,16,1,1,Low Value / Dormant
CUS-008759,56,84.01,4702.82,One year,High,4,21,58,0,1,Low Value / Dormant
CUS-008760,44,143.7,6463.63,Month-to-month,High,8,8,46,1,1,Low Value / Dormant
CUS-008761,57,44.79,2673.01,Month-to-month,Medium,7,97,3,0,2,Mid Value / Moderate
CUS-008762,6,139.03,821.54,Two year,High,6,70,32,1,0,High Value / Loyal
CUS-008763,32,53.61,1716.22,Month-to-month,Medium,4,64,32,0,0,High Value / Loyal
CUS-008764,18,33.35,601.25,Month-to-month,Medium,8,50,5,1,0,High Value / Loyal
CUS-008765,68,77.08,5499.57,One year,High,1,2,53,0,1,Low Value / Dormant
CUS-008766,7,99.94,680.9,Month-to-month,Medium,5,72,40,1,0,High Value / Loyal
CUS-008767,8,50.03,407.25,Two year,Medium,6,70,13,0,0,High Value / Loyal
CUS-008768,64,92.25,5690.63,One year,High,6,6,45,0,1,Low Value / Dormant
CUS-008769,7,125.03,912.56,Two year,High,3,22,58,0,3,New / At-Risk
CUS-008770,41,53.42,2210.06,One year,High,1,89,6,0,0,High Value / Loyal
CUS-008771,40,95.44,3954.89,One year,High,0,46,5,0,1,Low Value / Dormant
CUS-008772,3,64.11,199.93,Two year,Medium,0,95,50,0,0,High Value / Loyal
CUS-008773,17,88.87,1519.42,One year,Medium,2,61,2,0,0,High Value / Loyal
CUS-008774,66,106.7,7170.34,Month-to-month,High,6,35,36,1,1,Low Value / Dormant
CUS-008775,52,65.55,3476.6,Month-to-month,Low,4,62,21,1,2,Mid Value / Moderate
CUS-008776,22,149.28,3271.24,Month-to-month,High,6,69,37,1,0,High Value / Loyal
CUS-008777,4,93.29,370.73,Month-to-month,Medium,8,86,7,1,0,High Value / Loyal
CUS-008778,6,127.18,739.13,Month-to-month,High,7,57,23,0,0,High Value / Loyal
CUS-008779,38,114.27,4291.76,Month-to-month,Medium,0,25,12,0,1,Low Value / Dormant
CUS-008780,26,130.86,3569.46,Month-to-month,Low,3,82,12,1,0,High Value / Loyal
CUS-008781,11,42.59,457.75,Month-to-month,High,4,73,0,0,0,High Value / Loyal
CUS-008782,17,48.93,853.67,Two year,Medium,6,25,50,0,3,New / At-Risk
CUS-008783,31,83.36,2470.39,One year,Low,7,93,52,1,0,High Value / Loyal
CUS-008784,35,130.8,4563.2,One year,Low,7,33,40,1,1,Low Value / Dormant
CUS-008785,16,45.69,698.74,Month-to-month,Medium,3,8,35,1,3,New / At-Risk
CUS-008786,18,146.24,2625.92,Month-to-month,Medium,6,13,31,1,3,New / At-Risk
CUS-008787,62,36.59,2161.3,Month-to-month,High,1,61,4,1,2,Mid Value / Moderate
CUS-008788,27,42.76,1167.6,Month-to-month,Medium,8,8,48,1,3,New / At-Risk
CUS-008789,35,41.74,1473.55,Month-to-month,Medium,5,27,6,1,2,Mid Value / Moderate
CUS-008790,45,96.18,4457.05,Two year,Medium,3,54,49,0,1,Low Value / Dormant
CUS-008791,35,139.28,4915.41,One year,Medium,5,3,44,1,1,Low Value / Dormant
CUS-008792,28,53.16,1552.02,Month-to-month,Low,6,33,31,1,3,New / At-Risk
CUS-008793,9,91.89,850.47,Two year,Medium,9,95,27,1,0,High Value / Loyal
CUS-008794,15,42.85,619.15,One year,Medium,7,28,32,0,3,New / At-Risk
CUS-008795,21,102.05,2092.74,One year,Medium,3,85,45,0,0,High Value / Loyal
CUS-008796,52,36.02,1784.4,Month-to-month,High,8,52,13,1,2,Mid Value / Moderate
CUS-008797,35,83.87,2902.04,Two year,Medium,5,29,12,0,3,New / At-Risk
CUS-008798,51,105.17,5368.97,Month-to-month,High,0,93,28,0,1,Low Value / Dormant
CUS-008799,55,95.29,5474.47,Month-to-month,Medium,2,61,49,0,1,Low Value / Dormant
CUS-008800,44,38.2,1684.55,One year,Medium,0,73,39,0,2,Mid Value / Moderate
CUS-008801,65,40.98,2738.46,Month-to-month,Low,5,61,0,0,2,Mid Value / Moderate
CUS-008802,25,107.28,2619.8,Two year,Low,5,22,46,0,3,New / At-Risk
CUS-008803,47,125.16,5678.41,Two year,Medium,6,72,48,0,1,Low Value / Dormant
CUS-008804,56,138.05,7971.08,Month-to-month,Medium,0,57,48,0,1,Low Value / Dormant
CUS-008805,38,125.77,4658.53,Month-to-month,High,0,45,26,0,1,Low Value / Dormant
CUS-008806,11,146.61,1672.6,Month-to-month,Medium,4,81,29,0,0,High Value / Loyal
CUS-008807,67,73.07,4734.24,Month-to-month,High,4,87,33,0,2,Mid Value / Moderate
CUS-008808,15,63.05,979.03,Month-to-month,High,0,30,45,0,3,New / At-Risk
CUS-008809,1,23.66,24.31,Month-to-month,High,6,79,0,0,0,High Value / Loyal
CUS-008810,7,78.49,555.52,Month-to-month,Medium,6,14,33,1,3,New / At-Risk
CUS-008811,1,104.68,108.34,One year,Medium,5,89,58,0,0,High Value / Loyal
CUS-008812,49,126.0,6069.63,Month-to-month,Medium,6,80,6,0,1,Low Value / Dormant
CUS-008813,29,54.77,1535.26,Two year,High,5,48,0,0,2,Mid Value / Moderate
CUS-008814,26,86.77,2178.57,Month-to-month,Medium,9,18,41,0,3,New / At-Risk
CUS-008815,45,106.06,4663.15,One year,Low,1,32,17,1,1,Low Value / Dormant
CUS-008816,71,91.71,6476.28,One year,Medium,4,38,34,0,1,Low Value / Dormant
CUS-008817,12,55.62,692.57,Month-to-month,Medium,6,53,49,1,0,High Value / Loyal
CUS-008818,32,123.52,3790.3,One year,Medium,1,15,18,0,3,New / At-Risk
CUS-008819,20,42.54,886.06,One year,Medium,4,37,12,0,3,New / At-Risk
CUS-008820,51,137.65,7318.71,One year,High,2,49,22,0,1,Low Value / Dormant
CUS-008821,36,143.84,5295.82,Month-to-month,Medium,8,33,1,1,1,Low Value / Dormant
CUS-008822,67,67.52,4705.24,One year,Medium,9,13,2,0,2,Mid Value / Moderate
CUS-008823,1,68.9,70.76,One year,Low,0,71,21,0,0,High Value / Loyal
CUS-008824,27,116.63,3157.82,One year,Medium,6,64,35,1,0,High Value / Loyal
CUS-008825,40,79.32,3204.67,Two year,Low,9,19,48,1,3,New / At-Risk
CUS-008826,14,23.72,336.33,Month-to-month,Medium,3,85,7,1,0,High Value / Loyal
CUS-008827,69,139.58,9271.94,Month-to-month,High,4,56,22,0,1,Low Value / Dormant
CUS-008828,6,76.0,441.99,Month-to-month,Medium,0,37,7,1,3,New / At-Risk
CUS-008829,33,46.45,1536.58,Month-to-month,Low,4,58,56,1,2,Mid Value / Moderate
CUS-008830,55,92.24,4877.8,Month-to-month,High,7,9,24,0,1,Low Value / Dormant
CUS-008831,19,48.46,963.51,Month-to-month,Medium,5,4,34,0,3,New / At-Risk
CUS-008832,29,46.78,1357.67,Month-to-month,Medium,1,95,46,0,0,High Value / Loyal
CUS-008833,61,90.95,5481.13,Month-to-month,Medium,1,71,10,0,1,Low Value / Dormant
CUS-008834,70,70.84,4788.68,Two year,High,8,13,40,1,2,Mid Value / Moderate
CUS-008835,24,94.49,2248.81,Month-to-month,Low,0,63,42,1,0,High Value / Loyal
CUS-008836,23,149.59,3372.53,Two year,High,1,63,5,0,0,High Value / Loyal
CUS-008837,10,131.67,1262.46,Month-to-month,Low,7,61,41,1,0,High Value / Loyal
CUS-008838,54,21.0,1186.8,One year,Low,5,36,41,0,2,Mid Value / Moderate
CUS-008839,41,26.57,1063.86,Month-to-month,Medium,2,8,49,1,2,Mid Value / Moderate
CUS-008840,49,99.31,4958.89,One year,Medium,2,90,44,1,1,Low Value / Dormant
CUS-008841,17,101.41,1653.57,Two year,Low,8,27,16,0,3,New / At-Risk
CUS-008842,56,134.16,7823.65,One year,Low,1,26,35,1,1,Low Value / Dormant
CUS-008843,45,101.78,4621.55,Two year,Medium,9,45,56,0,1,Low Value / Dormant
CUS-008844,30,49.6,1511.43,Month-to-month,High,4,42,17,0,2,Mid Value / Moderate
CUS-008845,44,80.91,3660.23,Two year,Low,6,14,32,0,3,New / At-Risk
CUS-008846,55,125.17,6957.16,Month-to-month,Low,5,84,17,0,1,Low Value / Dormant
CUS-008847,19,139.97,2545.27,Month-to-month,High,0,92,6,0,0,High Value / Loyal
CUS-008848,29,50.8,1462.8,Month-to-month,Medium,9,72,28,0,0,High Value / Loyal
CUS-008849,2,90.15,176.01,Month-to-month,Medium,2,52,4,0,0,High Value / Loyal
CUS-008850,36,40.66,1461.84,One year,Medium,4,69,15,0,2,Mid Value / Moderate
CUS-008851,19,84.61,1592.21,One year,Medium,2,53,30,1,0,High Value / Loyal
CUS-008852,7,31.71,229.25,Two year,High,2,51,4,0,0,High Value / Loyal
CUS-008853,26,142.42,3609.37,Month-to-month,Low,4,77,9,1,0,High Value / Loyal
CUS-008854,38,102.95,3795.15,Two year,Medium,7,2,28,1,3,New / At-Risk
CUS-008855,3,131.05,411.15,Two year,Low,9,48,28,0,3,New / At-Risk
CUS-008856,66,149.78,10329.74,Month-to-month,Medium,7,78,15,1,1,Low Value / Dormant
CUS-008857,71,43.75,3259.28,Month-to-month,Low,7,49,3,1,2,Mid Value / Moderate
CUS-008858,43,110.24,4772.68,Month-to-month,Medium,5,59,0,0,1,Low Value / Dormant
CUS-008859,62,135.31,8064.57,Month-to-month,Medium,8,67,7,0,1,Low Value / Dormant
CUS-008860,71,94.87,6991.99,Two year,Medium,4,80,27,0,1,Low Value / Dormant
CUS-008861,24,103.16,2387.99,Month-to-month,High,9,9,0,0,3,New / At-Risk
CUS-008862,39,73.0,2748.84,Month-to-month,High,6,2,57,1,3,New / At-Risk
CUS-008863,68,107.72,7100.3,Month-to-month,Medium,0,75,27,0,1,Low Value / Dormant
CUS-008864,44,71.43,3190.92,Month-to-month,Medium,3,88,2,0,0,High Value / Loyal
CUS-008865,5,81.96,393.71,Month-to-month,Low,0,43,49,1,3,New / At-Risk
CUS-008866,55,33.38,1886.91,Month-to-month,Low,9,93,1,1,2,Mid Value / Moderate
CUS-008867,30,21.02,602.6,Two year,Low,1,14,24,0,3,New / At-Risk
CUS-008868,29,27.17,757.23,Month-to-month,High,5,40,56,1,2,Mid Value / Moderate
CUS-008869,26,45.03,1163.05,Month-to-month,High,0,55,36,0,0,High Value / Loyal
CUS-008870,26,79.36,2038.39,Two year,Medium,8,59,10,1,0,High Value / Loyal
CUS-008871,37,22.73,882.17,One year,Medium,5,86,45,0,2,Mid Value / Moderate
CUS-008872,53,40.27,2234.05,Month-to-month,High,7,47,17,1,2,Mid Value / Moderate
CUS-008873,30,121.59,3534.44,Month-to-month,Medium,9,34,41,1,3,New / At-Risk
CUS-008874,3,119.08,373.2,Month-to-month,Medium,9,36,38,0,3,New / At-Risk
CUS-008875,43,122.66,5376.0,One year,Medium,7,33,39,1,1,Low Value / Dormant
CUS-008876,7,139.8,969.68,Month-to-month,Medium,1,63,59,0,0,High Value / Loyal
CUS-008877,49,35.48,1780.14,One year,High,1,18,56,0,2,Mid Value / Moderate
CUS-008878,41,41.21,1757.14,One year,Medium,2,22,19,0,2,Mid Value / Moderate
CUS-008879,54,63.36,3312.11,Month-to-month,High,7,89,16,1,2,Mid Value / Moderate
CUS-008880,69,138.97,9297.3,Month-to-month,Medium,7,5,6,1,1,Low Value / Dormant
CUS-008881,27,120.81,3232.15,Two year,High,4,32,54,0,3,New / At-Risk
CUS-008882,8,62.14,480.64,Two year,Medium,1,49,47,0,0,High Value / Loyal
CUS-008883,32,31.39,990.54,One year,High,3,36,16,1,2,Mid Value / Moderate
CUS-008884,64,100.13,6501.65,One year,High,3,73,3,0,1,Low Value / Dormant
CUS-008885,10,53.39,550.57,Month-to-month,Low,6,14,35,1,3,New / At-Risk
CUS-008886,13,89.05,1134.72,Month-to-month,Low,3,64,59,1,0,High Value / Loyal
CUS-008887,63,142.43,8777.51,One year,High,9,32,29,1,1,Low Value / Dormant
CUS-008888,35,94.44,3397.87,One year,Low,5,9,0,1,3,New / At-Risk
CUS-008889,61,140.1,8444.33,One year,Medium,1,87,54,1,1,Low Value / Dormant
CUS-008890,54,71.1,3961.4,Two year,High,1,48,34,0,2,Mid Value / Moderate
CUS-008891,8,102.34,859.08,One year,Low,4,52,11,0,0,High Value / Loyal
CUS-008892,29,136.21,4139.43,One year,High,0,9,16,0,3,New / At-Risk
CUS-008893,41,96.44,4018.3,Month-to-month,Medium,1,85,15,0,0,High Value / Loyal
CUS-008894,30,99.94,2960.69,Month-to-month,Medium,2,32,27,1,3,New / At-Risk
CUS-008895,21,113.12,2272.3,Month-to-month,Medium,8,10,31,1,3,New / At-Risk
CUS-008896,11,134.67,1516.68,One year,High,8,93,45,0,0,High Value / Loyal
CUS-008897,2,31.46,65.93,Month-to-month,Medium,6,98,54,1,0,High Value / Loyal
CUS-008898,50,63.79,3051.79,Month-to-month,High,4,86,34,1,2,Mid Value / Moderate
CUS-008899,41,71.7,2794.49,Two year,Low,1,69,18,1,2,Mid Value / Moderate
CUS-008900,66,138.26,9428.06,Two year,High,1,11,28,0,1,Low Value / Dormant
CUS-008901,3,144.28,415.63,Two year,Low,7,58,28,1,0,High Value / Loyal
CUS-008902,51,35.65,1742.06,Month-to-month,Medium,2,28,50,1,2,Mid Value / Moderate
CUS-008903,68,35.48,2511.92,Month-to-month,Medium,6,88,15,1,2,Mid Value / Moderate
CUS-008904,25,141.53,3389.54,Month-to-month,Medium,5,34,3,1,3,New / At-Risk
CUS-008905,30,58.45,1685.83,Month-to-month,Low,5,53,20,0,0,High Value / Loyal
CUS-008906,11,51.44,569.73,One year,High,2,40,48,1,3,New / At-Risk
CUS-008907,17,24.63,429.48,Month-to-month,High,5,64,50,1,0,High Value / Loyal
CUS-008908,26,55.83,1436.94,Month-to-month,Low,3,10,43,1,3,New / At-Risk
CUS-008909,23,110.16,2513.52,Month-to-month,Medium,0,26,0,0,3,New / At-Risk
CUS-008910,56,75.38,4277.53,One year,Medium,7,43,18,1,2,Mid Value / Moderate
CUS-008911,52,87.19,4536.5,One year,High,8,71,50,1,1,Low Value / Dormant
CUS-008912,48,139.25,6362.18,Two year,Medium,2,44,51,0,1,Low Value / Dormant
CUS-008913,20,34.91,671.21,Two year,Medium,0,71,43,0,0,High Value / Loyal
CUS-008914,2,29.26,59.0,Month-to-month,Medium,0,57,25,0,0,High Value / Loyal
CUS-008915,31,130.75,4172.31,Two year,Low,0,48,11,0,1,Low Value / Dormant
CUS-008916,27,120.73,3345.51,One year,Low,8,79,16,0,0,High Value / Loyal
CUS-008917,2,54.29,111.18,One year,Medium,9,62,36,0,0,High Value / Loyal
CUS-008918,4,62.15,255.35,Two year,High,4,61,27,1,0,High Value / Loyal
CUS-008919,13,60.34,748.64,Month-to-month,High,2,67,35,0,0,High Value / Loyal
CUS-008920,35,104.22,3791.64,Two year,High,9,45,28,0,1,Low Value / Dormant
CUS-008921,66,27.96,1917.03,One year,Low,8,61,4,0,2,Mid Value / Moderate
CUS-008922,6,83.62,503.33,Month-to-month,High,9,90,37,1,0,High Value / Loyal
CUS-008923,31,37.4,1130.36,Month-to-month,High,8,71,2,0,0,High Value / Loyal
CUS-008924,10,126.57,1277.33,One year,Medium,5,2,14,0,3,New / At-Risk
CUS-008925,21,69.49,1467.66,One year,High,4,74,2,0,0,High Value / Loyal
CUS-008926,23,88.58,1981.0,One year,High,0,94,12,0,0,High Value / Loyal
CUS-008927,3,23.81,72.17,Month-to-month,High,5,47,4,1,0,High Value / Loyal
CUS-008928,32,27.57,908.61,Month-to-month,High,4,67,20,1,2,Mid Value / Moderate
CUS-008929,20,107.76,2221.11,One year,High,8,29,40,0,3,New / At-Risk
CUS-008930,29,119.68,3317.91,Month-to-month,High,6,63,22,0,0,High Value / Loyal
CUS-008931,52,112.3,5662.99,Month-to-month,Low,2,25,46,0,1,Low Value / Dormant
CUS-008932,46,115.81,5416.99,Month-to-month,High,4,4,21,1,1,Low Value / Dormant
CUS-008933,34,33.6,1183.53,Month-to-month,High,5,47,33,1,2,Mid Value / Moderate
CUS-008934,61,110.15,6733.32,Month-to-month,Medium,1,69,40,1,1,Low Value / Dormant
CUS-008935,71,43.63,3161.81,Month-to-month,Low,6,63,25,0,2,Mid Value / Moderate
CUS-008936,70,32.74,2182.17,Two year,Medium,8,6,46,0,2,Mid Value / Moderate
CUS-008937,11,118.43,1316.86,One year,High,9,83,30,0,0,High Value / Loyal
CUS-008938,63,135.62,8938.9,One year,Medium,8,18,34,1,1,Low Value / Dormant
CUS-008939,21,113.17,2414.89,Month-to-month,Medium,4,36,6,1,3,New / At-Risk
CUS-008940,3,124.72,389.97,One year,Medium,7,76,39,0,0,High Value / Loyal
CUS-008941,10,148.84,1498.24,One year,High,8,88,44,0,0,High Value / Loyal
CUS-008942,27,37.52,1047.78,Month-to-month,High,5,57,56,1,0,High Value / Loyal
CUS-008943,12,145.47,1680.03,Month-to-month,Low,3,30,31,0,3,New / At-Risk
CUS-008944,7,98.16,661.22,One year,Medium,3,14,52,1,3,New / At-Risk
CUS-008945,17,125.72,2056.11,Month-to-month,High,2,39,21,0,3,New / At-Risk
CUS-008946,65,104.52,6786.35,Month-to-month,Low,8,2,46,1,1,Low Value / Dormant
CUS-008947,64,94.1,5920.49,Month-to-month,Low,9,34,5,1,1,Low Value / Dormant
CUS-008948,26,111.47,2961.76,One year,High,5,58,20,0,0,High Value / Loyal
CUS-008949,15,61.63,961.73,One year,Medium,7,84,44,1,0,High Value / Loyal
CUS-008950,33,140.16,4680.34,Two year,Low,1,87,38,1,1,Low Value / Dormant
CUS-008951,62,34.99,2107.05,Month-to-month,High,3,35,48,1,2,Mid Value / Moderate
CUS-008952,47,61.34,3007.4,Two year,Medium,1,34,46,0,2,Mid Value / Moderate
CUS-008953,35,24.05,844.13,One year,Medium,2,85,36,0,0,High Value / Loyal
CUS-008954,65,55.27,3671.7,Month-to-month,Medium,1,8,26,1,2,Mid Value / Moderate
CUS-008955,25,48.37,1256.41,Two year,High,8,43,9,0,3,New / At-Risk
CUS-008956,57,26.45,1581.62,Month-to-month,Medium,8,63,21,1,2,Mid Value / Moderate
CUS-008957,32,83.93,2687.41,Month-to-month,Medium,5,62,43,1,0,High Value / Loyal
CUS-008958,63,80.92,5255.18,Month-to-month,Medium,6,94,50,0,1,Low Value / Dormant
CUS-008959,12,30.11,363.7,Month-to-month,Medium,4,20,17,1,3,New / At-Risk
CUS-008960,63,54.04,3399.94,One year,High,9,52,3,1,2,Mid Value / Moderate
CUS-008961,1,143.93,144.47,Two year,High,0,84,44,1,0,High Value / Loyal
CUS-008962,51,34.4,1751.43,Month-to-month,High,3,87,34,0,2,Mid Value / Moderate
CUS-008963,70,59.65,4142.69,Month-to-month,Medium,3,84,37,0,2,Mid Value / Moderate
CUS-008964,8,24.66,201.71,Month-to-month,Low,7,46,37,1,0,High Value / Loyal
CUS-008965,68,39.36,2609.17,One year,High,4,87,35,0,2,Mid Value / Moderate
CUS-008966,5,110.92,561.06,Two year,Low,2,4,59,0,3,New / At-Risk
CUS-008967,39,67.67,2695.46,One year,Medium,0,62,3,0,2,Mid Value / Moderate
CUS-008968,23,78.77,1882.74,One year,Medium,0,10,44,0,3,New / At-Risk
CUS-008969,68,40.41,2701.49,One year,High,4,40,9,0,2,Mid Value / Moderate
CUS-008970,52,108.68,5855.05,Month-to-month,High,7,5,31,0,1,Low Value / Dormant
CUS-008971,4,117.7,491.76,Two year,Medium,8,96,9,0,0,High Value / Loyal
CUS-008972,47,43.54,2077.02,One year,High,9,18,42,1,2,Mid Value / Moderate
CUS-008973,21,25.85,557.57,One year,High,9,61,44,1,0,High Value / Loyal
CUS-008974,56,30.52,1693.13,Two year,Medium,1,57,9,0,2,Mid Value / Moderate
CUS-008975,66,105.42,7272.02,One year,Low,4,63,10,0,1,Low Value / Dormant
CUS-008976,59,37.62,2257.29,One year,Medium,3,89,49,0,2,Mid Value / Moderate
CUS-008977,7,84.21,578.28,One year,High,2,81,38,1,0,High Value / Loyal
CUS-008978,49,39.84,1933.64,Month-to-month,Medium,7,5,8,1,2,Mid Value / Moderate
CUS-008979,16,42.12,681.84,Month-to-month,Medium,1,99,12,0,0,High Value / Loyal
CUS-008980,17,20.57,340.34,Two year,High,1,21,56,0,3,New / At-Risk
CUS-008981,34,61.71,2151.32,Month-to-month,Low,4,19,41,1,3,New / At-Risk
CUS-008982,33,31.67,1016.45,One year,Low,9,23,17,1,2,Mid Value / Moderate
CUS-008983,26,71.21,1868.58,Month-to-month,High,9,69,46,1,0,High Value / Loyal
CUS-008984,66,97.71,6576.04,Month-to-month,Low,9,33,56,1,1,Low Value / Dormant
CUS-008985,63,67.78,4423.7,One year,Medium,0,4,36,1,2,Mid Value / Moderate
CUS-008986,41,111.66,4685.17,One year,Medium,6,97,46,1,1,Low Value / Dormant
CUS-008987,58,116.39,6952.27,Month-to-month,High,8,35,10,1,1,Low Value / Dormant
CUS-008988,10,110.56,1151.24,Two year,Low,1,59,27,1,0,High Value / Loyal
CUS-008989,15,141.77,2147.38,One year,Medium,9,42,5,0,3,New / At-Risk
CUS-008990,42,50.85,2209.58,Month-to-month,Low,0,90,32,0,0,High Value / Loyal
CUS-008991,57,44.63,2475.66,Month-to-month,Medium,8,86,13,1,2,Mid Value / Moderate
CUS-008992,17,99.26,1740.57,Two year,Medium,1,75,46,1,0,High Value / Loyal
CUS-008993,60,97.33,5677.5,Month-to-month,Low,8,49,28,1,1,Low Value / Dormant
CUS-008994,9,86.31,810.58,One year,Medium,7,90,38,0,0,High Value / Loyal
CUS-008995,36,20.57,727.78,Month-to-month,Low,6,41,14,1,2,Mid Value / Moderate
CUS-008996,36,92.18,3209.61,Month-to-month,High,0,77,47,0,0,High Value / Loyal
CUS-008997,48,141.26,6542.1,Two year,High,3,78,55,0,1,Low Value / Dormant
CUS-008998,51,63.5,3136.98,Two year,Medium,6,49,4,0,2,Mid Value / Moderate
CUS-008999,70,145.79,10151.62,Month-to-month,Medium,5,71,21,1,1,Low Value / Dormant
CUS-009000,68,66.38,4523.73,Two year,Medium,0,80,51,1,2,Mid Value / Moderate
CUS-009001,22,38.18,874.74,Month-to-month,High,6,84,30,0,0,High Value / Loyal
CUS-009002,6,71.79,425.63,Month-to-month,High,1,46,18,1,3,New / At-Risk
CUS-009003,26,84.3,2129.86,One year,High,7,64,50,1,0,High Value / Loyal
CUS-009004,3,101.83,312.94,One year,Medium,1,50,17,0,3,New / At-Risk
CUS-009005,52,85.63,4290.29,Two year,Medium,3,43,57,1,2,Mid Value / Moderate
CUS-009006,60,89.77,5597.71,One year,Medium,5,27,5,0,1,Low Value / Dormant
CUS-009007,63,23.13,1443.91,Month-to-month,Medium,7,34,8,1,2,Mid Value / Moderate
CUS-009008,65,52.97,3482.29,Two year,Medium,2,86,29,0,2,Mid Value / Moderate
CUS-009009,52,60.39,3041.76,Month-to-month,Medium,5,63,30,1,2,Mid Value / Moderate
CUS-009010,14,148.32,2002.9,Month-to-month,High,5,67,34,1,0,High Value / Loyal
CUS-009011,68,58.42,4091.54,One year,High,0,27,16,0,2,Mid Value / Moderate
CUS-009012,28,136.56,3796.67,Two year,Medium,5,7,41,1,3,New / At-Risk
CUS-009013,71,59.62,4438.74,One year,High,0,99,15,0,2,Mid Value / Moderate
CUS-009014,10,32.49,325.73,Two year,High,8,23,32,0,3,New / At-Risk
CUS-009015,57,52.19,3077.67,Month-to-month,Medium,3,66,3,0,2,Mid Value / Moderate
CUS-009016,66,55.47,3836.58,Month-to-month,High,4,88,30,0,2,Mid Value / Moderate
CUS-009017,50,147.17,7197.57,Two year,Medium,0,2,32,1,1,Low Value / Dormant
CUS-009018,14,107.66,1552.56,One year,Medium,0,36,57,0,3,New / At-Risk
CUS-009019,16,141.12,2149.97,Month-to-month,High,8,58,49,0,0,High Value / Loyal
CUS-009020,54,128.55,7066.44,Two year,High,5,81,51,0,1,Low Value / Dormant
CUS-009021,43,95.22,4194.76,One year,High,9,11,35,1,3,New / At-Risk
CUS-009022,42,107.8,4517.37,One year,Medium,9,7,10,1,1,Low Value / Dormant
CUS-009023,22,101.23,2151.78,One year,Medium,5,66,59,0,0,High Value / Loyal
CUS-009024,68,106.61,7334.38,One year,Medium,4,79,55,0,1,Low Value / Dormant
CUS-009025,19,54.42,1075.1,Month-to-month,Medium,5,31,3,1,3,New / At-Risk
CUS-009026,66,73.06,5029.68,Month-to-month,Medium,7,46,50,1,2,Mid Value / Moderate
CUS-009027,39,97.04,3877.7,Two year,Medium,6,70,35,0,0,High Value / Loyal
CUS-009028,19,24.67,457.67,Month-to-month,Medium,6,53,4,1,0,High Value / Loyal
CUS-009029,16,82.77,1373.34,Month-to-month,High,8,93,20,1,0,High Value / Loyal
CUS-009030,54,131.76,7391.94,One year,Medium,8,68,12,0,1,Low Value / Dormant
CUS-009031,25,84.01,2072.31,Month-to-month,Medium,8,46,3,0,3,New / At-Risk
CUS-009032,18,91.8,1600.05,One year,Medium,0,37,41,0,3,New / At-Risk
CUS-009033,23,46.25,1103.55,Month-to-month,High,5,76,49,0,0,High Value / Loyal
CUS-009034,11,123.26,1408.13,Month-to-month,Medium,4,27,34,1,3,New / At-Risk
CUS-009035,39,66.65,2495.77,Two year,Medium,7,25,25,1,2,Mid Value / Moderate
CUS-009036,68,144.36,10274.64,One year,Medium,9,12,25,0,1,Low Value / Dormant
CUS-009037,25,149.18,3741.91,Month-to-month,Medium,7,60,18,0,1,Low Value / Dormant
CUS-009038,63,139.08,9194.65,Month-to-month,Medium,7,17,36,1,1,Low Value / Dormant
CUS-009039,30,31.03,925.9,Two year,Medium,4,50,10,0,2,Mid Value / Moderate
CUS-009040,45,63.31,2858.6,Two year,Medium,9,76,1,0,2,Mid Value / Moderate
CUS-009041,61,142.87,8511.08,One year,High,9,95,30,0,1,Low Value / Dormant
CUS-009042,51,124.59,6607.55,One year,Medium,0,9,17,0,1,Low Value / Dormant
CUS-009043,9,138.45,1239.07,Month-to-month,Medium,3,83,10,0,0,High Value / Loyal
CUS-009044,2,94.43,194.81,One year,Low,6,29,43,1,3,New / At-Risk
CUS-009045,5,82.45,394.93,Month-to-month,Medium,1,25,15,1,3,New / At-Risk
CUS-009046,62,33.84,2158.84,Two year,High,6,15,57,1,2,Mid Value / Moderate
CUS-009047,69,129.13,8901.37,Month-to-month,Low,4,9,1,0,1,Low Value / Dormant
CUS-009048,52,116.87,5776.59,One year,Low,5,13,58,1,1,Low Value / Dormant
CUS-009049,5,27.65,134.48,Month-to-month,Low,5,47,53,0,0,High Value / Loyal
CUS-009050,59,47.22,2700.88,Month-to-month,Low,4,44,31,0,2,Mid Value / Moderate
CUS-009051,68,92.45,6444.6,Month-to-month,High,9,3,55,1,1,Low Value / Dormant
CUS-009052,9,108.97,978.51,Month-to-month,High,6,74,57,0,0,High Value / Loyal
CUS-009053,22,37.9,805.37,Month-to-month,Medium,3,18,47,1,3,New / At-Risk
CUS-009054,27,51.83,1365.3,Two year,High,0,10,47,1,3,New / At-Risk
CUS-009055,10,45.1,451.23,One year,Low,8,36,21,0,3,New / At-Risk
CUS-009056,61,48.6,2822.17,One year,Medium,6,92,35,0,2,Mid Value / Moderate
CUS-009057,51,139.69,7070.27,Two year,Medium,8,57,7,0,1,Low Value / Dormant
CUS-009058,10,113.06,1150.7,Month-to-month,Low,8,3,35,1,3,New / At-Risk
CUS-009059,6,115.82,696.18,Two year,Medium,6,20,42,0,3,New / At-Risk
CUS-009060,62,123.22,7714.55,Two year,Low,1,18,24,1,1,Low Value / Dormant
CUS-009061,5,66.35,326.02,Month-to-month,High,1,49,39,0,0,High Value / Loyal
CUS-009062,70,119.73,8115.75,Two year,Low,3,37,43,1,1,Low Value / Dormant
CUS-009063,63,147.19,9560.44,Month-to-month,Low,8,20,30,1,1,Low Value / Dormant
CUS-009064,56,110.79,6455.98,Month-to-month,High,6,74,3,0,1,Low Value / Dormant
CUS-009065,59,74.18,4381.2,Month-to-month,High,8,98,38,1,2,Mid Value / Moderate
CUS-009066,63,113.13,6988.04,Two year,Medium,3,64,44,1,1,Low Value / Dormant
CUS-009067,59,137.1,8098.16,One year,Medium,8,22,42,1,1,Low Value / Dormant
CUS-009068,51,36.74,1944.7,One year,Medium,6,21,9,1,2,Mid Value / Moderate
CUS-009069,50,54.49,2776.56,Month-to-month,Low,7,97,26,0,2,Mid Value / Moderate
CUS-009070,4,139.51,578.05,Month-to-month,Medium,0,80,40,1,0,High Value / Loyal
CUS-009071,48,143.01,6746.68,Two year,Medium,8,35,37,0,1,Low Value / Dormant
CUS-009072,32,82.94,2710.28,Month-to-month,Medium,7,1,16,1,3,New / At-Risk
CUS-009073,51,68.69,3556.89,Month-to-month,High,0,12,44,0,2,Mid Value / Moderate
CUS-009074,52,56.76,2972.74,Month-to-month,Low,7,13,37,1,2,Mid Value / Moderate
CUS-009075,34,84.84,2892.62,Month-to-month,Medium,4,8,55,0,3,New / At-Risk
CUS-009076,36,141.49,5119.57,One year,Medium,2,31,24,0,1,Low Value / Dormant
CUS-009077,70,39.48,2859.89,One year,Medium,7,5,16,0,2,Mid Value / Moderate
CUS-009078,43,74.58,3340.26,Month-to-month,Medium,2,44,12,1,2,Mid Value / Moderate
CUS-009079,16,138.51,2130.35,Month-to-month,Low,7,51,20,1,3,New / At-Risk
CUS-009080,59,65.39,3884.28,Month-to-month,Medium,4,25,14,1,2,Mid Value / Moderate
CUS-009081,53,119.85,6617.86,Month-to-month,High,7,45,47,1,1,Low Value / Dormant
CUS-009082,19,70.6,1292.47,Two year,High,2,13,52,0,3,New / At-Risk
CUS-009083,41,124.64,5065.73,Month-to-month,Medium,9,35,23,1,1,Low Value / Dormant
CUS-009084,47,147.53,6649.0,Month-to-month,Medium,5,32,6,0,1,Low Value / Dormant
CUS-009085,54,70.42,3655.53,Month-to-month,Medium,5,72,52,1,2,Mid Value / Moderate
CUS-009086,55,129.86,7431.09,Month-to-month,Low,3,22,44,1,1,Low Value / Dormant
CUS-009087,19,148.49,2806.2,One year,Medium,4,6,59,0,3,New / At-Risk
CUS-009088,62,147.9,9342.74,Month-to-month,Low,6,49,37,1,1,Low Value / Dormant
CUS-009089,59,76.39,4344.28,One year,Medium,0,11,39,0,2,Mid Value / Moderate
CUS-009090,65,83.15,5146.31,Month-to-month,High,7,71,21,0,1,Low Value / Dormant
CUS-009091,68,59.44,4199.91,One year,High,2,15,41,0,2,Mid Value / Moderate
CUS-009092,28,60.82,1715.72,Two year,High,6,68,52,0,0,High Value / Loyal
CUS-009093,18,84.02,1439.79,Month-to-month,Low,8,40,9,1,3,New / At-Risk
CUS-009094,26,46.07,1256.72,Two year,Medium,1,34,32,0,3,New / At-Risk
CUS-009095,19,112.45,2134.81,One year,High,9,86,11,1,0,High Value / Loyal
CUS-009096,55,89.72,4922.7,Month-to-month,High,9,30,7,1,1,Low Value / Dormant
CUS-009097,57,136.75,7888.93,One year,Low,6,19,39,0,1,Low Value / Dormant
CUS-009098,6,125.38,715.24,Month-to-month,High,0,62,21,0,0,High Value / Loyal
CUS-009099,1,61.92,62.35,Two year,High,4,62,38,1,0,High Value / Loyal
CUS-009100,8,85.75,694.92,Month-to-month,Low,6,38,38,1,3,New / At-Risk
CUS-009101,51,117.57,5874.17,One year,Medium,4,30,46,0,1,Low Value / Dormant
CUS-009102,25,45.12,1153.49,Two year,Low,4,32,43,1,3,New / At-Risk
CUS-009103,47,24.11,1119.17,Month-to-month,High,5,83,15,1,2,Mid Value / Moderate
CUS-009104,55,130.8,7350.64,Month-to-month,Low,9,25,58,1,1,Low Value / Dormant
CUS-009105,64,37.88,2338.07,One year,Medium,9,87,47,0,2,Mid Value / Moderate
CUS-009106,10,135.62,1412.34,One year,High,5,12,33,0,3,New / At-Risk
CUS-009107,56,138.77,8065.95,Two year,High,9,9,45,1,1,Low Value / Dormant
CUS-009108,12,79.89,925.2,One year,Medium,1,37,15,0,3,New / At-Risk
CUS-009109,33,124.88,4301.78,Month-to-month,Medium,9,17,13,0,3,New / At-Risk
CUS-009110,71,67.21,4799.83,One year,Medium,9,35,5,1,2,Mid Value / Moderate
CUS-009111,17,131.57,2281.87,Month-to-month,High,8,94,54,0,0,High Value / Loyal
CUS-009112,61,127.21,8023.79,Month-to-month,High,2,60,55,1,1,Low Value / Dormant
CUS-009113,10,30.21,289.49,One year,High,0,4,49,0,3,New / At-Risk
CUS-009114,31,95.74,2869.73,Month-to-month,Low,0,41,9,0,3,New / At-Risk
CUS-009115,60,103.2,6062.2,Month-to-month,Medium,8,68,23,0,1,Low Value / Dormant
CUS-009116,70,20.11,1404.59,Month-to-month,High,5,88,26,1,2,Mid Value / Moderate
CUS-009117,17,147.39,2467.05,One year,High,6,3,46,1,3,New / At-Risk
CUS-009118,50,72.85,3644.82,Month-to-month,Medium,1,9,49,1,2,Mid Value / Moderate
CUS-009119,37,87.25,3127.02,Month-to-month,High,0,11,8,0,3,New / At-Risk
CUS-009120,62,45.32,2861.31,Month-to-month,Low,1,96,47,1,2,Mid Value / Moderate
CUS-009121,29,99.42,2755.07,Month-to-month,Medium,2,61,15,1,0,High Value / Loyal
CUS-009122,32,125.38,3956.59,Month-to-month,Medium,2,93,1,0,0,High Value / Loyal
CUS-009123,11,96.17,1023.87,Month-to-month,High,7,98,30,0,0,High Value / Loyal
CUS-009124,6,122.44,751.56,One year,High,3,98,46,0,0,High Value / Loyal
CUS-009125,35,115.04,4181.02,Month-to-month,Low,0,21,18,1,3,New / At-Risk
CUS-009126,33,50.9,1608.81,One year,Medium,1,25,55,1,3,New / At-Risk
CUS-009127,18,76.66,1419.13,Month-to-month,Medium,8,85,10,0,0,High Value / Loyal
CUS-009128,37,39.32,1512.47,Month-to-month,Low,1,62,21,1,2,Mid Value / Moderate
CUS-009129,13,25.45,346.55,Month-to-month,Low,8,84,28,1,0,High Value / Loyal
CUS-009130,64,28.2,1819.06,One year,High,4,24,56,0,2,Mid Value / Moderate
CUS-009131,1,142.52,140.06,One year,High,3,69,30,1,0,High Value / Loyal
CUS-009132,63,147.99,9157.38,Two year,Medium,3,41,7,1,1,Low Value / Dormant
CUS-009133,34,32.35,1086.49,Month-to-month,Medium,2,57,9,0,2,Mid Value / Moderate
CUS-009134,10,63.58,642.91,One year,High,1,66,5,0,0,High Value / Loyal
CUS-009135,7,34.87,243.88,Month-to-month,Medium,7,9,30,0,3,New / At-Risk
CUS-009136,56,128.45,7303.7,Month-to-month,High,5,8,50,1,1,Low Value / Dormant
CUS-009137,37,84.52,2983.12,Month-to-month,High,8,96,34,0,0,High Value / Loyal
CUS-009138,29,100.76,2806.99,Month-to-month,Medium,1,58,49,0,0,High Value / Loyal
CUS-009139,12,90.19,1133.83,One year,High,0,71,39,0,0,High Value / Loyal
CUS-009140,17,112.33,2004.26,Month-to-month,Medium,7,38,57,1,3,New / At-Risk
CUS-009141,48,61.49,3024.18,One year,Medium,7,20,28,1,2,Mid Value / Moderate
CUS-009142,26,37.87,960.74,Month-to-month,Low,4,47,20,1,2,Mid Value / Moderate
CUS-009143,12,22.29,279.61,Month-to-month,High,1,79,40,0,0,High Value / Loyal
CUS-009144,21,77.94,,Two year,Low,9,28,4,0,3,New / At-Risk
CUS-009145,42,138.02,5930.93,One year,High,4,95,4,0,1,Low Value / Dormant
CUS-009146,61,59.68,3500.69,One year,High,7,60,23,1,2,Mid Value / Moderate
CUS-009147,58,45.47,2676.79,Month-to-month,High,3,22,14,0,2,Mid Value / Moderate
CUS-009148,54,140.39,7777.55,Month-to-month,Medium,1,51,55,0,1,Low Value / Dormant
CUS-009149,34,33.71,1187.3,Month-to-month,Medium,2,24,27,1,2,Mid Value / Moderate
CUS-009150,7,26.73,191.52,Two year,High,2,98,33,1,0,High Value / Loyal
CUS-009151,35,134.32,4900.42,Month-to-month,High,8,73,55,1,1,Low Value / Dormant
CUS-009152,15,111.12,1670.26,One year,High,2,61,12,0,0,High Value / Loyal
CUS-009153,65,74.87,4952.83,Two year,Low,0,2,54,1,2,Mid Value / Moderate
CUS-009154,25,117.8,2906.7,Two year,Medium,6,89,43,0,0,High Value / Loyal
CUS-009155,59,116.39,6530.64,Two year,High,0,76,31,0,1,Low Value / Dormant
CUS-009156,6,25.21,155.13,One year,High,5,55,59,1,0,High Value / Loyal
CUS-009157,52,107.91,5818.97,Month-to-month,Low,9,4,21,1,1,Low Value / Dormant
CUS-009158,21,103.31,2098.84,Two year,Medium,3,58,28,0,0,High Value / Loyal
CUS-009159,71,145.29,9829.44,Two year,Low,6,13,2,1,1,Low Value / Dormant
CUS-009160,32,145.66,4504.77,One year,High,6,93,4,1,1,Low Value / Dormant
CUS-009161,53,69.11,3807.83,Month-to-month,High,6,96,49,1,2,Mid Value / Moderate
CUS-009162,59,96.68,5587.44,Month-to-month,Medium,5,27,10,1,1,Low Value / Dormant
CUS-009163,69,38.38,2577.46,Month-to-month,High,6,30,47,1,2,Mid Value / Moderate
CUS-009164,62,28.64,1689.45,Month-to-month,High,7,62,40,1,2,Mid Value / Moderate
CUS-009165,4,76.26,298.85,One year,Medium,2,65,52,1,0,High Value / Loyal
CUS-009166,18,109.68,2016.9,One year,Medium,4,11,55,1,3,New / At-Risk
CUS-009167,56,93.81,5494.47,One year,Medium,9,87,52,1,1,Low Value / Dormant
CUS-009168,24,75.86,1786.44,Month-to-month,High,8,49,25,1,3,New / At-Risk
CUS-009169,66,126.35,8123.15,One year,High,7,17,8,0,1,Low Value / Dormant
CUS-009170,13,123.28,1664.77,Two year,Low,5,15,43,0,3,New / At-Risk
CUS-009171,62,115.15,7391.12,One year,Medium,8,27,10,1,1,Low Value / Dormant
CUS-009172,54,30.01,1592.92,One year,Medium,9,10,0,0,2,Mid Value / Moderate
CUS-009173,15,123.54,1773.21,One year,High,4,80,37,0,0,High Value / Loyal
CUS-009174,69,139.52,10100.86,One year,High,1,28,44,1,1,Low Value / Dormant
CUS-009175,3,27.73,84.69,Two year,Low,8,2,55,1,3,New / At-Risk
CUS-009176,37,72.22,2786.02,Month-to-month,High,4,35,27,0,2,Mid Value / Moderate
CUS-009177,37,148.49,5407.12,Month-to-month,High,7,15,22,0,1,Low Value / Dormant
CUS-009178,3,97.9,298.04,Month-to-month,Low,7,59,30,0,0,High Value / Loyal
CUS-009179,63,86.77,5561.58,One year,Medium,3,75,1,0,1,Low Value / Dormant
CUS-009180,35,43.07,1563.59,Two year,Medium,3,33,17,0,2,Mid Value / Moderate
CUS-009181,52,93.51,5102.45,Month-to-month,Medium,0,55,15,0,1,Low Value / Dormant
CUS-009182,28,77.08,2073.66,Month-to-month,Low,4,80,58,1,0,High Value / Loyal
CUS-009183,18,36.57,666.85,Month-to-month,Medium,8,75,41,1,0,High Value / Loyal
CUS-009184,36,80.36,2845.76,Two year,Medium,4,84,16,0,0,High Value / Loyal
CUS-009185,33,41.37,1407.82,Month-to-month,Medium,4,52,47,0,2,Mid Value / Moderate
CUS-009186,64,114.99,7546.15,Month-to-month,Medium,5,19,16,0,1,Low Value / Dormant
CUS-009187,26,146.57,3960.52,Month-to-month,Medium,5,39,46,1,1,Low Value / Dormant
CUS-009188,48,81.05,3829.36,Two year,High,7,87,34,0,2,Mid Value / Moderate
CUS-009189,40,102.21,3959.34,One year,Medium,0,60,30,0,1,Low Value / Dormant
CUS-009190,17,76.03,1230.65,One year,Medium,4,10,34,0,3,New / At-Risk
CUS-009191,40,38.0,1482.8,Month-to-month,Medium,8,72,58,1,2,Mid Value / Moderate
CUS-009192,7,146.17,1009.61,One year,Medium,2,66,23,0,0,High Value / Loyal
CUS-009193,57,36.85,2193.86,Month-to-month,Medium,6,56,40,1,2,Mid Value / Moderate
CUS-009194,8,34.51,275.85,One year,Low,6,7,36,1,3,New / At-Risk
CUS-009195,56,79.69,4487.97,One year,Medium,9,90,48,0,2,Mid Value / Moderate
CUS-009196,31,105.66,3399.82,One year,Medium,2,40,29,0,3,New / At-Risk
CUS-009197,59,66.14,4052.53,Two year,High,6,19,17,0,2,Mid Value / Moderate
CUS-009198,58,45.03,2618.87,Month-to-month,Medium,2,70,26,0,2,Mid Value / Moderate
CUS-009199,12,126.47,1458.96,Month-to-month,Low,5,97,15,0,0,High Value / Loyal
CUS-009200,48,67.2,3151.74,One year,Medium,7,11,19,1,2,Mid Value / Moderate
CUS-009201,31,45.26,1397.06,One year,High,7,52,40,0,2,Mid Value / Moderate
CUS-009202,63,67.46,4356.79,Month-to-month,Medium,5,12,46,1,2,Mid Value / Moderate
CUS-009203,39,47.89,1907.33,Month-to-month,High,1,92,27,1,0,High Value / Loyal
CUS-009204,20,87.53,1775.55,One year,Medium,0,62,20,0,0,High Value / Loyal
CUS-009205,48,106.88,5325.2,Month-to-month,High,2,73,40,1,1,Low Value / Dormant
CUS-009206,71,123.94,9066.24,Two year,Low,2,23,44,1,1,Low Value / Dormant
CUS-009207,54,49.58,2806.57,One year,Low,6,40,32,1,2,Mid Value / Moderate
CUS-009208,71,41.7,3076.21,Two year,High,3,70,47,1,2,Mid Value / Moderate
CUS-009209,29,22.55,634.0,Two year,Medium,1,50,8,0,2,Mid Value / Moderate
CUS-009210,48,49.65,2277.84,One year,Medium,1,64,23,0,2,Mid Value / Moderate
CUS-009211,56,23.11,1282.97,Month-to-month,Medium,6,19,12,1,2,Mid Value / Moderate
CUS-009212,17,64.91,1116.46,Month-to-month,High,7,84,29,1,0,High Value / Loyal
CUS-009213,9,38.94,355.48,Two year,Low,4,18,45,0,3,New / At-Risk
CUS-009214,34,95.39,3167.74,One year,Medium,1,27,42,0,3,New / At-Risk
CUS-009215,45,69.88,3257.98,Month-to-month,Medium,2,97,32,0,0,High Value / Loyal
CUS-009216,9,32.17,284.55,One year,High,0,93,54,0,0,High Value / Loyal
CUS-009217,7,71.98,525.0,Month-to-month,High,9,73,45,0,0,High Value / Loyal
CUS-009218,16,47.22,753.3,Month-to-month,Medium,3,44,52,1,3,New / At-Risk
CUS-009219,19,108.42,1959.18,Month-to-month,Medium,6,58,57,0,0,High Value / Loyal
CUS-009220,6,67.38,390.6,Month-to-month,Low,9,62,23,1,0,High Value / Loyal
CUS-009221,11,39.11,413.14,Two year,High,8,50,19,1,0,High Value / Loyal
CUS-009222,61,65.45,3810.3,Month-to-month,Low,2,91,49,0,2,Mid Value / Moderate
CUS-009223,42,49.17,2109.3,Month-to-month,Medium,3,53,0,1,2,Mid Value / Moderate
CUS-009224,13,123.45,1555.49,One year,Medium,5,61,22,0,0,High Value / Loyal
CUS-009225,12,147.84,1834.13,Two year,Low,0,75,32,0,0,High Value / Loyal
CUS-009226,20,23.31,455.3,Month-to-month,Medium,4,50,56,1,0,High Value / Loyal
CUS-009227,50,109.7,5228.61,One year,Medium,9,54,16,0,1,Low Value / Dormant
CUS-009228,36,54.31,2018.03,Month-to-month,Medium,4,42,53,1,2,Mid Value / Moderate
CUS-009229,69,28.63,1969.0,Month-to-month,High,9,59,1,1,2,Mid Value / Moderate
CUS-009230,37,21.87,817.08,Month-to-month,Medium,8,8,30,1,2,Mid Value / Moderate
CUS-009231,12,134.53,1587.94,One year,Medium,8,14,58,0,3,New / At-Risk
CUS-009232,40,65.97,2518.97,One year,Medium,0,13,30,1,3,New / At-Risk
CUS-009233,54,149.29,7957.04,Month-to-month,Medium,2,71,53,0,1,Low Value / Dormant
CUS-009234,2,77.51,155.3,Month-to-month,Low,3,79,53,0,0,High Value / Loyal
CUS-009235,50,44.39,2111.01,Month-to-month,High,0,44,15,0,2,Mid Value / Moderate
CUS-009236,41,121.03,4999.04,Two year,Medium,8,43,36,1,1,Low Value / Dormant
CUS-009237,45,140.44,6568.38,One year,Medium,1,18,36,0,1,Low Value / Dormant
CUS-009238,9,126.03,1102.27,One year,High,4,36,55,0,3,New / At-Risk
CUS-009239,62,116.88,7555.56,Month-to-month,Medium,2,31,6,0,1,Low Value / Dormant
CUS-009240,47,63.51,2864.9,Month-to-month,High,3,4,52,1,2,Mid Value / Moderate
CUS-009241,5,28.38,146.54,Month-to-month,High,3,77,35,1,0,High Value / Loyal
CUS-009242,1,46.17,47.74,Month-to-month,High,1,39,0,1,3,New / At-Risk
CUS-009243,44,78.09,3352.53,Month-to-month,Low,1,94,29,1,0,High Value / Loyal
CUS-009244,22,144.31,3320.08,Two year,High,7,55,17,0,3,New / At-Risk
CUS-009245,38,113.97,4294.78,Two year,Medium,1,19,41,0,1,Low Value / Dormant
CUS-009246,19,127.68,2338.83,One year,High,9,68,38,1,0,High Value / Loyal
CUS-009247,31,56.05,1753.43,Month-to-month,Low,6,65,25,0,0,High Value / Loyal
CUS-009248,67,108.9,7658.43,Month-to-month,High,0,40,10,0,1,Low Value / Dormant
CUS-009249,42,132.12,5770.48,Month-to-month,Medium,0,96,0,0,1,Low Value / Dormant
CUS-009250,26,82.32,2093.02,Month-to-month,Medium,9,76,56,1,0,High Value / Loyal
CUS-009251,13,75.89,994.11,Month-to-month,High,2,76,37,1,0,High Value / Loyal
CUS-009252,58,113.52,6331.06,Two year,Medium,2,84,4,0,1,Low Value / Dormant
CUS-009253,18,92.79,1663.82,One year,Medium,8,75,21,1,0,High Value / Loyal
CUS-009254,67,149.11,10013.57,Month-to-month,Medium,1,30,12,0,1,Low Value / Dormant
CUS-009255,3,75.26,221.62,Month-to-month,Medium,3,95,16,0,0,High Value / Loyal
CUS-009256,55,42.87,2354.27,Month-to-month,Medium,2,28,49,1,2,Mid Value / Moderate
CUS-009257,58,81.35,4916.53,Month-to-month,Medium,6,49,6,0,1,Low Value / Dormant
CUS-009258,63,50.58,3186.37,Two year,Low,5,93,37,1,2,Mid Value / Moderate
CUS-009259,52,92.96,4994.08,One year,Medium,8,41,6,0,1,Low Value / Dormant
CUS-009260,24,36.35,856.55,Month-to-month,Medium,7,86,11,1,0,High Value / Loyal
CUS-009261,9,143.5,1352.35,Month-to-month,High,1,49,37,0,3,New / At-Risk
CUS-009262,37,131.78,4677.53,Month-to-month,High,2,29,22,0,1,Low Value / Dormant
CUS-009263,53,40.22,2150.09,One year,High,0,1,47,0,2,Mid Value / Moderate
CUS-009264,24,42.41,1047.37,Month-to-month,High,7,85,54,1,0,High Value / Loyal
CUS-009265,21,86.62,1876.08,Month-to-month,High,1,31,53,1,3,New / At-Risk
CUS-009266,40,120.47,4673.59,One year,Medium,3,27,7,0,1,Low Value / Dormant
CUS-009267,62,48.48,2976.22,Month-to-month,High,1,35,14,0,2,Mid Value / Moderate
CUS-009268,70,27.93,1979.12,One year,High,1,8,29,0,2,Mid Value / Moderate
CUS-009269,69,90.92,6157.94,Month-to-month,Low,2,40,54,1,1,Low Value / Dormant
CUS-009270,14,109.91,1563.06,Month-to-month,Medium,9,58,8,1,0,High Value / Loyal
CUS-009271,42,51.77,2147.88,Month-to-month,Low,4,72,44,1,2,Mid Value / Moderate
CUS-009272,50,116.17,5721.87,Month-to-month,Medium,7,6,20,1,1,Low Value / Dormant
CUS-009273,61,143.58,8415.33,Month-to-month,High,9,15,43,1,1,Low Value / Dormant
CUS-009274,4,37.82,144.31,Two year,High,1,21,59,1,3,New / At-Risk
CUS-009275,17,86.43,1518.64,Month-to-month,Medium,4,37,13,0,3,New / At-Risk
CUS-009276,57,27.39,1559.57,Month-to-month,Medium,3,70,7,1,2,Mid Value / Moderate
CUS-009277,48,46.87,2263.71,One year,Low,2,54,46,0,2,Mid Value / Moderate
CUS-009278,44,31.68,1375.96,Month-to-month,Low,9,29,55,0,2,Mid Value / Moderate
CUS-009279,45,72.52,3144.89,Month-to-month,Medium,5,58,55,1,2,Mid Value / Moderate
CUS-009280,33,126.71,4160.28,Two year,High,8,89,35,0,0,High Value / Loyal
CUS-009281,31,95.03,2865.99,Month-to-month,High,7,87,8,1,0,High Value / Loyal
CUS-009282,47,48.94,2377.66,Two year,High,1,91,25,1,2,Mid Value / Moderate
CUS-009283,6,25.21,158.65,Two year,High,0,87,19,0,0,High Value / Loyal
CUS-009284,71,91.94,6781.86,Two year,Medium,7,19,37,0,1,Low Value / Dormant
CUS-009285,34,37.26,1270.54,Month-to-month,Medium,4,92,58,0,0,High Value / Loyal
CUS-009286,53,64.56,3465.28,Month-to-month,Medium,1,34,5,1,2,Mid Value / Moderate
CUS-009287,14,86.32,1262.71,One year,Low,9,58,33,1,0,High Value / Loyal
CUS-009288,16,137.49,2208.27,Month-to-month,Low,0,71,59,0,0,High Value / Loyal
CUS-009289,43,30.64,1335.65,One year,Medium,7,13,22,0,2,Mid Value / Moderate
CUS-009290,12,106.92,1299.61,Two year,Low,7,4,38,1,3,New / At-Risk
CUS-009291,70,21.83,1559.94,Two year,Medium,5,11,32,0,2,Mid Value / Moderate
CUS-009292,19,101.89,1963.03,Month-to-month,Medium,4,50,20,0,3,New / At-Risk
CUS-009293,41,91.7,3823.85,Month-to-month,Medium,4,21,40,0,3,New / At-Risk
CUS-009294,53,125.54,6804.07,Month-to-month,Low,5,60,25,1,1,Low Value / Dormant
CUS-009295,29,89.12,2664.25,Month-to-month,Medium,4,21,4,1,3,New / At-Risk
CUS-009296,70,65.84,4564.13,Month-to-month,Medium,1,43,57,0,2,Mid Value / Moderate
CUS-009297,59,51.56,3116.68,One year,High,6,45,54,1,2,Mid Value / Moderate
CUS-009298,64,31.08,1909.75,One year,Medium,3,42,8,0,2,Mid Value / Moderate
CUS-009299,24,89.5,2228.8,Two year,Low,6,26,59,0,3,New / At-Risk
CUS-009300,16,135.48,2122.2,Month-to-month,High,0,31,44,1,3,New / At-Risk
CUS-009301,52,86.92,4476.04,One year,Medium,5,49,32,0,1,Low Value / Dormant
CUS-009302,6,116.08,717.65,One year,Medium,1,68,24,0,0,High Value / Loyal
CUS-009303,37,58.8,2205.27,Two year,High,2,3,51,0,3,New / At-Risk
CUS-009304,4,78.26,307.04,Two year,Low,2,39,46,0,3,New / At-Risk
CUS-009305,38,62.2,2298.64,Month-to-month,Low,9,48,16,1,2,Mid Value / Moderate
CUS-009306,41,34.2,1466.58,Two year,Low,0,21,39,0,2,Mid Value / Moderate
CUS-009307,14,74.21,996.09,Month-to-month,Medium,4,18,46,0,3,New / At-Risk
CUS-009308,71,119.36,8054.33,Two year,Low,7,97,18,1,1,Low Value / Dormant
CUS-009309,51,71.35,3701.61,One year,Medium,7,35,10,0,2,Mid Value / Moderate
CUS-009310,65,104.52,6871.79,Month-to-month,High,9,32,7,1,1,Low Value / Dormant
CUS-009311,52,118.62,6314.81,Two year,Low,6,55,5,1,1,Low Value / Dormant
CUS-009312,30,61.96,1901.72,Month-to-month,Low,6,11,5,1,3,New / At-Risk
CUS-009313,57,123.68,7305.67,Two year,Medium,7,58,7,0,1,Low Value / Dormant
CUS-009314,30,64.06,2002.93,One year,Medium,7,95,56,1,0,High Value / Loyal
CUS-009315,42,53.29,2299.9,One year,Medium,4,94,23,1,0,High Value / Loyal
CUS-009316,11,48.92,523.69,Month-to-month,Medium,6,38,59,0,3,New / At-Risk
CUS-009317,27,45.99,1237.13,Month-to-month,High,1,46,54,0,2,Mid Value / Moderate
CUS-009318,24,115.83,2819.22,Two year,Medium,3,20,18,1,3,New / At-Risk
CUS-009319,39,135.38,5300.46,Month-to-month,Medium,5,26,51,1,1,Low Value / Dormant
CUS-009320,18,49.98,869.03,Two year,Low,9,11,40,1,3,New / At-Risk
CUS-009321,45,31.08,1411.14,One year,High,2,66,26,0,2,Mid Value / Moderate
CUS-009322,12,60.79,757.67,One year,Medium,1,81,19,0,0,High Value / Loyal
CUS-009323,49,105.52,5128.36,One year,High,0,88,23,0,1,Low Value / Dormant
CUS-009324,31,67.91,2140.7,Month-to-month,Medium,3,94,37,0,0,High Value / Loyal
CUS-009325,22,91.39,2033.96,Month-to-month,Medium,1,37,4,0,3,New / At-Risk
CUS-009326,44,116.76,5074.26,One year,Medium,2,6,15,1,1,Low Value / Dormant
CUS-009327,64,73.1,4709.08,Two year,Medium,9,54,38,0,2,Mid Value / Moderate
CUS-009328,25,149.96,3640.37,One year,Medium,5,87,32,0,0,High Value / Loyal
CUS-009329,51,58.73,3009.21,Month-to-month,Medium,9,47,9,1,2,Mid Value / Moderate
CUS-009330,7,147.17,1060.99,Two year,Medium,2,99,50,0,0,High Value / Loyal
CUS-009331,6,46.39,285.57,One year,Medium,2,47,4,0,3,New / At-Risk
CUS-009332,24,34.42,814.37,One year,Low,3,26,51,0,3,New / At-Risk
CUS-009333,19,117.61,2147.87,One year,Low,2,25,18,1,3,New / At-Risk
CUS-009334,9,111.3,1031.75,One year,Medium,5,36,50,0,3,New / At-Risk
CUS-009335,36,125.45,4410.16,One year,High,8,21,40,0,1,Low Value / Dormant
CUS-009336,40,64.67,2471.06,One year,Medium,7,58,20,1,2,Mid Value / Moderate
CUS-009337,24,141.0,3365.57,Month-to-month,High,1,43,2,1,3,New / At-Risk
CUS-009338,48,35.53,1746.41,One year,Medium,2,23,58,0,2,Mid Value / Moderate
CUS-009339,63,23.94,1554.49,Month-to-month,High,7,65,52,1,2,Mid Value / Moderate
CUS-009340,69,59.07,4272.61,One year,Medium,2,59,27,0,2,Mid Value / Moderate
CUS-009341,53,123.65,6350.02,Month-to-month,Medium,4,61,40,0,1,Low Value / Dormant
CUS-009342,54,107.49,5684.65,Month-to-month,Medium,8,74,18,0,1,Low Value / Dormant
CUS-009343,42,76.71,3256.97,Two year,Medium,1,89,15,0,0,High Value / Loyal
CUS-009344,45,53.31,2473.78,Month-to-month,High,8,86,52,1,2,Mid Value / Moderate
CUS-009345,14,27.71,377.56,One year,Low,9,72,1,1,0,High Value / Loyal
CUS-009346,29,63.88,1835.71,Month-to-month,Medium,4,64,7,1,0,High Value / Loyal
CUS-009347,6,79.8,474.43,Month-to-month,Medium,8,33,45,0,3,New / At-Risk
CUS-009348,7,109.31,786.08,Month-to-month,Low,3,76,37,0,0,High Value / Loyal
CUS-009349,37,103.98,3747.46,Two year,Medium,7,48,11,1,1,Low Value / Dormant
CUS-009350,53,143.15,7942.86,Month-to-month,Medium,7,39,23,0,1,Low Value / Dormant
CUS-009351,18,33.05,595.55,Month-to-month,Medium,2,12,0,0,3,New / At-Risk
CUS-009352,38,63.72,2368.75,Month-to-month,Medium,4,76,17,0,0,High Value / Loyal
CUS-009353,59,82.61,4768.57,Month-to-month,Medium,9,11,22,1,1,Low Value / Dormant
CUS-009354,1,107.19,102.03,Two year,High,0,48,38,1,3,New / At-Risk
CUS-009355,68,84.41,5850.24,One year,Medium,5,8,59,0,1,Low Value / Dormant
CUS-009356,44,138.66,6269.33,Month-to-month,High,8,51,26,1,1,Low Value / Dormant
CUS-009357,47,99.13,4441.15,Month-to-month,Low,0,8,56,0,1,Low Value / Dormant
CUS-009358,35,25.16,888.04,Month-to-month,Medium,1,80,43,0,2,Mid Value / Moderate
CUS-009359,60,34.78,2145.29,One year,Low,6,82,43,1,2,Mid Value / Moderate
CUS-009360,52,117.95,6057.72,Month-to-month,Medium,5,85,5,0,1,Low Value / Dormant
CUS-009361,8,113.05,898.34,One year,Low,9,68,27,1,0,High Value / Loyal
CUS-009362,41,39.95,1615.47,One year,High,2,71,22,0,2,Mid Value / Moderate
CUS-009363,3,27.66,81.44,Month-to-month,High,1,98,51,1,0,High Value / Loyal
CUS-009364,69,95.23,6565.28,One year,Medium,6,98,33,0,1,Low Value / Dormant
CUS-009365,14,102.65,1389.06,Month-to-month,High,9,36,24,0,3,New / At-Risk
CUS-009366,26,37.59,971.52,Month-to-month,Medium,9,30,10,1,3,New / At-Risk
CUS-009367,70,81.57,5962.22,Month-to-month,Low,4,90,47,1,1,Low Value / Dormant
CUS-009368,58,59.76,3302.17,Month-to-month,High,5,12,0,1,2,Mid Value / Moderate
CUS-009369,40,141.07,5453.61,Two year,Low,8,75,37,1,1,Low Value / Dormant
CUS-009370,51,48.5,2541.98,One year,Medium,6,29,9,0,2,Mid Value / Moderate
CUS-009371,5,115.32,555.4,Two year,High,3,3,8,1,3,New / At-Risk
CUS-009372,32,87.36,2731.5,One year,High,8,62,25,0,0,High Value / Loyal
CUS-009373,1,21.5,21.4,Month-to-month,Low,2,11,9,1,3,New / At-Risk
CUS-009374,54,87.21,4918.03,Month-to-month,Low,3,73,17,1,1,Low Value / Dormant
CUS-009375,11,32.93,350.78,Two year,High,9,90,49,0,0,High Value / Loyal
CUS-009376,53,105.68,5837.91,Month-to-month,High,2,59,59,1,1,Low Value / Dormant
CUS-009377,8,93.52,764.49,Month-to-month,High,9,72,8,0,0,High Value / Loyal
CUS-009378,25,21.36,543.03,Month-to-month,High,2,85,44,0,0,High Value / Loyal
CUS-009379,40,46.61,1906.08,Month-to-month,High,0,72,25,1,2,Mid Value / Moderate
CUS-009380,32,120.91,3687.73,Month-to-month,Medium,4,42,41,0,3,New / At-Risk
CUS-009381,28,55.85,1501.09,Month-to-month,High,3,6,8,0,3,New / At-Risk
CUS-009382,3,84.91,250.51,Month-to-month,Low,8,55,35,1,0,High Value / Loyal
CUS-009383,62,60.56,3594.75,Month-to-month,High,3,82,14,1,2,Mid Value / Moderate
CUS-009384,27,139.8,3958.6,One year,Medium,2,6,23,0,3,New / At-Risk
CUS-009385,45,89.76,4071.45,One year,High,5,21,39,0,2,Mid Value / Moderate
CUS-009386,25,110.5,2759.07,One year,High,9,44,58,1,3,New / At-Risk
CUS-009387,61,30.85,1935.7,Month-to-month,Medium,4,48,1,1,2,Mid Value / Moderate
CUS-009388,44,25.24,1163.7,One year,High,3,87,3,1,2,Mid Value / Moderate
CUS-009389,46,53.7,2582.61,Month-to-month,High,0,36,37,1,2,Mid Value / Moderate
CUS-009390,14,60.19,867.32,Two year,Medium,2,82,30,0,0,High Value / Loyal
CUS-009391,8,109.4,864.44,One year,High,3,91,19,0,0,High Value / Loyal
CUS-009392,48,93.99,4315.56,Month-to-month,Medium,9,45,38,1,1,Low Value / Dormant
CUS-009393,14,68.7,923.11,Month-to-month,Medium,7,3,44,1,3,New / At-Risk
CUS-009394,65,105.04,6486.71,One year,High,8,59,25,1,1,Low Value / Dormant
CUS-009395,7,41.26,274.46,Month-to-month,High,7,12,59,1,3,New / At-Risk
CUS-009396,49,28.25,1444.85,Month-to-month,Medium,8,84,4,0,2,Mid Value / Moderate
CUS-009397,55,131.09,7517.58,Month-to-month,High,9,19,3,1,1,Low Value / Dormant
CUS-009398,13,93.31,1233.39,Month-to-month,Low,0,23,21,1,3,New / At-Risk
CUS-009399,56,104.38,5977.92,Month-to-month,Medium,0,5,5,0,1,Low Value / Dormant
CUS-009400,56,59.94,3361.16,Month-to-month,Low,2,51,36,1,2,Mid Value / Moderate
CUS-009401,15,68.35,998.43,Two year,Medium,3,19,53,1,3,New / At-Risk
CUS-009402,57,30.71,1822.87,Month-to-month,High,1,12,30,1,2,Mid Value / Moderate
CUS-009403,58,131.41,7452.25,One year,High,9,92,4,1,1,Low Value / Dormant
CUS-009404,35,97.02,3476.98,One year,High,6,57,6,1,0,High Value / Loyal
CUS-009405,16,30.87,481.37,Month-to-month,Low,8,37,4,1,3,New / At-Risk
CUS-009406,8,124.59,1033.6,Two year,Medium,5,34,3,1,3,New / At-Risk
CUS-009407,45,77.73,3550.98,One year,Medium,3,80,26,1,2,Mid Value / Moderate
CUS-009408,40,119.46,4846.71,Month-to-month,High,5,63,8,0,1,Low Value / Dormant
CUS-009409,54,21.64,1121.54,One year,Low,0,4,36,1,2,Mid Value / Moderate
CUS-009410,14,23.74,329.63,Two year,Medium,5,54,53,0,0,High Value / Loyal
CUS-009411,59,42.2,2496.11,Two year,High,3,54,1,0,2,Mid Value / Moderate
CUS-009412,53,47.42,2461.45,One year,Low,2,6,48,0,2,Mid Value / Moderate
CUS-009413,27,119.31,3344.21,One year,Medium,5,7,18,0,3,New / At-Risk
CUS-009414,47,111.87,5435.44,Month-to-month,Medium,8,34,38,1,1,Low Value / Dormant
CUS-009415,6,100.09,600.17,Two year,Low,7,68,16,0,0,High Value / Loyal
CUS-009416,55,135.03,7307.94,Month-to-month,Medium,7,15,16,0,1,Low Value / Dormant
CUS-009417,44,52.13,2362.86,Month-to-month,High,8,13,47,1,2,Mid Value / Moderate
CUS-009418,18,137.57,2401.25,Two year,High,5,73,39,0,0,High Value / Loyal
CUS-009419,16,138.23,2116.93,Month-to-month,Medium,7,37,50,0,3,New / At-Risk
CUS-009420,12,76.45,875.77,One year,Medium,6,81,49,1,0,High Value / Loyal
CUS-009421,20,32.27,615.63,Month-to-month,Medium,0,38,23,0,3,New / At-Risk
CUS-009422,45,114.45,5144.65,Two year,Medium,5,78,12,1,1,Low Value / Dormant
CUS-009423,64,63.8,3983.34,Month-to-month,Medium,3,31,27,0,2,Mid Value / Moderate
CUS-009424,59,123.34,7415.65,One year,Medium,2,66,57,1,1,Low Value / Dormant
CUS-009425,22,41.28,922.13,Month-to-month,Medium,2,83,45,1,0,High Value / Loyal
CUS-009426,47,90.14,4254.24,Month-to-month,Medium,9,83,49,0,1,Low Value / Dormant
CUS-009427,29,86.05,2458.72,Two year,Medium,7,60,44,0,0,High Value / Loyal
CUS-009428,45,33.04,1538.95,Month-to-month,High,0,13,41,0,2,Mid Value / Moderate
CUS-009429,9,67.23,617.79,Month-to-month,Low,6,21,13,1,3,New / At-Risk
CUS-009430,24,31.02,727.43,Month-to-month,Low,9,95,22,0,0,High Value / Loyal
CUS-009431,15,80.42,1206.45,Month-to-month,High,3,44,22,0,3,New / At-Risk
CUS-009432,36,129.58,4504.45,One year,Low,0,28,9,1,1,Low Value / Dormant
CUS-009433,13,55.13,704.38,Month-to-month,High,1,57,37,1,0,High Value / Loyal
CUS-009434,44,119.43,5516.26,Month-to-month,Medium,6,1,48,0,1,Low Value / Dormant
CUS-009435,71,43.85,3027.07,Month-to-month,Low,9,99,16,0,2,Mid Value / Moderate
CUS-009436,36,107.59,3949.88,Two year,Low,0,10,26,1,3,New / At-Risk
CUS-009437,61,139.02,8258.39,One year,Medium,5,8,10,0,1,Low Value / Dormant
CUS-009438,40,62.11,2593.28,One year,Low,3,77,18,1,2,Mid Value / Moderate
CUS-009439,27,137.05,3630.19,Month-to-month,High,2,63,59,0,1,Low Value / Dormant
CUS-009440,1,85.7,84.39,One year,Medium,6,83,44,1,0,High Value / Loyal
CUS-009441,34,61.18,2099.8,Two year,Medium,8,67,43,0,0,High Value / Loyal
CUS-009442,68,136.55,9366.95,One year,Low,4,67,43,1,1,Low Value / Dormant
CUS-009443,21,24.16,511.47,Month-to-month,High,5,27,26,1,3,New / At-Risk
CUS-009444,33,23.64,785.92,Two year,High,6,18,35,0,2,Mid Value / Moderate
CUS-009445,7,97.98,672.96,Month-to-month,High,9,35,56,1,3,New / At-Risk
CUS-009446,65,123.58,7979.86,Month-to-month,Low,5,44,15,1,1,Low Value / Dormant
CUS-009447,3,117.7,356.4,One year,Medium,5,98,59,1,0,High Value / Loyal
CUS-009448,51,30.33,1573.38,Month-to-month,High,2,94,22,0,2,Mid Value / Moderate
CUS-009449,54,143.53,7559.42,Month-to-month,High,2,8,32,0,1,Low Value / Dormant
CUS-009450,59,111.4,6704.92,Two year,Low,4,85,51,1,1,Low Value / Dormant
CUS-009451,6,143.38,896.72,Month-to-month,High,6,46,21,1,3,New / At-Risk
CUS-009452,29,62.78,1867.66,One year,Low,5,83,13,0,0,High Value / Loyal
CUS-009453,17,110.21,1795.71,Two year,Medium,1,43,12,1,3,New / At-Risk
CUS-009454,60,131.79,7883.11,One year,High,2,46,21,0,1,Low Value / Dormant
CUS-009455,22,69.46,1518.24,One year,High,4,40,6,0,3,New / At-Risk
CUS-009456,24,145.43,3433.3,Two year,Medium,6,94,56,1,0,High Value / Loyal
CUS-009457,51,54.45,2774.49,One year,High,5,56,37,0,2,Mid Value / Moderate
CUS-009458,50,61.03,3033.07,Month-to-month,Medium,9,27,0,0,2,Mid Value / Moderate
CUS-009459,11,139.64,1460.21,Two year,Low,2,20,50,1,3,New / At-Risk
CUS-009460,56,146.06,7963.65,Month-to-month,Medium,6,78,32,1,1,Low Value / Dormant
CUS-009461,71,57.08,3936.37,Month-to-month,Medium,4,57,21,1,2,Mid Value / Moderate
CUS-009462,42,37.73,1560.8,Month-to-month,Medium,9,12,22,0,2,Mid Value / Moderate
CUS-009463,39,118.68,4477.74,One year,Medium,3,23,14,0,1,Low Value / Dormant
CUS-009464,69,140.86,9299.04,Two year,High,5,12,43,1,1,Low Value / Dormant
CUS-009465,48,98.09,4565.6,Month-to-month,Medium,1,44,14,1,1,Low Value / Dormant
CUS-009466,57,102.49,6048.69,Month-to-month,Medium,6,39,30,0,1,Low Value / Dormant
CUS-009467,21,119.18,2577.18,Month-to-month,High,1,42,27,1,3,New / At-Risk
CUS-009468,20,39.9,793.4,One year,High,6,94,2,0,0,High Value / Loyal
CUS-009469,15,146.55,2281.32,Month-to-month,Low,7,48,41,0,3,New / At-Risk
CUS-009470,69,67.36,4523.78,One year,High,1,91,24,0,2,Mid Value / Moderate
CUS-009471,51,101.67,5228.9,One year,Low,7,88,32,0,1,Low Value / Dormant
CUS-009472,62,80.92,4837.9,One year,Medium,6,67,32,0,1,Low Value / Dormant
CUS-009473,37,80.86,3091.7,One year,Low,2,94,22,0,0,High Value / Loyal
CUS-009474,6,111.36,643.46,Month-to-month,Medium,6,35,27,0,3,New / At-Risk
CUS-009475,71,149.31,10104.47,One year,High,0,97,52,0,1,Low Value / Dormant
CUS-009476,26,105.68,2685.37,Month-to-month,Medium,1,37,15,1,3,New / At-Risk
CUS-009477,8,123.23,1025.35,Month-to-month,High,4,40,36,0,3,New / At-Risk
CUS-009478,4,23.59,90.86,Month-to-month,Low,8,16,4,0,3,New / At-Risk
CUS-009479,21,125.36,2587.89,Month-to-month,Medium,0,48,42,0,3,New / At-Risk
CUS-009480,31,59.0,1795.33,Month-to-month,Medium,4,18,10,1,3,New / At-Risk
CUS-009481,21,36.47,789.0,Month-to-month,High,5,18,11,1,3,New / At-Risk
CUS-009482,25,34.73,861.52,Month-to-month,Medium,2,14,20,1,3,New / At-Risk
CUS-009483,15,108.38,1643.89,Month-to-month,Low,4,96,17,1,0,High Value / Loyal
CUS-009484,35,149.69,5189.06,Month-to-month,Medium,1,76,13,0,1,Low Value / Dormant
CUS-009485,49,106.61,5250.54,Month-to-month,Medium,7,42,32,1,1,Low Value / Dormant
CUS-009486,43,54.11,2224.73,One year,Low,2,2,20,1,3,New / At-Risk
CUS-009487,41,46.43,1879.64,One year,Low,4,53,25,0,2,Mid Value / Moderate
CUS-009488,37,88.37,3385.97,Month-to-month,Medium,0,90,24,0,0,High Value / Loyal
CUS-009489,57,28.46,1652.93,One year,High,4,87,39,0,2,Mid Value / Moderate
CUS-009490,42,71.91,3165.88,One year,Medium,0,60,24,0,2,Mid Value / Moderate
CUS-009491,47,106.61,5154.96,Two year,Medium,8,35,34,0,1,Low Value / Dormant
CUS-009492,61,145.8,8850.44,Month-to-month,Low,1,64,49,1,1,Low Value / Dormant
CUS-009493,14,75.33,1073.28,Month-to-month,Medium,5,33,52,1,3,New / At-Risk
CUS-009494,68,46.03,3216.34,One year,Medium,8,41,54,0,2,Mid Value / Moderate
CUS-009495,53,126.26,6537.51,One year,Low,2,63,19,0,1,Low Value / Dormant
CUS-009496,34,116.75,3794.72,Month-to-month,Low,5,89,1,1,0,High Value / Loyal
CUS-009497,24,131.76,3132.5,Two year,Low,0,4,40,0,3,New / At-Risk
CUS-009498,20,47.91,924.22,Two year,High,6,21,53,1,3,New / At-Risk
CUS-009499,69,72.63,4899.71,One year,Medium,1,4,50,0,2,Mid Value / Moderate
CUS-009500,30,147.6,4625.93,Month-to-month,Medium,4,95,11,0,1,Low Value / Dormant
CUS-009501,7,40.55,293.67,One year,Low,4,56,31,0,0,High Value / Loyal
CUS-009502,36,107.29,3898.1,One year,High,0,79,42,1,0,High Value / Loyal
CUS-009503,38,50.83,1912.62,Two year,Medium,6,4,32,1,3,New / At-Risk
CUS-009504,52,85.02,4316.88,One year,Low,3,4,47,1,2,Mid Value / Moderate
CUS-009505,15,124.07,1874.29,Month-to-month,High,3,3,30,1,3,New / At-Risk
CUS-009506,46,83.52,3854.48,Month-to-month,Medium,6,55,32,0,2,Mid Value / Moderate
CUS-009507,23,124.71,2948.93,One year,High,9,69,55,0,0,High Value / Loyal
CUS-009508,12,75.42,943.82,Two year,High,0,83,58,0,0,High Value / Loyal
CUS-009509,44,149.92,6483.46,Two year,High,5,32,19,1,1,Low Value / Dormant
CUS-009510,15,76.66,1116.09,Two year,Medium,0,58,40,0,0,High Value / Loyal
CUS-009511,49,39.42,1912.77,Month-to-month,Low,5,73,36,1,2,Mid Value / Moderate
CUS-009512,21,72.24,1507.63,Month-to-month,Medium,9,67,36,1,0,High Value / Loyal
CUS-009513,15,116.54,1667.62,One year,Medium,1,34,39,1,3,New / At-Risk
CUS-009514,14,130.23,1889.19,Month-to-month,Low,9,63,54,0,0,High Value / Loyal
CUS-009515,42,79.81,3518.29,Two year,Medium,0,89,55,0,0,High Value / Loyal
CUS-009516,15,97.28,1520.99,One year,Medium,7,10,13,1,3,New / At-Risk
CUS-009517,63,129.84,8474.66,Two year,Low,6,32,35,1,1,Low Value / Dormant
CUS-009518,68,125.76,8973.01,Month-to-month,Low,1,5,11,1,1,Low Value / Dormant
CUS-009519,27,105.5,2964.78,Month-to-month,High,1,29,25,0,3,New / At-Risk
CUS-009520,53,125.95,6801.28,One year,High,4,7,33,1,1,Low Value / Dormant
CUS-009521,52,94.87,4768.76,Month-to-month,Medium,3,15,5,0,1,Low Value / Dormant
CUS-009522,63,20.6,1253.46,One year,Low,3,2,45,0,2,Mid Value / Moderate
CUS-009523,53,25.36,1283.67,Month-to-month,High,8,10,12,1,2,Mid Value / Moderate
CUS-009524,57,147.38,8326.31,One year,Low,0,11,54,0,1,Low Value / Dormant
CUS-009525,52,38.85,2082.53,Month-to-month,Medium,9,53,21,0,2,Mid Value / Moderate
CUS-009526,43,72.59,3118.22,Two year,Medium,8,56,34,0,2,Mid Value / Moderate
CUS-009527,7,141.4,976.54,One year,Low,2,40,18,0,3,New / At-Risk
CUS-009528,42,45.36,1830.48,Two year,Medium,7,58,36,1,2,Mid Value / Moderate
CUS-009529,4,129.69,495.52,Month-to-month,High,4,85,22,1,0,High Value / Loyal
CUS-009530,69,126.37,8631.95,Month-to-month,Medium,9,76,49,1,1,Low Value / Dormant
CUS-009531,5,148.22,711.46,Two year,High,2,68,31,1,0,High Value / Loyal
CUS-009532,41,56.62,2229.33,Month-to-month,Low,8,92,43,1,0,High Value / Loyal
CUS-009533,4,60.99,241.42,Month-to-month,High,8,93,10,1,0,High Value / Loyal
CUS-009534,2,137.37,274.83,Two year,Medium,7,77,3,0,0,High Value / Loyal
CUS-009535,67,50.43,3272.96,Month-to-month,Medium,2,82,11,1,2,Mid Value / Moderate
CUS-009536,21,91.23,1951.14,Month-to-month,Low,2,27,55,1,3,New / At-Risk
CUS-009537,70,111.95,7773.12,Month-to-month,High,9,3,50,1,1,Low Value / Dormant
CUS-009538,43,55.34,2282.72,Month-to-month,High,9,99,38,1,0,High Value / Loyal
CUS-009539,69,141.99,9931.82,One year,Medium,2,39,29,0,1,Low Value / Dormant
CUS-009540,9,106.54,945.15,Month-to-month,Medium,5,22,9,1,3,New / At-Risk
CUS-009541,28,26.13,698.84,One year,High,1,81,50,0,0,High Value / Loyal
CUS-009542,26,37.65,1022.64,Month-to-month,High,8,92,23,0,0,High Value / Loyal
CUS-009543,3,44.8,135.36,Two year,Medium,1,61,22,1,0,High Value / Loyal
CUS-009544,49,51.84,2534.72,Month-to-month,Medium,9,38,0,0,2,Mid Value / Moderate
CUS-009545,17,114.99,2025.0,One year,Low,7,16,47,1,3,New / At-Risk
CUS-009546,63,31.56,2075.22,Two year,Low,9,69,3,0,2,Mid Value / Moderate
CUS-009547,55,65.58,3505.88,One year,Low,3,86,54,1,2,Mid Value / Moderate
CUS-009548,23,138.48,3283.82,Month-to-month,Medium,3,17,27,1,3,New / At-Risk
CUS-009549,34,92.37,,Month-to-month,Medium,4,61,43,1,0,High Value / Loyal
CUS-009550,69,54.51,3593.89,Month-to-month,Medium,0,75,44,1,2,Mid Value / Moderate
CUS-009551,15,144.42,2212.17,One year,High,3,86,52,1,0,High Value / Loyal
CUS-009552,47,51.76,2326.45,Month-to-month,High,5,44,2,1,2,Mid Value / Moderate
CUS-009553,3,137.66,416.9,Two year,Medium,9,44,47,1,3,New / At-Risk
CUS-009554,28,114.35,3255.99,Two year,Low,1,41,1,0,3,New / At-Risk
CUS-009555,3,116.27,344.17,Month-to-month,Low,2,55,40,1,0,High Value / Loyal
CUS-009556,4,119.44,495.96,Month-to-month,High,3,3,57,1,3,New / At-Risk
CUS-009557,31,85.85,2741.45,Two year,Medium,2,91,5,1,0,High Value / Loyal
CUS-009558,45,125.9,5906.6,Month-to-month,Medium,8,13,41,1,1,Low Value / Dormant
CUS-009559,59,128.71,7453.04,One year,Low,5,77,16,0,1,Low Value / Dormant
CUS-009560,45,66.86,2864.88,One year,Medium,4,51,36,0,2,Mid Value / Moderate
CUS-009561,37,72.04,2748.68,Month-to-month,Medium,4,54,43,0,2,Mid Value / Moderate
CUS-009562,65,135.54,8565.94,Two year,Medium,1,94,22,0,1,Low Value / Dormant
CUS-009563,9,88.21,791.33,One year,Medium,8,18,39,1,3,New / At-Risk
CUS-009564,17,132.7,2327.53,Month-to-month,Medium,1,40,20,1,3,New / At-Risk
CUS-009565,65,101.48,6408.96,Month-to-month,Medium,4,97,43,1,1,Low Value / Dormant
CUS-009566,3,97.16,286.01,Two year,Low,6,81,30,1,0,High Value / Loyal
CUS-009567,26,24.03,620.91,One year,Low,2,10,11,1,3,New / At-Risk
CUS-009568,53,56.13,2906.82,Month-to-month,Medium,7,41,28,0,2,Mid Value / Moderate
CUS-009569,31,85.27,2633.07,Month-to-month,Low,4,44,41,1,3,New / At-Risk
CUS-009570,26,96.35,2382.28,Month-to-month,Medium,9,88,59,1,0,High Value / Loyal
CUS-009571,23,101.96,2277.51,Two year,High,2,93,12,0,0,High Value / Loyal
CUS-009572,30,113.11,3506.11,Month-to-month,Medium,2,8,25,0,3,New / At-Risk
CUS-009573,10,105.31,1043.99,Month-to-month,Low,2,36,32,1,3,New / At-Risk
CUS-009574,64,130.31,8453.92,Two year,High,2,56,59,0,1,Low Value / Dormant
CUS-009575,22,58.41,1250.64,One year,Medium,3,14,33,1,3,New / At-Risk
CUS-009576,15,103.4,1574.31,One year,High,9,29,19,0,3,New / At-Risk
CUS-009577,56,26.65,1567.06,Two year,Medium,0,7,46,0,2,Mid Value / Moderate
CUS-009578,20,82.42,1664.2,Month-to-month,Medium,2,89,9,0,0,High Value / Loyal
CUS-009579,47,54.84,2610.77,Two year,Medium,9,42,0,0,2,Mid Value / Moderate
CUS-009580,53,69.52,3541.18,Month-to-month,High,9,30,51,0,2,Mid Value / Moderate
CUS-009581,53,66.11,3469.77,Month-to-month,Low,4,92,28,1,2,Mid Value / Moderate
CUS-009582,1,27.86,28.86,Month-to-month,Medium,7,74,53,0,0,High Value / Loyal
CUS-009583,2,80.66,166.72,Two year,High,7,47,21,0,3,New / At-Risk
CUS-009584,58,149.3,8678.9,Month-to-month,High,8,34,49,1,1,Low Value / Dormant
CUS-009585,19,58.86,1163.49,Month-to-month,High,8,62,0,0,0,High Value / Loyal
CUS-009586,62,115.7,6917.2,Month-to-month,High,5,16,43,1,1,Low Value / Dormant
CUS-009587,12,91.21,1111.86,Month-to-month,Medium,9,74,7,0,0,High Value / Loyal
CUS-009588,26,62.28,1578.6,One year,Medium,6,29,56,0,3,New / At-Risk
CUS-009589,27,31.65,866.96,One year,Medium,3,15,8,0,3,New / At-Risk
CUS-009590,29,48.06,1336.28,Two year,Medium,2,92,22,0,0,High Value / Loyal
CUS-009591,15,121.64,1905.56,Two year,Medium,2,51,59,1,3,New / At-Risk
CUS-009592,46,56.27,2662.66,One year,Medium,1,56,19,0,2,Mid Value / Moderate
CUS-009593,1,38.76,37.6,One year,Low,7,88,33,1,0,High Value / Loyal
CUS-009594,60,63.07,3836.07,Month-to-month,Medium,6,42,15,1,2,Mid Value / Moderate
CUS-009595,57,95.93,5609.45,Two year,High,7,20,54,1,1,Low Value / Dormant
CUS-009596,3,111.45,324.64,Month-to-month,High,5,47,21,0,3,New / At-Risk
CUS-009597,18,70.36,1214.93,Month-to-month,Medium,9,64,45,1,0,High Value / Loyal
CUS-009598,52,84.76,4342.15,One year,Low,9,93,22,1,1,Low Value / Dormant
CUS-009599,60,79.14,4575.39,Two year,High,4,2,0,0,2,Mid Value / Moderate
CUS-009600,34,21.17,724.52,One year,Medium,0,32,13,0,2,Mid Value / Moderate
CUS-009601,60,71.43,4253.16,Two year,Medium,7,54,51,0,2,Mid Value / Moderate
CUS-009602,26,96.35,2495.73,Month-to-month,High,1,42,48,1,3,New / At-Risk
CUS-009603,19,94.09,1795.43,One year,Medium,0,30,22,0,3,New / At-Risk
CUS-009604,22,117.47,2708.91,Month-to-month,High,8,9,37,1,3,New / At-Risk
CUS-009605,33,107.15,3639.39,One year,Medium,7,19,57,1,3,New / At-Risk
CUS-009606,38,55.98,2154.97,Month-to-month,High,8,6,39,1,3,New / At-Risk
CUS-009607,35,53.23,1837.78,Month-to-month,Medium,4,72,49,1,0,High Value / Loyal
CUS-009608,67,80.34,5128.11,Month-to-month,Medium,2,98,7,1,1,Low Value / Dormant
CUS-009609,10,115.29,1108.65,Month-to-month,Medium,7,58,31,0,0,High Value / Loyal
CUS-009610,15,32.2,494.11,Month-to-month,Medium,3,1,39,0,3,New / At-Risk
CUS-009611,11,143.28,1555.49,Month-to-month,Medium,0,13,1,0,3,New / At-Risk
CUS-009612,24,90.61,2138.63,Month-to-month,Medium,8,6,47,1,3,New / At-Risk
CUS-009613,4,59.83,248.64,Month-to-month,Medium,3,99,12,0,0,High Value / Loyal
CUS-009614,13,110.14,1429.61,Month-to-month,High,1,29,58,1,3,New / At-Risk
CUS-009615,57,25.81,1530.21,Month-to-month,Medium,9,66,26,1,2,Mid Value / Moderate
CUS-009616,37,82.97,3188.65,Month-to-month,Medium,2,74,45,0,0,High Value / Loyal
CUS-009617,48,83.18,3824.84,Month-to-month,High,5,31,6,0,2,Mid Value / Moderate
CUS-009618,71,41.06,3044.86,Month-to-month,Medium,8,72,2,0,2,Mid Value / Moderate
CUS-009619,1,128.86,123.41,Two year,Low,5,41,20,1,3,New / At-Risk
CUS-009620,60,123.59,7758.83,One year,Medium,3,39,7,0,1,Low Value / Dormant
CUS-009621,12,39.86,476.0,Month-to-month,Medium,0,57,0,0,0,High Value / Loyal
CUS-009622,21,67.3,1450.11,One year,Medium,1,28,16,0,3,New / At-Risk
CUS-009623,11,33.06,371.11,Month-to-month,Medium,6,31,25,1,3,New / At-Risk
CUS-009624,44,130.32,5744.65,One year,High,2,13,28,1,1,Low Value / Dormant
CUS-009625,58,62.03,3640.81,Month-to-month,High,1,71,7,1,2,Mid Value / Moderate
CUS-009626,44,77.11,3545.54,One year,High,5,51,37,0,2,Mid Value / Moderate
CUS-009627,34,62.1,2201.75,One year,High,3,65,50,1,0,High Value / Loyal
CUS-009628,25,60.3,1530.85,Two year,Low,0,45,42,0,3,New / At-Risk
CUS-009629,4,117.15,475.99,Month-to-month,Medium,8,53,7,0,0,High Value / Loyal
CUS-009630,64,117.18,7309.96,Two year,High,8,57,7,1,1,Low Value / Dormant
CUS-009631,16,87.31,1442.91,One year,Low,4,26,24,0,3,New / At-Risk
CUS-009632,10,105.49,1068.89,Two year,High,7,16,41,1,3,New / At-Risk
CUS-009633,66,86.52,5896.36,One year,High,5,12,41,0,1,Low Value / Dormant
CUS-009634,35,23.72,843.18,One year,Medium,6,16,53,1,2,Mid Value / Moderate
CUS-009635,6,28.58,168.04,One year,Medium,5,98,59,0,0,High Value / Loyal
CUS-009636,19,69.89,1286.61,Two year,Medium,6,54,54,0,0,High Value / Loyal
CUS-009637,59,117.47,6637.37,Month-to-month,Medium,2,91,44,0,1,Low Value / Dormant
CUS-009638,53,138.72,7415.35,One year,Medium,2,52,26,0,1,Low Value / Dormant
CUS-009639,8,23.86,186.77,One year,High,9,89,21,0,0,High Value / Loyal
CUS-009640,10,67.84,687.29,Month-to-month,Medium,2,83,2,0,0,High Value / Loyal
CUS-009641,67,49.09,3143.98,Two year,Medium,9,71,56,1,2,Mid Value / Moderate
CUS-009642,38,125.98,4727.59,Month-to-month,High,5,76,48,1,1,Low Value / Dormant
CUS-009643,29,129.98,3679.05,Month-to-month,Medium,0,24,52,1,3,New / At-Risk
CUS-009644,15,46.83,693.39,One year,High,8,58,53,1,0,High Value / Loyal
CUS-009645,23,112.41,2470.14,One year,High,8,39,46,1,3,New / At-Risk
CUS-009646,46,115.13,5414.63,Month-to-month,Medium,3,69,37,0,1,Low Value / Dormant
CUS-009647,28,43.02,1158.32,One year,Medium,1,1,48,0,3,New / At-Risk
CUS-009648,26,76.38,1889.46,One year,Medium,6,71,23,1,0,High Value / Loyal
CUS-009649,10,100.64,1051.36,Month-to-month,High,6,90,32,1,0,High Value / Loyal
CUS-009650,47,23.39,1065.51,One year,High,5,88,34,0,2,Mid Value / Moderate
CUS-009651,4,72.6,299.91,Two year,Medium,7,61,39,0,0,High Value / Loyal
CUS-009652,55,40.14,2310.5,Month-to-month,Medium,2,48,28,0,2,Mid Value / Moderate
CUS-009653,66,90.45,5989.84,One year,High,1,62,7,0,1,Low Value / Dormant
CUS-009654,67,129.58,8704.49,Month-to-month,Medium,9,81,10,1,1,Low Value / Dormant
CUS-009655,7,88.22,609.34,Two year,Low,0,4,15,0,3,New / At-Risk
CUS-009656,55,24.68,1347.18,One year,Medium,2,80,58,0,2,Mid Value / Moderate
CUS-009657,31,23.86,738.19,Month-to-month,Low,7,69,32,0,2,Mid Value / Moderate
CUS-009658,19,98.72,1810.34,Month-to-month,Medium,7,69,10,0,0,High Value / Loyal
CUS-009659,28,62.64,1730.13,One year,Medium,6,52,28,0,0,High Value / Loyal
CUS-009660,28,94.45,2728.1,One year,High,1,46,48,0,3,New / At-Risk
CUS-009661,19,41.27,759.28,Two year,Medium,2,17,44,1,3,New / At-Risk
CUS-009662,20,120.99,2475.46,Month-to-month,Low,6,85,23,0,0,High Value / Loyal
CUS-009663,13,131.89,1740.61,Month-to-month,Medium,7,30,1,0,3,New / At-Risk
CUS-009664,43,135.6,5572.64,Month-to-month,Medium,8,49,4,0,1,Low Value / Dormant
CUS-009665,11,59.53,623.55,Month-to-month,Medium,5,51,23,0,0,High Value / Loyal
CUS-009666,48,105.9,5008.03,Month-to-month,Medium,9,33,52,1,1,Low Value / Dormant
CUS-009667,15,56.28,860.35,Two year,High,2,87,43,0,0,High Value / Loyal
CUS-009668,17,119.16,1991.34,Month-to-month,High,8,58,46,1,0,High Value / Loyal
CUS-009669,54,35.67,1958.39,One year,High,4,93,6,0,2,Mid Value / Moderate
CUS-009670,50,119.16,6056.55,Month-to-month,Medium,3,39,30,1,1,Low Value / Dormant
CUS-009671,28,77.16,2226.85,One year,High,8,71,29,1,0,High Value / Loyal
CUS-009672,4,131.22,503.86,Two year,Low,9,37,5,1,3,New / At-Risk
CUS-009673,22,116.06,2573.04,One year,Low,1,71,4,0,0,High Value / Loyal
CUS-009674,39,68.95,2571.31,Month-to-month,High,9,15,14,1,3,New / At-Risk
CUS-009675,34,137.46,4522.19,Month-to-month,Medium,3,61,26,1,1,Low Value / Dormant
CUS-009676,44,56.83,2457.05,Two year,Medium,5,93,34,1,0,High Value / Loyal
CUS-009677,42,145.71,6246.68,Two year,High,5,10,53,0,1,Low Value / Dormant
CUS-009678,40,119.74,5016.42,Month-to-month,Low,9,20,8,1,1,Low Value / Dormant
CUS-009679,12,148.79,1757.34,One year,Medium,4,9,22,0,3,New / At-Risk
CUS-009680,2,27.01,54.13,One year,High,9,70,57,1,0,High Value / Loyal
CUS-009681,28,55.62,1519.96,One year,Medium,6,20,16,0,3,New / At-Risk
CUS-009682,67,116.36,7933.23,Two year,Medium,4,64,52,1,1,Low Value / Dormant
CUS-009683,71,139.89,9799.85,Month-to-month,Medium,5,85,22,0,1,Low Value / Dormant
CUS-009684,10,23.74,236.97,One year,Medium,0,7,45,0,3,New / At-Risk
CUS-009685,57,20.0,1147.8,Month-to-month,High,7,64,38,1,2,Mid Value / Moderate
CUS-009686,37,53.31,2009.26,One year,Medium,4,48,46,0,2,Mid Value / Moderate
CUS-009687,64,130.86,8006.66,Month-to-month,Medium,4,98,28,1,1,Low Value / Dormant
CUS-009688,40,119.73,4815.49,One year,Medium,9,47,58,1,1,Low Value / Dormant
CUS-009689,60,64.24,3827.63,Month-to-month,Medium,5,64,38,0,2,Mid Value / Moderate
CUS-009690,48,20.26,936.93,Month-to-month,Low,5,67,44,0,2,Mid Value / Moderate
CUS-009691,19,92.11,1699.03,One year,Medium,7,45,45,0,3,New / At-Risk
CUS-009692,33,50.93,1745.35,Month-to-month,Medium,3,17,53,1,3,New / At-Risk
CUS-009693,44,116.93,5336.16,Month-to-month,Medium,3,51,10,1,1,Low Value / Dormant
CUS-009694,37,78.03,2752.22,One year,High,2,43,49,1,2,Mid Value / Moderate
CUS-009695,36,108.22,3969.65,Month-to-month,High,8,66,12,1,1,Low Value / Dormant
CUS-009696,21,130.8,2761.69,One year,Medium,7,76,11,1,0,High Value / Loyal
CUS-009697,2,89.65,187.18,Two year,Low,4,13,1,1,3,New / At-Risk
CUS-009698,31,63.67,2054.44,Month-to-month,High,7,76,41,0,0,High Value / Loyal
CUS-009699,30,120.04,3629.87,One year,Low,5,27,53,0,3,New / At-Risk
CUS-009700,44,54.47,2310.33,One year,Low,4,90,10,0,2,Mid Value / Moderate
CUS-009701,12,135.9,1624.22,Month-to-month,Medium,8,47,47,1,3,New / At-Risk
CUS-009702,51,29.29,1527.2,Month-to-month,High,8,40,48,1,2,Mid Value / Moderate
CUS-009703,49,128.61,6586.62,Two year,Medium,7,69,13,1,1,Low Value / Dormant
CUS-009704,24,31.9,755.23,Month-to-month,Medium,9,32,21,0,3,New / At-Risk
CUS-009705,24,27.3,673.8,Month-to-month,High,2,45,20,1,2,Mid Value / Moderate
CUS-009706,60,67.22,4107.35,One year,High,8,80,44,1,2,Mid Value / Moderate
CUS-009707,11,144.35,1520.9,One year,Medium,5,74,48,0,0,High Value / Loyal
CUS-009708,13,147.85,1933.24,Two year,Medium,8,37,36,0,3,New / At-Risk
CUS-009709,64,46.27,2867.51,Two year,High,0,15,35,1,2,Mid Value / Moderate
CUS-009710,20,39.32,800.89,Month-to-month,Low,0,75,24,0,0,High Value / Loyal
CUS-009711,71,65.88,4729.25,One year,High,5,9,42,0,2,Mid Value / Moderate
CUS-009712,28,63.82,1871.53,Two year,Medium,3,82,48,0,0,High Value / Loyal
CUS-009713,2,118.75,247.83,One year,High,4,97,57,0,0,High Value / Loyal
CUS-009714,43,77.72,3177.99,One year,Low,4,55,2,0,2,Mid Value / Moderate
CUS-009715,8,121.38,930.3,Month-to-month,Medium,2,9,1,1,3,New / At-Risk
CUS-009716,13,117.33,1566.38,Month-to-month,Low,8,64,26,1,0,High Value / Loyal
CUS-009717,35,95.18,3393.16,One year,Low,0,41,32,0,3,New / At-Risk
CUS-009718,23,128.36,3041.05,Two year,Medium,5,15,17,0,3,New / At-Risk
CUS-009719,46,45.43,2041.24,Month-to-month,High,1,36,47,0,2,Mid Value / Moderate
CUS-009720,15,41.04,637.03,Month-to-month,High,1,36,10,0,3,New / At-Risk
CUS-009721,2,117.58,233.81,Two year,Low,8,65,6,1,0,High Value / Loyal
CUS-009722,61,51.82,3085.97,Month-to-month,Low,9,28,36,1,2,Mid Value / Moderate
CUS-009723,64,20.36,1239.47,One year,High,1,33,49,0,2,Mid Value / Moderate
CUS-009724,52,138.55,7472.41,Month-to-month,High,8,65,35,1,1,Low Value / Dormant
CUS-009725,36,100.98,3648.19,Month-to-month,Medium,7,54,26,1,1,Low Value / Dormant
CUS-009726,67,77.84,5463.34,Month-to-month,Medium,6,6,21,0,1,Low Value / Dormant
CUS-009727,69,114.35,8059.24,Month-to-month,Low,7,75,30,0,1,Low Value / Dormant
CUS-009728,67,63.33,4065.28,One year,Medium,8,48,39,0,2,Mid Value / Moderate
CUS-009729,47,143.98,6826.58,Month-to-month,Medium,9,91,53,0,1,Low Value / Dormant
CUS-009730,2,28.92,55.05,Month-to-month,Medium,8,69,5,1,0,High Value / Loyal
CUS-009731,44,103.32,4572.49,Month-to-month,Medium,2,74,53,0,1,Low Value / Dormant
CUS-009732,64,121.05,7631.0,Month-to-month,Low,9,28,52,1,1,Low Value / Dormant
CUS-009733,28,80.99,2300.11,Two year,High,0,16,52,1,3,New / At-Risk
CUS-009734,54,118.15,6406.4,Month-to-month,High,7,26,53,0,1,Low Value / Dormant
CUS-009735,67,140.5,9188.74,Month-to-month,High,9,50,53,1,1,Low Value / Dormant
CUS-009736,36,116.72,4060.01,Month-to-month,Low,3,54,32,0,1,Low Value / Dormant
CUS-009737,63,60.22,3757.56,Month-to-month,Low,4,92,6,0,2,Mid Value / Moderate
CUS-009738,25,93.04,2439.24,One year,High,5,78,5,0,0,High Value / Loyal
CUS-009739,48,138.51,6605.66,One year,Medium,5,13,53,1,1,Low Value / Dormant
CUS-009740,39,78.38,3132.98,One year,High,6,65,0,1,2,Mid Value / Moderate
CUS-009741,47,108.62,4879.0,One year,Low,9,35,38,0,1,Low Value / Dormant
CUS-009742,21,80.52,1670.37,Month-to-month,High,2,79,45,0,0,High Value / Loyal
CUS-009743,30,35.77,1081.86,Month-to-month,Medium,1,29,37,0,2,Mid Value / Moderate
CUS-009744,31,27.62,877.65,One year,Low,8,31,41,1,2,Mid Value / Moderate
CUS-009745,26,143.8,3749.3,One year,Medium,1,12,49,0,3,New / At-Risk
CUS-009746,22,99.63,2195.22,One year,Medium,8,69,47,1,0,High Value / Loyal
CUS-009747,21,33.5,721.98,Month-to-month,Medium,9,32,43,1,3,New / At-Risk
CUS-009748,1,131.47,129.01,Month-to-month,Low,3,10,28,1,3,New / At-Risk
CUS-009749,37,87.95,3120.93,Two year,High,0,5,10,1,3,New / At-Risk
CUS-009750,46,120.35,5451.53,Month-to-month,Medium,2,27,27,0,1,Low Value / Dormant
CUS-009751,9,36.48,317.11,One year,High,9,39,55,1,3,New / At-Risk
CUS-009752,17,137.9,2453.5,Month-to-month,High,1,21,39,1,3,New / At-Risk
CUS-009753,47,96.77,4583.43,Two year,Medium,3,16,14,1,1,Low Value / Dormant
CUS-009754,59,115.97,6805.92,Two year,Medium,1,29,29,0,1,Low Value / Dormant
CUS-009755,54,24.08,1353.86,One year,Low,9,79,22,0,2,Mid Value / Moderate
CUS-009756,12,60.99,761.18,One year,Medium,5,71,11,0,0,High Value / Loyal
CUS-009757,64,54.77,3475.6,Two year,High,9,82,54,1,2,Mid Value / Moderate
CUS-009758,6,143.45,892.94,One year,Medium,0,83,27,0,0,High Value / Loyal
CUS-009759,53,44.09,2235.1,Two year,Medium,4,81,30,1,2,Mid Value / Moderate
CUS-009760,16,111.92,1859.74,Month-to-month,Low,8,14,29,1,3,New / At-Risk
CUS-009761,5,25.56,125.37,Month-to-month,Low,0,41,58,1,3,New / At-Risk
CUS-009762,46,45.7,2115.84,Two year,Medium,3,74,38,0,2,Mid Value / Moderate
CUS-009763,14,64.02,875.61,One year,High,1,89,15,0,0,High Value / Loyal
CUS-009764,44,123.29,5687.56,One year,Medium,1,41,29,0,1,Low Value / Dormant
CUS-009765,63,122.7,7398.9,Two year,High,4,44,3,0,1,Low Value / Dormant
CUS-009766,52,143.84,7439.91,Two year,Medium,1,73,32,0,1,Low Value / Dormant
CUS-009767,26,139.18,3662.46,Month-to-month,Medium,4,16,56,0,3,New / At-Risk
CUS-009768,53,30.6,1640.38,One year,Medium,0,24,32,0,2,Mid Value / Moderate
CUS-009769,29,127.88,3797.15,One year,High,4,21,59,1,3,New / At-Risk
CUS-009770,19,78.65,1527.94,One year,Low,2,59,27,1,0,High Value / Loyal
CUS-009771,47,132.57,6413.21,Month-to-month,Medium,1,98,20,1,1,Low Value / Dormant
CUS-009772,8,31.61,246.14,Month-to-month,High,3,39,14,0,3,New / At-Risk
CUS-009773,23,126.96,2882.27,Month-to-month,Medium,0,71,25,1,0,High Value / Loyal
CUS-009774,35,40.75,1409.55,Month-to-month,Medium,2,7,13,0,3,New / At-Risk
CUS-009775,53,63.4,3513.34,Month-to-month,Medium,0,28,56,0,2,Mid Value / Moderate
CUS-009776,58,23.75,1365.02,Month-to-month,Medium,7,51,14,1,2,Mid Value / Moderate
CUS-009777,5,36.08,175.41,One year,High,4,35,1,0,3,New / At-Risk
CUS-009778,16,77.94,1263.61,Month-to-month,Medium,0,58,15,1,0,High Value / Loyal
CUS-009779,17,126.38,2132.9,Month-to-month,Medium,1,10,36,0,3,New / At-Risk
CUS-009780,32,120.58,3762.04,Month-to-month,Medium,8,38,58,1,3,New / At-Risk
CUS-009781,52,50.59,2687.21,One year,Medium,6,32,10,1,2,Mid Value / Moderate
CUS-009782,20,39.72,769.92,Month-to-month,High,2,62,10,0,0,High Value / Loyal
CUS-009783,66,70.6,4722.02,Month-to-month,Medium,0,98,32,0,2,Mid Value / Moderate
CUS-009784,1,134.82,133.89,Month-to-month,Low,1,88,1,0,0,High Value / Loyal
CUS-009785,58,31.89,1815.9,One year,High,6,50,32,1,2,Mid Value / Moderate
CUS-009786,44,90.58,4163.21,Month-to-month,Low,7,41,2,0,1,Low Value / Dormant
CUS-009787,6,31.54,185.95,Month-to-month,Low,4,47,19,1,0,High Value / Loyal
CUS-009788,50,81.13,3994.52,One year,Low,3,2,32,0,2,Mid Value / Moderate
CUS-009789,20,36.48,756.7,Month-to-month,High,9,42,25,0,3,New / At-Risk
CUS-009790,14,30.44,410.4,Two year,High,3,4,48,0,3,New / At-Risk
CUS-009791,5,44.81,215.27,Two year,Medium,4,1,33,0,3,New / At-Risk
CUS-009792,41,53.18,2133.13,Month-to-month,Medium,6,22,13,0,2,Mid Value / Moderate
CUS-009793,40,55.91,2257.08,One year,Medium,6,11,51,0,3,New / At-Risk
CUS-009794,34,103.88,3491.22,Month-to-month,Medium,3,11,28,1,3,New / At-Risk
CUS-009795,45,27.15,1234.91,Month-to-month,Low,0,14,1,1,2,Mid Value / Moderate
CUS-009796,71,30.51,2092.17,Two year,Low,4,91,49,1,2,Mid Value / Moderate
CUS-009797,71,44.53,3086.33,Month-to-month,Medium,6,97,7,0,2,Mid Value / Moderate
CUS-009798,27,133.37,3624.41,Month-to-month,High,3,92,26,0,0,High Value / Loyal
CUS-009799,44,101.72,4349.03,Two year,Low,6,87,7,1,1,Low Value / Dormant
CUS-009800,33,114.95,3764.0,Month-to-month,Medium,7,73,6,1,0,High Value / Loyal
CUS-009801,33,68.15,2265.19,Month-to-month,Medium,1,59,10,0,0,High Value / Loyal
CUS-009802,44,47.72,2199.07,Month-to-month,Medium,1,18,51,1,2,Mid Value / Moderate
CUS-009803,20,24.93,477.75,One year,Low,4,61,38,0,0,High Value / Loyal
CUS-009804,36,83.51,2994.45,Month-to-month,High,2,24,29,0,3,New / At-Risk
CUS-009805,7,94.66,655.72,One year,Medium,3,27,53,0,3,New / At-Risk
CUS-009806,32,136.61,4513.27,Two year,Medium,0,35,38,1,1,Low Value / Dormant
CUS-009807,67,134.67,9384.22,One year,Medium,3,68,48,0,1,Low Value / Dormant
CUS-009808,39,75.21,3052.54,Month-to-month,Medium,3,22,46,1,3,New / At-Risk
CUS-009809,24,75.07,1779.07,Two year,Medium,3,11,20,0,3,New / At-Risk
CUS-009810,70,40.95,2810.23,One year,High,2,71,20,0,2,Mid Value / Moderate
CUS-009811,54,53.47,2872.61,One year,Low,1,58,6,0,2,Mid Value / Moderate
CUS-009812,38,140.34,5249.58,Month-to-month,Low,3,98,19,1,1,Low Value / Dormant
CUS-009813,32,38.33,1253.56,Month-to-month,Low,7,76,48,1,0,High Value / Loyal
CUS-009814,45,145.93,6378.8,Month-to-month,High,2,4,50,0,1,Low Value / Dormant
CUS-009815,61,85.62,5305.45,One year,Low,5,66,13,0,1,Low Value / Dormant
CUS-009816,70,79.36,5792.32,Month-to-month,Medium,1,65,19,0,1,Low Value / Dormant
CUS-009817,53,42.7,2213.45,Month-to-month,Medium,0,18,4,0,2,Mid Value / Moderate
CUS-009818,51,106.0,5501.65,Month-to-month,Medium,6,59,30,0,1,Low Value / Dormant
CUS-009819,56,79.78,4308.43,Month-to-month,Low,5,23,11,0,2,Mid Value / Moderate
CUS-009820,27,68.19,1771.32,Month-to-month,Medium,9,98,55,1,0,High Value / Loyal
CUS-009821,38,54.39,1987.27,Month-to-month,Low,3,4,55,1,3,New / At-Risk
CUS-009822,62,28.64,1711.69,Two year,Low,6,53,11,1,2,Mid Value / Moderate
CUS-009823,18,87.51,1530.52,One year,Medium,5,83,1,0,0,High Value / Loyal
CUS-009824,64,60.68,3907.8,One year,High,1,40,25,0,2,Mid Value / Moderate
CUS-009825,30,112.02,3450.4,Month-to-month,High,3,40,3,0,3,New / At-Risk
CUS-009826,49,114.06,5380.29,Month-to-month,High,8,51,29,1,1,Low Value / Dormant
CUS-009827,41,63.17,2685.97,Month-to-month,Medium,7,9,33,1,3,New / At-Risk
CUS-009828,13,106.99,1438.48,Month-to-month,High,5,23,36,1,3,New / At-Risk
CUS-009829,34,53.63,1864.81,Two year,Medium,0,13,19,0,3,New / At-Risk
CUS-009830,25,114.53,2842.12,Month-to-month,Medium,6,1,1,1,3,New / At-Risk
CUS-009831,66,22.09,1385.27,One year,Low,0,76,44,1,2,Mid Value / Moderate
CUS-009832,18,39.71,731.54,Month-to-month,Medium,7,10,34,1,3,New / At-Risk
CUS-009833,5,51.85,269.08,Two year,High,2,27,14,1,3,New / At-Risk
CUS-009834,19,120.48,2251.45,Month-to-month,Medium,8,19,50,1,3,New / At-Risk
CUS-009835,42,28.63,1228.63,Two year,Medium,4,96,47,0,2,Mid Value / Moderate
CUS-009836,18,44.45,765.02,Month-to-month,High,5,22,13,1,3,New / At-Risk
CUS-009837,32,66.62,2176.54,Month-to-month,Medium,3,89,54,0,0,High Value / Loyal
CUS-009838,21,21.19,425.84,Two year,Medium,5,11,35,1,3,New / At-Risk
CUS-009839,10,119.08,1201.14,Month-to-month,Medium,8,75,48,0,0,High Value / Loyal
CUS-009840,37,92.81,3467.61,Two year,Medium,6,90,52,1,0,High Value / Loyal
CUS-009841,49,137.09,6584.43,Month-to-month,High,1,16,53,0,1,Low Value / Dormant
CUS-009842,13,24.03,299.29,Month-to-month,Medium,5,29,53,1,3,New / At-Risk
CUS-009843,55,55.28,3177.06,Month-to-month,Medium,8,30,29,1,2,Mid Value / Moderate
CUS-009844,17,115.06,1963.03,One year,Medium,7,11,43,1,3,New / At-Risk
CUS-009845,9,107.77,977.66,One year,Medium,0,57,57,0,0,High Value / Loyal
CUS-009846,44,51.6,2296.4,Month-to-month,High,4,65,26,0,2,Mid Value / Moderate
CUS-009847,46,97.44,4657.49,One year,Medium,5,6,1,0,1,Low Value / Dormant
CUS-009848,8,123.19,942.17,Month-to-month,Medium,8,77,20,0,0,High Value / Loyal
CUS-009849,37,24.34,935.98,Two year,Medium,3,91,51,1,0,High Value / Loyal
CUS-009850,19,113.29,2096.51,Month-to-month,Medium,0,35,13,1,3,New / At-Risk
CUS-009851,63,52.77,3184.36,Month-to-month,High,5,97,26,0,2,Mid Value / Moderate
CUS-009852,46,143.22,6691.76,Month-to-month,Medium,8,59,20,1,1,Low Value / Dormant
CUS-009853,71,89.97,6692.45,Two year,Medium,5,14,22,0,1,Low Value / Dormant
CUS-009854,26,24.34,604.83,Month-to-month,High,6,43,34,1,2,Mid Value / Moderate
CUS-009855,46,72.45,3307.9,Month-to-month,Low,9,46,47,1,2,Mid Value / Moderate
CUS-009856,46,145.62,6718.5,One year,Low,3,22,7,0,1,Low Value / Dormant
CUS-009857,14,114.95,1569.39,Two year,Medium,1,60,58,0,0,High Value / Loyal
CUS-009858,63,59.06,3900.6,Month-to-month,High,2,85,11,0,2,Mid Value / Moderate
CUS-009859,3,94.78,288.36,Month-to-month,Low,0,2,27,1,3,New / At-Risk
CUS-009860,28,97.88,2835.11,One year,Low,1,69,40,0,0,High Value / Loyal
CUS-009861,29,23.04,662.4,Month-to-month,Medium,6,15,32,0,3,New / At-Risk
CUS-009862,18,43.25,767.1,Month-to-month,High,8,50,32,1,0,High Value / Loyal
CUS-009863,35,91.73,3227.65,One year,High,8,84,8,0,0,High Value / Loyal
CUS-009864,47,72.36,3378.81,One year,Low,8,90,14,0,2,Mid Value / Moderate
CUS-009865,5,44.7,228.33,One year,High,0,56,9,1,0,High Value / Loyal
CUS-009866,59,120.45,6939.95,Two year,Medium,6,63,48,1,1,Low Value / Dormant
CUS-009867,59,83.57,4905.74,Month-to-month,Medium,6,88,1,0,1,Low Value / Dormant
CUS-009868,47,60.3,2945.91,One year,Medium,8,35,2,0,2,Mid Value / Moderate
CUS-009869,13,41.02,546.89,Month-to-month,Medium,8,88,22,1,0,High Value / Loyal
CUS-009870,33,99.45,3172.96,Two year,Medium,0,26,9,0,3,New / At-Risk
CUS-009871,62,106.61,6865.79,Month-to-month,High,9,86,18,1,1,Low Value / Dormant
CUS-009872,16,107.05,1728.01,Two year,Medium,4,27,40,1,3,New / At-Risk
CUS-009873,44,48.64,2178.41,Month-to-month,High,1,19,17,0,2,Mid Value / Moderate
CUS-009874,58,97.39,5532.63,Month-to-month,Low,5,37,34,1,1,Low Value / Dormant
CUS-009875,6,137.7,821.39,Month-to-month,High,1,36,40,0,3,New / At-Risk
CUS-009876,15,65.91,1019.05,Two year,Low,5,93,53,0,0,High Value / Loyal
CUS-009877,4,47.4,186.39,Two year,Medium,6,40,58,0,3,New / At-Risk
CUS-009878,56,120.38,6515.46,Two year,Medium,5,63,59,0,1,Low Value / Dormant
CUS-009879,64,42.99,2718.18,One year,Medium,0,39,42,0,2,Mid Value / Moderate
CUS-009880,68,52.99,3447.92,Month-to-month,High,3,12,8,0,2,Mid Value / Moderate
CUS-009881,34,33.08,1149.35,Month-to-month,Medium,2,44,30,1,2,Mid Value / Moderate
CUS-009882,56,54.82,2961.98,Month-to-month,Medium,4,80,29,1,2,Mid Value / Moderate
CUS-009883,32,73.34,2296.56,One year,Medium,6,48,36,1,3,New / At-Risk
CUS-009884,9,28.34,264.78,Month-to-month,High,2,95,51,0,0,High Value / Loyal
CUS-009885,63,133.32,8433.31,One year,Medium,0,79,49,0,1,Low Value / Dormant
CUS-009886,33,86.78,2812.5,Month-to-month,Medium,8,33,11,1,3,New / At-Risk
CUS-009887,21,96.45,2035.18,One year,High,5,79,16,0,0,High Value / Loyal
CUS-009888,55,68.27,3648.92,Two year,High,5,32,26,0,2,Mid Value / Moderate
CUS-009889,57,107.08,5813.67,One year,High,3,22,20,1,1,Low Value / Dormant
CUS-009890,2,76.13,153.84,Two year,Medium,0,6,48,0,3,New / At-Risk
CUS-009891,13,118.97,1579.74,Month-to-month,Low,8,30,47,1,3,New / At-Risk
CUS-009892,4,126.78,526.39,Month-to-month,High,9,17,53,1,3,New / At-Risk
CUS-009893,50,107.34,5512.94,Two year,High,6,2,26,1,1,Low Value / Dormant
CUS-009894,48,83.87,4197.71,Month-to-month,High,9,80,53,0,2,Mid Value / Moderate
CUS-009895,30,121.7,3828.26,Month-to-month,Medium,6,55,13,0,1,Low Value / Dormant
CUS-009896,29,84.26,2503.3,Month-to-month,Medium,6,12,54,1,3,New / At-Risk
CUS-009897,8,34.5,286.12,One year,High,6,12,40,0,3,New / At-Risk
CUS-009898,12,35.12,428.81,One year,High,7,51,53,1,0,High Value / Loyal
CUS-009899,41,143.32,5682.59,Month-to-month,Low,7,48,12,1,1,Low Value / Dormant
CUS-009900,26,47.76,1202.32,Two year,Medium,2,39,2,0,3,New / At-Risk
CUS-009901,50,126.07,6057.84,Two year,Medium,7,81,23,0,1,Low Value / Dormant
CUS-009902,2,52.07,108.76,Month-to-month,High,3,70,31,0,0,High Value / Loyal
CUS-009903,55,76.0,4252.29,One year,Low,6,90,36,1,2,Mid Value / Moderate
CUS-009904,56,105.14,6058.72,Two year,High,4,1,55,1,1,Low Value / Dormant
CUS-009905,14,40.65,559.53,Month-to-month,Low,3,16,7,1,3,New / At-Risk
CUS-009906,6,115.84,692.3,Month-to-month,Low,3,46,34,0,3,New / At-Risk
CUS-009907,61,109.69,6383.08,Month-to-month,Medium,5,63,22,0,1,Low Value / Dormant
CUS-009908,12,90.6,1129.5,Two year,High,1,59,15,0,0,High Value / Loyal
CUS-009909,13,93.57,1259.29,Month-to-month,Medium,4,47,35,1,3,New / At-Risk
CUS-009910,19,33.75,659.52,One year,Low,7,16,8,1,3,New / At-Risk
CUS-009911,44,76.67,3224.62,One year,Medium,1,46,38,0,2,Mid Value / Moderate
CUS-009912,59,31.25,1783.93,Month-to-month,Low,4,80,57,0,2,Mid Value / Moderate
CUS-009913,37,60.02,2183.99,Month-to-month,Low,6,39,17,0,2,Mid Value / Moderate
CUS-009914,25,137.04,3344.84,Month-to-month,Medium,4,93,48,1,0,High Value / Loyal
CUS-009915,16,94.69,1566.31,Month-to-month,Medium,9,50,53,0,3,New / At-Risk
CUS-009916,38,116.55,4293.8,Month-to-month,Medium,8,49,30,1,1,Low Value / Dormant
CUS-009917,43,94.61,4081.09,Month-to-month,Medium,8,26,37,1,1,Low Value / Dormant
CUS-009918,14,45.25,638.03,One year,High,7,94,41,1,0,High Value / Loyal
CUS-009919,6,97.33,579.57,Month-to-month,Medium,8,33,36,0,3,New / At-Risk
CUS-009920,23,118.2,2648.11,One year,Medium,1,20,46,0,3,New / At-Risk
CUS-009921,60,37.99,2384.49,Month-to-month,High,2,77,33,0,2,Mid Value / Moderate
CUS-009922,12,126.2,1501.26,One year,Low,3,72,46,0,0,High Value / Loyal
CUS-009923,13,92.2,1225.86,One year,Medium,4,96,40,0,0,High Value / Loyal
CUS-009924,6,20.56,119.44,Month-to-month,Low,9,82,5,1,0,High Value / Loyal
CUS-009925,63,87.57,5695.08,Month-to-month,High,1,41,35,0,1,Low Value / Dormant
CUS-009926,38,71.44,2637.49,One year,Low,9,11,54,1,3,New / At-Risk
CUS-009927,50,58.54,2978.21,One year,Medium,3,55,13,0,2,Mid Value / Moderate
CUS-009928,52,120.26,6257.76,Month-to-month,High,3,47,40,0,1,Low Value / Dormant
CUS-009929,40,136.93,5283.8,One year,Medium,4,78,23,0,1,Low Value / Dormant
CUS-009930,8,119.14,907.88,Month-to-month,Medium,5,50,32,1,3,New / At-Risk
CUS-009931,61,130.08,8276.7,Month-to-month,Low,0,97,50,1,1,Low Value / Dormant
CUS-009932,8,138.14,1063.77,Month-to-month,High,5,23,41,1,3,New / At-Risk
CUS-009933,34,138.64,4810.43,One year,Medium,8,61,49,1,1,Low Value / Dormant
CUS-009934,60,34.9,2126.15,One year,Medium,2,7,18,1,2,Mid Value / Moderate
CUS-009935,57,79.33,4450.25,Two year,High,1,15,28,0,2,Mid Value / Moderate
CUS-009936,46,20.04,892.71,Two year,Medium,7,79,52,1,2,Mid Value / Moderate
CUS-009937,22,85.84,1827.74,Month-to-month,Medium,1,9,5,0,3,New / At-Risk
CUS-009938,40,140.15,5653.9,Two year,Medium,7,85,2,1,1,Low Value / Dormant
CUS-009939,45,45.88,2074.44,One year,High,9,37,17,0,2,Mid Value / Moderate
CUS-009940,55,103.17,5887.8,Month-to-month,Medium,3,59,20,0,1,Low Value / Dormant
CUS-009941,51,103.77,5366.33,Two year,High,8,28,28,0,1,Low Value / Dormant
CUS-009942,5,40.85,210.75,One year,Medium,3,6,51,0,3,New / At-Risk
CUS-009943,13,51.01,632.11,Month-to-month,Medium,0,10,52,1,3,New / At-Risk
CUS-009944,28,80.06,2280.09,Month-to-month,Low,7,15,41,1,3,New / At-Risk
CUS-009945,62,44.47,2683.55,One year,Medium,0,88,51,0,2,Mid Value / Moderate
CUS-009946,24,96.05,2248.21,Month-to-month,Low,4,4,35,1,3,New / At-Risk
CUS-009947,7,82.99,593.75,Month-to-month,Medium,6,99,30,0,0,High Value / Loyal
CUS-009948,38,87.5,3422.4,Two year,Low,2,58,7,0,2,Mid Value / Moderate
CUS-009949,37,37.48,1369.0,Month-to-month,Medium,5,15,31,0,2,Mid Value / Moderate
CUS-009950,68,87.24,6104.59,Month-to-month,Medium,0,37,15,0,1,Low Value / Dormant
CUS-009951,42,26.43,1103.91,Two year,High,5,2,21,1,2,Mid Value / Moderate
CUS-009952,5,134.6,697.07,Month-to-month,Medium,4,47,1,0,3,New / At-Risk
CUS-009953,64,64.62,3939.35,Month-to-month,High,1,28,50,1,2,Mid Value / Moderate
CUS-009954,50,131.32,6292.71,One year,Medium,3,69,14,0,1,Low Value / Dormant
CUS-009955,15,111.22,1714.33,Month-to-month,High,6,87,39,1,0,High Value / Loyal
CUS-009956,53,119.6,6417.59,Two year,Medium,5,73,16,0,1,Low Value / Dormant
CUS-009957,25,60.89,1531.25,Month-to-month,Medium,9,71,12,1,0,High Value / Loyal
CUS-009958,9,49.61,451.55,One year,Medium,5,68,53,0,0,High Value / Loyal
CUS-009959,38,72.88,2888.43,Month-to-month,Medium,8,19,34,1,3,New / At-Risk
CUS-009960,22,23.15,517.21,Month-to-month,Medium,1,8,24,0,3,New / At-Risk
CUS-009961,49,139.44,6933.24,Month-to-month,Medium,0,31,9,0,1,Low Value / Dormant
CUS-009962,68,70.31,4905.26,Month-to-month,Medium,1,14,44,1,2,Mid Value / Moderate
CUS-009963,15,148.51,2309.36,One year,Low,2,29,10,0,3,New / At-Risk
CUS-009964,65,118.99,7550.1,One year,Low,8,9,32,1,1,Low Value / Dormant
CUS-009965,54,30.47,1664.42,Two year,Medium,9,70,13,0,2,Mid Value / Moderate
CUS-009966,30,105.82,3201.39,Month-to-month,High,8,60,33,1,0,High Value / Loyal
CUS-009967,20,55.21,1063.86,Month-to-month,Medium,4,92,21,0,0,High Value / Loyal
CUS-009968,33,51.68,1709.02,Month-to-month,High,6,45,43,0,2,Mid Value / Moderate
CUS-009969,7,53.35,357.4,Month-to-month,High,2,74,3,0,0,High Value / Loyal
CUS-009970,8,139.09,1077.66,Month-to-month,Medium,9,54,43,0,3,New / At-Risk
CUS-009971,28,85.0,2478.21,Month-to-month,Medium,1,45,25,1,3,New / At-Risk
CUS-009972,45,107.03,4633.02,Month-to-month,High,5,3,0,1,1,Low Value / Dormant
CUS-009973,11,56.52,626.66,One year,Medium,5,76,9,0,0,High Value / Loyal
CUS-009974,31,87.98,2679.36,One year,High,4,36,35,0,3,New / At-Risk
CUS-009975,12,65.51,790.5,Month-to-month,Medium,0,11,1,1,3,New / At-Risk
CUS-009976,51,61.75,3065.69,Month-to-month,Medium,9,73,28,1,2,Mid Value / Moderate
CUS-009977,44,52.11,2279.91,One year,Medium,1,6,24,0,2,Mid Value / Moderate
CUS-009978,50,73.17,3792.94,Two year,Low,6,76,22,0,2,Mid Value / Moderate
CUS-009979,17,105.8,1776.4,Month-to-month,Medium,9,41,53,0,3,New / At-Risk
CUS-009980,35,48.87,1685.16,One year,Medium,1,72,29,0,0,High Value / Loyal
CUS-009981,1,145.51,144.72,One year,Medium,4,41,59,0,3,New / At-Risk
CUS-009982,29,36.2,1007.85,One year,Low,9,77,24,0,0,High Value / Loyal
CUS-009983,51,82.43,4156.42,Two year,Medium,3,62,12,1,2,Mid Value / Moderate
CUS-009984,64,31.05,1889.43,Two year,Medium,9,9,39,1,2,Mid Value / Moderate
CUS-009985,4,22.95,91.82,Month-to-month,High,0,84,33,1,0,High Value / Loyal
CUS-009986,28,139.95,4054.89,Two year,High,4,10,34,1,3,New / At-Risk
CUS-009987,16,125.35,2016.04,One year,High,0,41,14,0,3,New / At-Risk
CUS-009988,63,110.24,7019.95,Month-to-month,Medium,2,27,38,0,1,Low Value / Dormant
CUS-009989,53,132.47,6691.57,One year,Medium,8,53,41,1,1,Low Value / Dormant
CUS-009990,17,124.37,2190.31,Two year,High,6,4,19,1,3,New / At-Risk
CUS-009991,40,104.14,4117.73,One year,Medium,1,10,42,0,3,New / At-Risk
CUS-009992,13,130.15,1772.35,Two year,Low,4,49,21,1,3,New / At-Risk
CUS-009993,52,70.8,3542.07,One year,Low,3,19,24,1,2,Mid Value / Moderate
CUS-009994,58,91.86,5564.66,Month-to-month,High,6,74,54,0,1,Low Value / Dormant
CUS-009995,37,120.92,4534.14,One year,Medium,3,50,13,0,1,Low Value / Dormant
CUS-009996,61,31.02,1807.73,One year,Medium,8,48,18,1,2,Mid Value / Moderate
CUS-009997,34,131.62,4686.31,Month-to-month,High,2,23,45,1,1,Low Value / Dormant
CUS-009998,70,40.39,2689.72,One year,Medium,5,9,21,0,2,Mid Value / Moderate
CUS-009999,17,132.39,2302.56,One year,High,4,66,22,0,0,High Value / Loyal
CUS-010000,20,60.47,1256.58,Two year,Medium,9,19,0,1,3,New / At-Risk
